{"type": "FeatureCollection", "features": [{"type": "Feature", "geometry": {"type": "Point", "coordinates": [16.595613, 49.119427]}, "properties": {"fid": 0, "den": 12, "usmrceno": 1, "druh": "sr\u00e1\u017eka s chodcem", "rok": 2015, "hmotna_sko": 12000, "cas": "0:00:00", "tezce_zran": 0, "pricina": "chodci na vyzna\u010den\u00e9m p\u0159echodu", "x": 16.595613, "y": 49.119427, "mesic": 1, "objectid": 1, "lehce_zran": 0}}, {"type": "Feature", "geometry": {"type": "Point", "coordinates": [16.56333, 49.183286]}, "properties": {"fid": 1, "den": 14, "usmrceno": 1, "druh": "sr\u00e1\u017eka s chodcem", "rok": 2015, "hmotna_sko": 41000, "cas": "0:00:00", "tezce_zran": 0, "pricina": "chodci na vyzna\u010den\u00e9m p\u0159echodu", "x": 16.56333, "y": 49.183286, "mesic": 1, "objectid": 2, "lehce_zran": 0}}, {"type": "Feature", "geometry": {"type": "Point", "coordinates": [16.757391, 49.104617]}, "properties": {"fid": 5, "den": 16, "usmrceno": 0, "druh": "sr\u00e1\u017eka s chodcem", "rok": 2015, "hmotna_sko": 0, "cas": "0:00:00", "tezce_zran": 1, "pricina": "\u0159idi\u010d se pln\u011b nev\u011bnoval \u0159\u00edzen\u00ed vozidla", "x": 16.757391, "y": 49.104617, "mesic": 1, "objectid": 6, "lehce_zran": 0}}, {"type": "Feature", "geometry": {"type": "Point", "coordinates": [16.593486, 49.206006]}, "properties": {"fid": 6, "den": 13, "usmrceno": 0, "druh": "sr\u00e1\u017eka s chodcem", "rok": 2015, "hmotna_sko": 500, "cas": "0:00:00", "tezce_zran": 1, "pricina": "chodci na vyzna\u010den\u00e9m p\u0159echodu", "x": 16.593486, "y": 49.206006, "mesic": 1, "objectid": 7, "lehce_zran": 0}}, {"type": "Feature", "geometry": {"type": "Point", "coordinates": [16.625607, 49.19137]}, "properties": {"fid": 7, "den": 17, "usmrceno": 0, "druh": "sr\u00e1\u017eka s chodcem", "rok": 2015, "hmotna_sko": 0, "cas": "0:00:00", "tezce_zran": 1, "pricina": "nezavin\u011bn\u00e1 \u0159idi\u010dem", "x": 16.625607, "y": 49.19137, "mesic": 1, "objectid": 8, "lehce_zran": 0}}, {"type": "Feature", "geometry": {"type": "Point", "coordinates": [16.626648, 49.169072]}, "properties": {"fid": 9, "den": 9, "usmrceno": 0, "druh": "sr\u00e1\u017eka s chodcem", "rok": 2015, "hmotna_sko": 20000, "cas": "0:00:00", "tezce_zran": 0, "pricina": "chodci na vyzna\u010den\u00e9m p\u0159echodu", "x": 16.626648, "y": 49.169072, "mesic": 1, "objectid": 10, "lehce_zran": 2}}, {"type": "Feature", "geometry": {"type": "Point", "coordinates": [16.676926, 49.203136]}, "properties": {"fid": 10, "den": 5, "usmrceno": 0, "druh": "sr\u00e1\u017eka s jedouc\u00edm nekolejov\u00fdm vozidlem", "rok": 2015, "hmotna_sko": 90000, "cas": "0:00:00", "tezce_zran": 0, "pricina": "proti p\u0159\u00edkazu dopravn\u00ed zna\u010dky dej p\u0159ednost", "x": 16.676926, "y": 49.203136, "mesic": 1, "objectid": 11, "lehce_zran": 2}}, {"type": "Feature", "geometry": {"type": "Point", "coordinates": [16.564239, 49.174189]}, "properties": {"fid": 14, "den": 1, "usmrceno": 0, "druh": "sr\u00e1\u017eka s jedouc\u00edm nekolejov\u00fdm vozidlem", "rok": 2015, "hmotna_sko": 60000, "cas": "0:00:00", "tezce_zran": 0, "pricina": "p\u0159i odbo\u010dov\u00e1n\u00ed vlevo", "x": 16.564239, "y": 49.174189, "mesic": 1, "objectid": 15, "lehce_zran": 1}}, {"type": "Feature", "geometry": {"type": "Point", "coordinates": [16.604284, 49.089141]}, "properties": {"fid": 16, "den": 12, "usmrceno": 0, "druh": "sr\u00e1\u017eka s chodcem", "rok": 2015, "hmotna_sko": 0, "cas": "0:00:00", "tezce_zran": 0, "pricina": "chodci na vyzna\u010den\u00e9m p\u0159echodu", "x": 16.604284, "y": 49.089141, "mesic": 1, "objectid": 17, "lehce_zran": 1}}, {"type": "Feature", "geometry": {"type": "Point", "coordinates": [16.442492, 49.206825]}, "properties": {"fid": 17, "den": 19, "usmrceno": 0, "druh": "sr\u00e1\u017eka s pevnou p\u0159ek\u00e1\u017ekou", "rok": 2015, "hmotna_sko": 110000, "cas": "0:00:00", "tezce_zran": 0, "pricina": "\u0159idi\u010d se pln\u011b nev\u011bnoval \u0159\u00edzen\u00ed vozidla", "x": 16.442492, "y": 49.206825, "mesic": 1, "objectid": 18, "lehce_zran": 1}}, {"type": "Feature", "geometry": {"type": "Point", "coordinates": [16.743909, 49.296986]}, "properties": {"fid": 18, "den": 17, "usmrceno": 0, "druh": "sr\u00e1\u017eka s chodcem", "rok": 2015, "hmotna_sko": 20000, "cas": "0:00:00", "tezce_zran": 0, "pricina": "chodci na vyzna\u010den\u00e9m p\u0159echodu", "x": 16.743909, "y": 49.296986, "mesic": 1, "objectid": 19, "lehce_zran": 1}}, {"type": "Feature", "geometry": {"type": "Point", "coordinates": [16.545632, 49.178847]}, "properties": {"fid": 19, "den": 24, "usmrceno": 0, "druh": "nehoda", "rok": 2015, "hmotna_sko": 10000, "cas": "0:00:00", "tezce_zran": 0, "pricina": "nep\u0159izp\u016fsoben\u00ed rychlosti dopravn\u011b technick\u00e9mu stavu vozovky (zat\u00e1\u010dka, kles\u00e1n\u00ed, stoup\u00e1n\u00ed, \u0161\u00ed\u0159ka vozovky apod.)", "x": 16.545632, "y": 49.178847, "mesic": 1, "objectid": 20, "lehce_zran": 1}}, {"type": "Feature", "geometry": {"type": "Point", "coordinates": [16.580839, 49.170246]}, "properties": {"fid": 20, "den": 23, "usmrceno": 0, "druh": "sr\u00e1\u017eka s chodcem", "rok": 2015, "hmotna_sko": 5000, "cas": "0:00:00", "tezce_zran": 0, "pricina": "\u0159idi\u010d se pln\u011b nev\u011bnoval \u0159\u00edzen\u00ed vozidla", "x": 16.580839, "y": 49.170246, "mesic": 1, "objectid": 21, "lehce_zran": 1}}, {"type": "Feature", "geometry": {"type": "Point", "coordinates": [16.650503, 49.195608]}, "properties": {"fid": 21, "den": 23, "usmrceno": 0, "druh": "sr\u00e1\u017eka s jedouc\u00edm nekolejov\u00fdm vozidlem", "rok": 2015, "hmotna_sko": 170000, "cas": "0:00:00", "tezce_zran": 0, "pricina": "j\u00edzda na \"\u010dervenou\" 3-barevn\u00e9ho semaforu", "x": 16.650503, "y": 49.195608, "mesic": 1, "objectid": 22, "lehce_zran": 1}}, {"type": "Feature", "geometry": {"type": "Point", "coordinates": [16.61155, 49.191051]}, "properties": {"fid": 22, "den": 6, "usmrceno": 0, "druh": "sr\u00e1\u017eka s chodcem", "rok": 2015, "hmotna_sko": 1000, "cas": "0:00:00", "tezce_zran": 0, "pricina": "nezavin\u011bn\u00e1 \u0159idi\u010dem", "x": 16.61155, "y": 49.191051, "mesic": 1, "objectid": 23, "lehce_zran": 1}}, {"type": "Feature", "geometry": {"type": "Point", "coordinates": [16.633795, 49.136197]}, "properties": {"fid": 23, "den": 16, "usmrceno": 0, "druh": "sr\u00e1\u017eka s chodcem", "rok": 2015, "hmotna_sko": 0, "cas": "0:00:00", "tezce_zran": 0, "pricina": "\u0159idi\u010d se pln\u011b nev\u011bnoval \u0159\u00edzen\u00ed vozidla", "x": 16.633795, "y": 49.136197, "mesic": 1, "objectid": 24, "lehce_zran": 1}}, {"type": "Feature", "geometry": {"type": "Point", "coordinates": [16.673328, 49.138753]}, "properties": {"fid": 25, "den": 26, "usmrceno": 0, "druh": "sr\u00e1\u017eka s jedouc\u00edm nekolejov\u00fdm vozidlem", "rok": 2015, "hmotna_sko": 200000, "cas": "0:00:00", "tezce_zran": 0, "pricina": "proti p\u0159\u00edkazu dopravn\u00ed zna\u010dky dej p\u0159ednost", "x": 16.673328, "y": 49.138753, "mesic": 1, "objectid": 26, "lehce_zran": 4}}, {"type": "Feature", "geometry": {"type": "Point", "coordinates": [16.676653, 49.166886]}, "properties": {"fid": 28, "den": 14, "usmrceno": 0, "druh": "sr\u00e1\u017eka s jedouc\u00edm nekolejov\u00fdm vozidlem", "rok": 2015, "hmotna_sko": 110000, "cas": "0:00:00", "tezce_zran": 0, "pricina": "proti p\u0159\u00edkazu dopravn\u00ed zna\u010dky dej p\u0159ednost", "x": 16.676653, "y": 49.166886, "mesic": 1, "objectid": 29, "lehce_zran": 1}}, {"type": "Feature", "geometry": {"type": "Point", "coordinates": [16.573139, 49.218065]}, "properties": {"fid": 29, "den": 10, "usmrceno": 0, "druh": "sr\u00e1\u017eka s jedouc\u00edm nekolejov\u00fdm vozidlem", "rok": 2015, "hmotna_sko": 42000, "cas": "0:00:00", "tezce_zran": 0, "pricina": "\u0159idi\u010d se pln\u011b nev\u011bnoval \u0159\u00edzen\u00ed vozidla", "x": 16.573139, "y": 49.218065, "mesic": 1, "objectid": 30, "lehce_zran": 1}}, {"type": "Feature", "geometry": {"type": "Point", "coordinates": [16.571569, 49.173212]}, "properties": {"fid": 31, "den": 31, "usmrceno": 0, "druh": "sr\u00e1\u017eka s pevnou p\u0159ek\u00e1\u017ekou", "rok": 2015, "hmotna_sko": 100000, "cas": "0:00:00", "tezce_zran": 0, "pricina": "nep\u0159izp\u016fsoben\u00ed rychlosti dopravn\u011b technick\u00e9mu stavu vozovky (zat\u00e1\u010dka, kles\u00e1n\u00ed, stoup\u00e1n\u00ed, \u0161\u00ed\u0159ka vozovky apod.)", "x": 16.571569, "y": 49.173212, "mesic": 1, "objectid": 32, "lehce_zran": 2}}, {"type": "Feature", "geometry": {"type": "Point", "coordinates": [16.509291, 49.218371]}, "properties": {"fid": 34, "den": 17, "usmrceno": 0, "druh": "sr\u00e1\u017eka s chodcem", "rok": 2015, "hmotna_sko": 0, "cas": "0:00:00", "tezce_zran": 0, "pricina": "chodci na vyzna\u010den\u00e9m p\u0159echodu", "x": 16.509291, "y": 49.218371, "mesic": 1, "objectid": 35, "lehce_zran": 1}}, {"type": "Feature", "geometry": {"type": "Point", "coordinates": [16.756419, 49.183956]}, "properties": {"fid": 35, "den": 25, "usmrceno": 0, "druh": "nehoda", "rok": 2015, "hmotna_sko": 80000, "cas": "0:00:00", "tezce_zran": 0, "pricina": "nep\u0159izp\u016fsoben\u00ed rychlosti stavu vozovky (n\u00e1led\u00ed, v\u00fdtluky, bl\u00e1to, mokr\u00fd povrch apod.)", "x": 16.756419, "y": 49.183956, "mesic": 1, "objectid": 36, "lehce_zran": 1}}, {"type": "Feature", "geometry": {"type": "Point", "coordinates": [16.487441, 49.107454]}, "properties": {"fid": 36, "den": 23, "usmrceno": 0, "druh": "sr\u00e1\u017eka s jedouc\u00edm nekolejov\u00fdm vozidlem", "rok": 2015, "hmotna_sko": 45000, "cas": "0:00:00", "tezce_zran": 0, "pricina": "p\u0159i p\u0159edj\u00ed\u017ed\u011bn\u00ed do\u0161lo k ohro\u017een\u00ed protijedouc\u00edho \u0159idi\u010de vozidla (\u0161patn\u00fd odhad vzd\u00e1lenosti pot\u0159ebn\u00e9 k p\u0159edjet\u00ed apod.)", "x": 16.487441, "y": 49.107454, "mesic": 1, "objectid": 37, "lehce_zran": 1}}, {"type": "Feature", "geometry": {"type": "Point", "coordinates": [16.63906, 49.135303]}, "properties": {"fid": 38, "den": 18, "usmrceno": 0, "druh": "sr\u00e1\u017eka s jedouc\u00edm nekolejov\u00fdm vozidlem", "rok": 2015, "hmotna_sko": 60000, "cas": "0:00:00", "tezce_zran": 0, "pricina": "\u0159idi\u010d se pln\u011b nev\u011bnoval \u0159\u00edzen\u00ed vozidla", "x": 16.63906, "y": 49.135303, "mesic": 1, "objectid": 39, "lehce_zran": 1}}, {"type": "Feature", "geometry": {"type": "Point", "coordinates": [16.549777, 49.165996]}, "properties": {"fid": 39, "den": 7, "usmrceno": 0, "druh": "sr\u00e1\u017eka s jedouc\u00edm nekolejov\u00fdm vozidlem", "rok": 2015, "hmotna_sko": 110000, "cas": "0:00:00", "tezce_zran": 0, "pricina": "nep\u0159izp\u016fsoben\u00ed rychlosti vlastnostem vozidla a n\u00e1kladu", "x": 16.549777, "y": 49.165996, "mesic": 1, "objectid": 40, "lehce_zran": 1}}, {"type": "Feature", "geometry": {"type": "Point", "coordinates": [16.580839, 49.170246]}, "properties": {"fid": 41, "den": 22, "usmrceno": 0, "druh": "sr\u00e1\u017eka s chodcem", "rok": 2015, "hmotna_sko": 5000, "cas": "0:00:00", "tezce_zran": 0, "pricina": "chodci na vyzna\u010den\u00e9m p\u0159echodu", "x": 16.580839, "y": 49.170246, "mesic": 1, "objectid": 42, "lehce_zran": 1}}, {"type": "Feature", "geometry": {"type": "Point", "coordinates": [16.619849, 49.182371]}, "properties": {"fid": 42, "den": 9, "usmrceno": 0, "druh": "sr\u00e1\u017eka s jedouc\u00edm nekolejov\u00fdm vozidlem", "rok": 2015, "hmotna_sko": 170000, "cas": "0:00:00", "tezce_zran": 0, "pricina": "nep\u0159izp\u016fsoben\u00ed rychlosti intenzit\u011b (hustot\u011b) provozu", "x": 16.619849, "y": 49.182371, "mesic": 1, "objectid": 43, "lehce_zran": 1}}, {"type": "Feature", "geometry": {"type": "Point", "coordinates": [16.62595, 49.200004]}, "properties": {"fid": 43, "den": 14, "usmrceno": 0, "druh": "sr\u00e1\u017eka s chodcem", "rok": 2015, "hmotna_sko": 0, "cas": "0:00:00", "tezce_zran": 0, "pricina": "nezavin\u011bn\u00e1 \u0159idi\u010dem", "x": 16.62595, "y": 49.200004, "mesic": 1, "objectid": 44, "lehce_zran": 1}}, {"type": "Feature", "geometry": {"type": "Point", "coordinates": [16.628167, 49.218059]}, "properties": {"fid": 44, "den": 14, "usmrceno": 0, "druh": "sr\u00e1\u017eka s chodcem", "rok": 2015, "hmotna_sko": 0, "cas": "0:00:00", "tezce_zran": 0, "pricina": "chodci na vyzna\u010den\u00e9m p\u0159echodu", "x": 16.628167, "y": 49.218059, "mesic": 1, "objectid": 45, "lehce_zran": 2}}, {"type": "Feature", "geometry": {"type": "Point", "coordinates": [16.691752, 49.180985]}, "properties": {"fid": 45, "den": 19, "usmrceno": 0, "druh": "sr\u00e1\u017eka s chodcem", "rok": 2015, "hmotna_sko": 5000, "cas": "0:00:00", "tezce_zran": 0, "pricina": "\u0159idi\u010d se pln\u011b nev\u011bnoval \u0159\u00edzen\u00ed vozidla", "x": 16.691752, "y": 49.180985, "mesic": 1, "objectid": 46, "lehce_zran": 1}}, {"type": "Feature", "geometry": {"type": "Point", "coordinates": [16.51562, 49.293882]}, "properties": {"fid": 47, "den": 2, "usmrceno": 0, "druh": "nehoda", "rok": 2015, "hmotna_sko": 200000, "cas": "0:00:00", "tezce_zran": 0, "pricina": "nep\u0159izp\u016fsoben\u00ed rychlosti stavu vozovky (n\u00e1led\u00ed, v\u00fdtluky, bl\u00e1to, mokr\u00fd povrch apod.)", "x": 16.51562, "y": 49.293882, "mesic": 1, "objectid": 48, "lehce_zran": 1}}, {"type": "Feature", "geometry": {"type": "Point", "coordinates": [16.61462, 49.19063]}, "properties": {"fid": 49, "den": 15, "usmrceno": 0, "druh": "sr\u00e1\u017eka s tramvaj\u00ed", "rok": 2015, "hmotna_sko": 80000, "cas": "0:00:00", "tezce_zran": 0, "pricina": "p\u0159i odbo\u010dov\u00e1n\u00ed vlevo soub\u011b\u017en\u011b jedouc\u00edmu vozidlu", "x": 16.61462, "y": 49.19063, "mesic": 1, "objectid": 50, "lehce_zran": 1}}, {"type": "Feature", "geometry": {"type": "Point", "coordinates": [16.611114, 49.188717]}, "properties": {"fid": 50, "den": 15, "usmrceno": 0, "druh": "sr\u00e1\u017eka s jedouc\u00edm nekolejov\u00fdm vozidlem", "rok": 2015, "hmotna_sko": 100000, "cas": "0:00:00", "tezce_zran": 0, "pricina": "p\u0159i odbo\u010dov\u00e1n\u00ed vlevo", "x": 16.611114, "y": 49.188717, "mesic": 1, "objectid": 51, "lehce_zran": 1}}, {"type": "Feature", "geometry": {"type": "Point", "coordinates": [16.664354, 49.151387]}, "properties": {"fid": 51, "den": 2, "usmrceno": 0, "druh": "sr\u00e1\u017eka s chodcem", "rok": 2015, "hmotna_sko": 0, "cas": "0:00:00", "tezce_zran": 0, "pricina": "chodci na vyzna\u010den\u00e9m p\u0159echodu", "x": 16.664354, "y": 49.151387, "mesic": 1, "objectid": 52, "lehce_zran": 1}}, {"type": "Feature", "geometry": {"type": "Point", "coordinates": [16.633759, 49.143243]}, "properties": {"fid": 52, "den": 30, "usmrceno": 0, "druh": "sr\u00e1\u017eka s jedouc\u00edm nekolejov\u00fdm vozidlem", "rok": 2015, "hmotna_sko": 80000, "cas": "0:00:00", "tezce_zran": 0, "pricina": "nedodr\u017een\u00ed bezpe\u010dn\u00e9 vzd\u00e1lenosti za vozidlem", "x": 16.633759, "y": 49.143243, "mesic": 1, "objectid": 53, "lehce_zran": 1}}, {"type": "Feature", "geometry": {"type": "Point", "coordinates": [16.609321, 49.190046]}, "properties": {"fid": 53, "den": 19, "usmrceno": 0, "druh": "sr\u00e1\u017eka s chodcem", "rok": 2015, "hmotna_sko": 0, "cas": "0:00:00", "tezce_zran": 0, "pricina": "nezavin\u011bn\u00e1 \u0159idi\u010dem", "x": 16.609321, "y": 49.190046, "mesic": 1, "objectid": 54, "lehce_zran": 1}}, {"type": "Feature", "geometry": {"type": "Point", "coordinates": [16.627246, 49.233517]}, "properties": {"fid": 54, "den": 9, "usmrceno": 0, "druh": "sr\u00e1\u017eka s chodcem", "rok": 2015, "hmotna_sko": 1000, "cas": "0:00:00", "tezce_zran": 0, "pricina": "nezavin\u011bn\u00e1 \u0159idi\u010dem", "x": 16.627246, "y": 49.233517, "mesic": 1, "objectid": 55, "lehce_zran": 1}}, {"type": "Feature", "geometry": {"type": "Point", "coordinates": [16.524292, 49.254052]}, "properties": {"fid": 55, "den": 14, "usmrceno": 0, "druh": "sr\u00e1\u017eka s jedouc\u00edm nekolejov\u00fdm vozidlem", "rok": 2015, "hmotna_sko": 200000, "cas": "0:00:00", "tezce_zran": 0, "pricina": "nedodr\u017een\u00ed bezpe\u010dn\u00e9 vzd\u00e1lenosti za vozidlem", "x": 16.524292, "y": 49.254052, "mesic": 1, "objectid": 56, "lehce_zran": 1}}, {"type": "Feature", "geometry": {"type": "Point", "coordinates": [16.574818, 49.260493]}, "properties": {"fid": 56, "den": 21, "usmrceno": 0, "druh": "sr\u00e1\u017eka s jedouc\u00edm nekolejov\u00fdm vozidlem", "rok": 2015, "hmotna_sko": 210000, "cas": "0:00:00", "tezce_zran": 0, "pricina": "\u0159idi\u010d se pln\u011b nev\u011bnoval \u0159\u00edzen\u00ed vozidla", "x": 16.574818, "y": 49.260493, "mesic": 1, "objectid": 57, "lehce_zran": 2}}, {"type": "Feature", "geometry": {"type": "Point", "coordinates": [16.744411, 49.18323]}, "properties": {"fid": 57, "den": 23, "usmrceno": 0, "druh": "sr\u00e1\u017eka s jedouc\u00edm nekolejov\u00fdm vozidlem", "rok": 2015, "hmotna_sko": 250000, "cas": "0:00:00", "tezce_zran": 0, "pricina": "proti p\u0159\u00edkazu dopravn\u00ed zna\u010dky dej p\u0159ednost", "x": 16.744411, "y": 49.18323, "mesic": 1, "objectid": 58, "lehce_zran": 1}}, {"type": "Feature", "geometry": {"type": "Point", "coordinates": [16.527153, 49.258611]}, "properties": {"fid": 58, "den": 27, "usmrceno": 0, "druh": "sr\u00e1\u017eka s jedouc\u00edm nekolejov\u00fdm vozidlem", "rok": 2015, "hmotna_sko": 165000, "cas": "0:00:00", "tezce_zran": 0, "pricina": "nep\u0159izp\u016fsoben\u00ed rychlosti stavu vozovky (n\u00e1led\u00ed, v\u00fdtluky, bl\u00e1to, mokr\u00fd povrch apod.)", "x": 16.527153, "y": 49.258611, "mesic": 1, "objectid": 59, "lehce_zran": 1}}, {"type": "Feature", "geometry": {"type": "Point", "coordinates": [16.602414, 49.207576]}, "properties": {"fid": 59, "den": 24, "usmrceno": 0, "druh": "sr\u00e1\u017eka s chodcem", "rok": 2015, "hmotna_sko": 10000, "cas": "0:00:00", "tezce_zran": 0, "pricina": "nezavin\u011bn\u00e1 \u0159idi\u010dem", "x": 16.602414, "y": 49.207576, "mesic": 1, "objectid": 60, "lehce_zran": 1}}, {"type": "Feature", "geometry": {"type": "Point", "coordinates": [16.611683, 49.191037]}, "properties": {"fid": 60, "den": 13, "usmrceno": 0, "druh": "sr\u00e1\u017eka s chodcem", "rok": 2015, "hmotna_sko": 0, "cas": "0:00:00", "tezce_zran": 0, "pricina": "jin\u00e9 ned\u00e1n\u00ed p\u0159ednosti", "x": 16.611683, "y": 49.191037, "mesic": 1, "objectid": 61, "lehce_zran": 1}}, {"type": "Feature", "geometry": {"type": "Point", "coordinates": [16.60383, 49.129946]}, "properties": {"fid": 61, "den": 15, "usmrceno": 0, "druh": "sr\u00e1\u017eka s jedouc\u00edm nekolejov\u00fdm vozidlem", "rok": 2015, "hmotna_sko": 600000, "cas": "0:00:00", "tezce_zran": 0, "pricina": "nedodr\u017een\u00ed bezpe\u010dn\u00e9 vzd\u00e1lenosti za vozidlem", "x": 16.60383, "y": 49.129946, "mesic": 1, "objectid": 62, "lehce_zran": 1}}, {"type": "Feature", "geometry": {"type": "Point", "coordinates": [16.616612, 49.194765]}, "properties": {"fid": 62, "den": 2, "usmrceno": 0, "druh": "sr\u00e1\u017eka s vozidlem zaparkovan\u00fdm, odstaven\u00fdm", "rok": 2015, "hmotna_sko": 260000, "cas": "0:00:00", "tezce_zran": 0, "pricina": "vyh\u00fdb\u00e1n\u00ed bez dostate\u010dn\u00e9ho bo\u010dn\u00edho odstupu (v\u016fle)", "x": 16.616612, "y": 49.194765, "mesic": 1, "objectid": 63, "lehce_zran": 1}}, {"type": "Feature", "geometry": {"type": "Point", "coordinates": [16.618894, 49.199355]}, "properties": {"fid": 63, "den": 3, "usmrceno": 0, "druh": "sr\u00e1\u017eka s chodcem", "rok": 2015, "hmotna_sko": 0, "cas": "0:00:00", "tezce_zran": 0, "pricina": "nezavin\u011bn\u00e1 \u0159idi\u010dem", "x": 16.618894, "y": 49.199355, "mesic": 1, "objectid": 64, "lehce_zran": 1}}, {"type": "Feature", "geometry": {"type": "Point", "coordinates": [16.622968, 49.177348]}, "properties": {"fid": 64, "den": 7, "usmrceno": 0, "druh": "sr\u00e1\u017eka s chodcem", "rok": 2015, "hmotna_sko": 1000, "cas": "0:00:00", "tezce_zran": 0, "pricina": "nespr\u00e1vn\u00e9 ot\u00e1\u010den\u00ed nebo couv\u00e1n\u00ed", "x": 16.622968, "y": 49.177348, "mesic": 1, "objectid": 65, "lehce_zran": 1}}, {"type": "Feature", "geometry": {"type": "Point", "coordinates": [16.632402, 49.163933]}, "properties": {"fid": 65, "den": 1, "usmrceno": 0, "druh": "sr\u00e1\u017eka s pevnou p\u0159ek\u00e1\u017ekou", "rok": 2015, "hmotna_sko": 81000, "cas": "0:00:00", "tezce_zran": 0, "pricina": "nep\u0159izp\u016fsoben\u00ed rychlosti stavu vozovky (n\u00e1led\u00ed, v\u00fdtluky, bl\u00e1to, mokr\u00fd povrch apod.)", "x": 16.632402, "y": 49.163933, "mesic": 1, "objectid": 66, "lehce_zran": 1}}, {"type": "Feature", "geometry": {"type": "Point", "coordinates": [16.493326, 49.220103]}, "properties": {"fid": 67, "den": 6, "usmrceno": 0, "druh": "nehoda", "rok": 2015, "hmotna_sko": 50000, "cas": "0:00:00", "tezce_zran": 0, "pricina": "nep\u0159izp\u016fsoben\u00ed rychlosti stavu vozovky (n\u00e1led\u00ed, v\u00fdtluky, bl\u00e1to, mokr\u00fd povrch apod.)", "x": 16.493326, "y": 49.220103, "mesic": 1, "objectid": 68, "lehce_zran": 1}}, {"type": "Feature", "geometry": {"type": "Point", "coordinates": [16.600646, 49.162727]}, "properties": {"fid": 68, "den": 10, "usmrceno": 0, "druh": "sr\u00e1\u017eka s chodcem", "rok": 2015, "hmotna_sko": 20000, "cas": "0:00:00", "tezce_zran": 0, "pricina": "chodci na vyzna\u010den\u00e9m p\u0159echodu", "x": 16.600646, "y": 49.162727, "mesic": 1, "objectid": 69, "lehce_zran": 1}}, {"type": "Feature", "geometry": {"type": "Point", "coordinates": [16.646547, 49.195256]}, "properties": {"fid": 69, "den": 11, "usmrceno": 0, "druh": "sr\u00e1\u017eka s jedouc\u00edm nekolejov\u00fdm vozidlem", "rok": 2015, "hmotna_sko": 90000, "cas": "0:00:00", "tezce_zran": 0, "pricina": "proti p\u0159\u00edkazu dopravn\u00ed zna\u010dky dej p\u0159ednost", "x": 16.646547, "y": 49.195256, "mesic": 1, "objectid": 70, "lehce_zran": 2}}, {"type": "Feature", "geometry": {"type": "Point", "coordinates": [16.576604, 49.173656]}, "properties": {"fid": 70, "den": 12, "usmrceno": 0, "druh": "sr\u00e1\u017eka s chodcem", "rok": 2015, "hmotna_sko": 0, "cas": "0:00:00", "tezce_zran": 0, "pricina": "chodci na vyzna\u010den\u00e9m p\u0159echodu", "x": 16.576604, "y": 49.173656, "mesic": 1, "objectid": 71, "lehce_zran": 1}}, {"type": "Feature", "geometry": {"type": "Point", "coordinates": [16.622175, 49.174189]}, "properties": {"fid": 74, "den": 31, "usmrceno": 0, "druh": "sr\u00e1\u017eka s chodcem", "rok": 2015, "hmotna_sko": 0, "cas": "0:00:00", "tezce_zran": 0, "pricina": "\u0159idi\u010d se pln\u011b nev\u011bnoval \u0159\u00edzen\u00ed vozidla", "x": 16.622175, "y": 49.174189, "mesic": 1, "objectid": 75, "lehce_zran": 1}}, {"type": "Feature", "geometry": {"type": "Point", "coordinates": [16.617306, 49.186954]}, "properties": {"fid": 75, "den": 29, "usmrceno": 0, "druh": "sr\u00e1\u017eka s jedouc\u00edm nekolejov\u00fdm vozidlem", "rok": 2015, "hmotna_sko": 5000, "cas": "0:00:00", "tezce_zran": 0, "pricina": "\u0159idi\u010d se pln\u011b nev\u011bnoval \u0159\u00edzen\u00ed vozidla", "x": 16.617306, "y": 49.186954, "mesic": 1, "objectid": 76, "lehce_zran": 0}}, {"type": "Feature", "geometry": {"type": "Point", "coordinates": [16.591973, 49.224751]}, "properties": {"fid": 78, "den": 9, "usmrceno": 0, "druh": "sr\u00e1\u017eka s vozidlem zaparkovan\u00fdm, odstaven\u00fdm", "rok": 2015, "hmotna_sko": 5000, "cas": "0:00:00", "tezce_zran": 0, "pricina": "\u0159idi\u010d se pln\u011b nev\u011bnoval \u0159\u00edzen\u00ed vozidla", "x": 16.591973, "y": 49.224751, "mesic": 1, "objectid": 79, "lehce_zran": 0}}, {"type": "Feature", "geometry": {"type": "Point", "coordinates": [16.599117, 49.028473]}, "properties": {"fid": 79, "den": 9, "usmrceno": 0, "druh": "sr\u00e1\u017eka s pevnou p\u0159ek\u00e1\u017ekou", "rok": 2015, "hmotna_sko": 45000, "cas": "0:00:00", "tezce_zran": 0, "pricina": "nep\u0159izp\u016fsoben\u00ed rychlosti stavu vozovky (n\u00e1led\u00ed, v\u00fdtluky, bl\u00e1to, mokr\u00fd povrch apod.)", "x": 16.599117, "y": 49.028473, "mesic": 1, "objectid": 80, "lehce_zran": 0}}, {"type": "Feature", "geometry": {"type": "Point", "coordinates": [16.551762, 49.17877]}, "properties": {"fid": 80, "den": 27, "usmrceno": 0, "druh": "sr\u00e1\u017eka s vozidlem zaparkovan\u00fdm, odstaven\u00fdm", "rok": 2015, "hmotna_sko": 15000, "cas": "0:00:00", "tezce_zran": 0, "pricina": "\u0159idi\u010d se pln\u011b nev\u011bnoval \u0159\u00edzen\u00ed vozidla", "x": 16.551762, "y": 49.17877, "mesic": 1, "objectid": 81, "lehce_zran": 0}}, {"type": "Feature", "geometry": {"type": "Point", "coordinates": [16.785096, 49.080064]}, "properties": {"fid": 82, "den": 16, "usmrceno": 0, "druh": "sr\u00e1\u017eka s lesn\u00ed zv\u011b\u0159\u00ed", "rok": 2015, "hmotna_sko": 25000, "cas": "0:00:00", "tezce_zran": 0, "pricina": "nezavin\u011bn\u00e1 \u0159idi\u010dem", "x": 16.785096, "y": 49.080064, "mesic": 1, "objectid": 83, "lehce_zran": 0}}, {"type": "Feature", "geometry": {"type": "Point", "coordinates": [16.629917, 49.228371]}, "properties": {"fid": 83, "den": 31, "usmrceno": 0, "druh": "sr\u00e1\u017eka s vozidlem zaparkovan\u00fdm, odstaven\u00fdm", "rok": 2015, "hmotna_sko": 20000, "cas": "0:00:00", "tezce_zran": 0, "pricina": "\u0159idi\u010d se pln\u011b nev\u011bnoval \u0159\u00edzen\u00ed vozidla", "x": 16.629917, "y": 49.228371, "mesic": 1, "objectid": 84, "lehce_zran": 0}}, {"type": "Feature", "geometry": {"type": "Point", "coordinates": [16.724583, 49.113826]}, "properties": {"fid": 84, "den": 19, "usmrceno": 0, "druh": "sr\u00e1\u017eka s jedouc\u00edm nekolejov\u00fdm vozidlem", "rok": 2015, "hmotna_sko": 130000, "cas": "0:00:00", "tezce_zran": 0, "pricina": "proti p\u0159\u00edkazu dopravn\u00ed zna\u010dky dej p\u0159ednost", "x": 16.724583, "y": 49.113826, "mesic": 1, "objectid": 85, "lehce_zran": 0}}, {"type": "Feature", "geometry": {"type": "Point", "coordinates": [16.615749, 49.186624]}, "properties": {"fid": 85, "den": 13, "usmrceno": 0, "druh": "sr\u00e1\u017eka s pevnou p\u0159ek\u00e1\u017ekou", "rok": 2015, "hmotna_sko": 20000, "cas": "0:00:00", "tezce_zran": 0, "pricina": "\u0159idi\u010d se pln\u011b nev\u011bnoval \u0159\u00edzen\u00ed vozidla", "x": 16.615749, "y": 49.186624, "mesic": 1, "objectid": 86, "lehce_zran": 0}}, {"type": "Feature", "geometry": {"type": "Point", "coordinates": [16.613322, 49.220259]}, "properties": {"fid": 86, "den": 20, "usmrceno": 0, "druh": "sr\u00e1\u017eka s jedouc\u00edm nekolejov\u00fdm vozidlem", "rok": 2015, "hmotna_sko": 221000, "cas": "0:00:00", "tezce_zran": 0, "pricina": "nedodr\u017een\u00ed bezpe\u010dn\u00e9 vzd\u00e1lenosti za vozidlem", "x": 16.613322, "y": 49.220259, "mesic": 1, "objectid": 87, "lehce_zran": 0}}, {"type": "Feature", "geometry": {"type": "Point", "coordinates": [16.566832, 49.242067]}, "properties": {"fid": 87, "den": 16, "usmrceno": 0, "druh": "sr\u00e1\u017eka s pevnou p\u0159ek\u00e1\u017ekou", "rok": 2015, "hmotna_sko": 40000, "cas": "0:00:00", "tezce_zran": 0, "pricina": "\u0159idi\u010d se pln\u011b nev\u011bnoval \u0159\u00edzen\u00ed vozidla", "x": 16.566832, "y": 49.242067, "mesic": 1, "objectid": 88, "lehce_zran": 0}}, {"type": "Feature", "geometry": {"type": "Point", "coordinates": [16.638296, 49.203431]}, "properties": {"fid": 88, "den": 25, "usmrceno": 0, "druh": "sr\u00e1\u017eka s pevnou p\u0159ek\u00e1\u017ekou", "rok": 2015, "hmotna_sko": 71000, "cas": "0:00:00", "tezce_zran": 0, "pricina": "nep\u0159izp\u016fsoben\u00ed rychlosti stavu vozovky (n\u00e1led\u00ed, v\u00fdtluky, bl\u00e1to, mokr\u00fd povrch apod.)", "x": 16.638296, "y": 49.203431, "mesic": 1, "objectid": 89, "lehce_zran": 0}}, {"type": "Feature", "geometry": {"type": "Point", "coordinates": [16.579361, 49.212205]}, "properties": {"fid": 89, "den": 22, "usmrceno": 0, "druh": "sr\u00e1\u017eka s vozidlem zaparkovan\u00fdm, odstaven\u00fdm", "rok": 2015, "hmotna_sko": 71000, "cas": "0:00:00", "tezce_zran": 0, "pricina": "\u0159idi\u010d se pln\u011b nev\u011bnoval \u0159\u00edzen\u00ed vozidla", "x": 16.579361, "y": 49.212205, "mesic": 1, "objectid": 90, "lehce_zran": 0}}, {"type": "Feature", "geometry": {"type": "Point", "coordinates": [16.614518, 49.222034]}, "properties": {"fid": 90, "den": 22, "usmrceno": 0, "druh": "sr\u00e1\u017eka s pevnou p\u0159ek\u00e1\u017ekou", "rok": 2015, "hmotna_sko": 51000, "cas": "0:00:00", "tezce_zran": 0, "pricina": "\u0159idi\u010d se pln\u011b nev\u011bnoval \u0159\u00edzen\u00ed vozidla", "x": 16.614518, "y": 49.222034, "mesic": 1, "objectid": 91, "lehce_zran": 0}}, {"type": "Feature", "geometry": {"type": "Point", "coordinates": [16.699808, 49.174063]}, "properties": {"fid": 93, "den": 1, "usmrceno": 0, "druh": "sr\u00e1\u017eka s vozidlem zaparkovan\u00fdm, odstaven\u00fdm", "rok": 2015, "hmotna_sko": 10000, "cas": "0:00:00", "tezce_zran": 0, "pricina": "\u0159idi\u010d se pln\u011b nev\u011bnoval \u0159\u00edzen\u00ed vozidla", "x": 16.699808, "y": 49.174063, "mesic": 1, "objectid": 94, "lehce_zran": 0}}, {"type": "Feature", "geometry": {"type": "Point", "coordinates": [16.666905, 49.174407]}, "properties": {"fid": 94, "den": 27, "usmrceno": 0, "druh": "sr\u00e1\u017eka s vozidlem zaparkovan\u00fdm, odstaven\u00fdm", "rok": 2015, "hmotna_sko": 91000, "cas": "0:00:00", "tezce_zran": 0, "pricina": "nep\u0159izp\u016fsoben\u00ed rychlosti stavu vozovky (n\u00e1led\u00ed, v\u00fdtluky, bl\u00e1to, mokr\u00fd povrch apod.)", "x": 16.666905, "y": 49.174407, "mesic": 1, "objectid": 95, "lehce_zran": 0}}, {"type": "Feature", "geometry": {"type": "Point", "coordinates": [16.527828, 49.173586]}, "properties": {"fid": 95, "den": 27, "usmrceno": 0, "druh": "sr\u00e1\u017eka s pevnou p\u0159ek\u00e1\u017ekou", "rok": 2015, "hmotna_sko": 17000, "cas": "0:00:00", "tezce_zran": 0, "pricina": "nep\u0159izp\u016fsoben\u00ed rychlosti stavu vozovky (n\u00e1led\u00ed, v\u00fdtluky, bl\u00e1to, mokr\u00fd povrch apod.)", "x": 16.527828, "y": 49.173586, "mesic": 1, "objectid": 96, "lehce_zran": 0}}, {"type": "Feature", "geometry": {"type": "Point", "coordinates": [16.608526, 49.196852]}, "properties": {"fid": 96, "den": 26, "usmrceno": 0, "druh": "jin\u00fd druh nehody", "rok": 2015, "hmotna_sko": 5000, "cas": "0:00:00", "tezce_zran": 0, "pricina": "nezavin\u011bn\u00e1 \u0159idi\u010dem", "x": 16.608526, "y": 49.196852, "mesic": 1, "objectid": 97, "lehce_zran": 0}}, {"type": "Feature", "geometry": {"type": "Point", "coordinates": [16.593062, 49.199527]}, "properties": {"fid": 97, "den": 7, "usmrceno": 0, "druh": "sr\u00e1\u017eka s jedouc\u00edm nekolejov\u00fdm vozidlem", "rok": 2015, "hmotna_sko": 38000, "cas": "0:00:00", "tezce_zran": 0, "pricina": "\u0159idi\u010d se pln\u011b nev\u011bnoval \u0159\u00edzen\u00ed vozidla", "x": 16.593062, "y": 49.199527, "mesic": 1, "objectid": 98, "lehce_zran": 0}}, {"type": "Feature", "geometry": {"type": "Point", "coordinates": [16.620537, 49.185724]}, "properties": {"fid": 98, "den": 11, "usmrceno": 0, "druh": "sr\u00e1\u017eka s chodcem", "rok": 2015, "hmotna_sko": 5000, "cas": "0:00:00", "tezce_zran": 0, "pricina": "nezavin\u011bn\u00e1 \u0159idi\u010dem", "x": 16.620537, "y": 49.185724, "mesic": 1, "objectid": 99, "lehce_zran": 0}}, {"type": "Feature", "geometry": {"type": "Point", "coordinates": [16.565226, 49.193805]}, "properties": {"fid": 99, "den": 1, "usmrceno": 0, "druh": "sr\u00e1\u017eka s pevnou p\u0159ek\u00e1\u017ekou", "rok": 2015, "hmotna_sko": 40000, "cas": "0:00:00", "tezce_zran": 0, "pricina": "nep\u0159izp\u016fsoben\u00ed rychlosti stavu vozovky (n\u00e1led\u00ed, v\u00fdtluky, bl\u00e1to, mokr\u00fd povrch apod.)", "x": 16.565226, "y": 49.193805, "mesic": 1, "objectid": 100, "lehce_zran": 0}}, {"type": "Feature", "geometry": {"type": "Point", "coordinates": [16.571218, 49.167499]}, "properties": {"fid": 100, "den": 2, "usmrceno": 0, "druh": "sr\u00e1\u017eka s pevnou p\u0159ek\u00e1\u017ekou", "rok": 2015, "hmotna_sko": 30000, "cas": "0:00:00", "tezce_zran": 0, "pricina": "vyh\u00fdb\u00e1n\u00ed bez dostate\u010dn\u00e9ho bo\u010dn\u00edho odstupu (v\u016fle)", "x": 16.571218, "y": 49.167499, "mesic": 1, "objectid": 101, "lehce_zran": 0}}, {"type": "Feature", "geometry": {"type": "Point", "coordinates": [16.57174, 49.161078]}, "properties": {"fid": 101, "den": 9, "usmrceno": 0, "druh": "sr\u00e1\u017eka s pevnou p\u0159ek\u00e1\u017ekou", "rok": 2015, "hmotna_sko": 50000, "cas": "0:00:00", "tezce_zran": 0, "pricina": "nep\u0159izp\u016fsoben\u00ed rychlosti stavu vozovky (n\u00e1led\u00ed, v\u00fdtluky, bl\u00e1to, mokr\u00fd povrch apod.)", "x": 16.57174, "y": 49.161078, "mesic": 1, "objectid": 102, "lehce_zran": 0}}, {"type": "Feature", "geometry": {"type": "Point", "coordinates": [16.619559, 49.04506]}, "properties": {"fid": 102, "den": 15, "usmrceno": 0, "druh": "nehoda", "rok": 2015, "hmotna_sko": 405000, "cas": "0:00:00", "tezce_zran": 0, "pricina": "nep\u0159izp\u016fsoben\u00ed rychlosti stavu vozovky (n\u00e1led\u00ed, v\u00fdtluky, bl\u00e1to, mokr\u00fd povrch apod.)", "x": 16.619559, "y": 49.04506, "mesic": 1, "objectid": 103, "lehce_zran": 0}}, {"type": "Feature", "geometry": {"type": "Point", "coordinates": [16.528331, 49.297752]}, "properties": {"fid": 104, "den": 16, "usmrceno": 0, "druh": "sr\u00e1\u017eka s pevnou p\u0159ek\u00e1\u017ekou", "rok": 2015, "hmotna_sko": 215000, "cas": "0:00:00", "tezce_zran": 0, "pricina": "\u0159idi\u010d se pln\u011b nev\u011bnoval \u0159\u00edzen\u00ed vozidla", "x": 16.528331, "y": 49.297752, "mesic": 1, "objectid": 105, "lehce_zran": 0}}, {"type": "Feature", "geometry": {"type": "Point", "coordinates": [16.589039, 49.160984]}, "properties": {"fid": 106, "den": 20, "usmrceno": 0, "druh": "sr\u00e1\u017eka s lesn\u00ed zv\u011b\u0159\u00ed", "rok": 2015, "hmotna_sko": 34900, "cas": "0:00:00", "tezce_zran": 0, "pricina": "nezavin\u011bn\u00e1 \u0159idi\u010dem", "x": 16.589039, "y": 49.160984, "mesic": 1, "objectid": 107, "lehce_zran": 0}}, {"type": "Feature", "geometry": {"type": "Point", "coordinates": [16.613932, 49.192961]}, "properties": {"fid": 107, "den": 17, "usmrceno": 0, "druh": "sr\u00e1\u017eka s vozidlem zaparkovan\u00fdm, odstaven\u00fdm", "rok": 2015, "hmotna_sko": 40000, "cas": "0:00:00", "tezce_zran": 0, "pricina": "\u0159idi\u010d se pln\u011b nev\u011bnoval \u0159\u00edzen\u00ed vozidla", "x": 16.613932, "y": 49.192961, "mesic": 1, "objectid": 108, "lehce_zran": 0}}, {"type": "Feature", "geometry": {"type": "Point", "coordinates": [16.596952, 49.163359]}, "properties": {"fid": 108, "den": 9, "usmrceno": 0, "druh": "sr\u00e1\u017eka s vozidlem zaparkovan\u00fdm, odstaven\u00fdm", "rok": 2015, "hmotna_sko": 16000, "cas": "0:00:00", "tezce_zran": 0, "pricina": "\u0159idi\u010d se pln\u011b nev\u011bnoval \u0159\u00edzen\u00ed vozidla", "x": 16.596952, "y": 49.163359, "mesic": 1, "objectid": 109, "lehce_zran": 0}}, {"type": "Feature", "geometry": {"type": "Point", "coordinates": [16.616804, 49.09231]}, "properties": {"fid": 109, "den": 27, "usmrceno": 0, "druh": "sr\u00e1\u017eka s pevnou p\u0159ek\u00e1\u017ekou", "rok": 2015, "hmotna_sko": 110000, "cas": "0:00:00", "tezce_zran": 0, "pricina": "nep\u0159izp\u016fsoben\u00ed rychlosti stavu vozovky (n\u00e1led\u00ed, v\u00fdtluky, bl\u00e1to, mokr\u00fd povrch apod.)", "x": 16.616804, "y": 49.09231, "mesic": 1, "objectid": 110, "lehce_zran": 0}}, {"type": "Feature", "geometry": {"type": "Point", "coordinates": [16.665689, 49.191146]}, "properties": {"fid": 111, "den": 29, "usmrceno": 0, "druh": "sr\u00e1\u017eka s pevnou p\u0159ek\u00e1\u017ekou", "rok": 2015, "hmotna_sko": 60000, "cas": "0:00:00", "tezce_zran": 0, "pricina": "nep\u0159izp\u016fsoben\u00ed rychlosti stavu vozovky (n\u00e1led\u00ed, v\u00fdtluky, bl\u00e1to, mokr\u00fd povrch apod.)", "x": 16.665689, "y": 49.191146, "mesic": 1, "objectid": 112, "lehce_zran": 0}}, {"type": "Feature", "geometry": {"type": "Point", "coordinates": [16.606279, 49.197705]}, "properties": {"fid": 113, "den": 8, "usmrceno": 0, "druh": "sr\u00e1\u017eka s pevnou p\u0159ek\u00e1\u017ekou", "rok": 2015, "hmotna_sko": 100000, "cas": "0:00:00", "tezce_zran": 0, "pricina": "nep\u0159izp\u016fsoben\u00ed rychlosti stavu vozovky (n\u00e1led\u00ed, v\u00fdtluky, bl\u00e1to, mokr\u00fd povrch apod.)", "x": 16.606279, "y": 49.197705, "mesic": 1, "objectid": 114, "lehce_zran": 0}}, {"type": "Feature", "geometry": {"type": "Point", "coordinates": [16.572839, 49.241989]}, "properties": {"fid": 114, "den": 8, "usmrceno": 0, "druh": "nehoda", "rok": 2015, "hmotna_sko": 55000, "cas": "0:00:00", "tezce_zran": 0, "pricina": "nep\u0159izp\u016fsoben\u00ed rychlosti stavu vozovky (n\u00e1led\u00ed, v\u00fdtluky, bl\u00e1to, mokr\u00fd povrch apod.)", "x": 16.572839, "y": 49.241989, "mesic": 1, "objectid": 115, "lehce_zran": 0}}, {"type": "Feature", "geometry": {"type": "Point", "coordinates": [16.575618, 49.216195]}, "properties": {"fid": 115, "den": 1, "usmrceno": 0, "druh": "sr\u00e1\u017eka s jedouc\u00edm nekolejov\u00fdm vozidlem", "rok": 2015, "hmotna_sko": 25000, "cas": "0:00:00", "tezce_zran": 0, "pricina": "\u0159idi\u010d se pln\u011b nev\u011bnoval \u0159\u00edzen\u00ed vozidla", "x": 16.575618, "y": 49.216195, "mesic": 1, "objectid": 116, "lehce_zran": 0}}, {"type": "Feature", "geometry": {"type": "Point", "coordinates": [16.56749, 49.241887]}, "properties": {"fid": 116, "den": 1, "usmrceno": 0, "druh": "sr\u00e1\u017eka s pevnou p\u0159ek\u00e1\u017ekou", "rok": 2015, "hmotna_sko": 55000, "cas": "0:00:00", "tezce_zran": 0, "pricina": "nep\u0159izp\u016fsoben\u00ed rychlosti stavu vozovky (n\u00e1led\u00ed, v\u00fdtluky, bl\u00e1to, mokr\u00fd povrch apod.)", "x": 16.56749, "y": 49.241887, "mesic": 1, "objectid": 117, "lehce_zran": 0}}, {"type": "Feature", "geometry": {"type": "Point", "coordinates": [16.694148, 49.211279]}, "properties": {"fid": 117, "den": 11, "usmrceno": 0, "druh": "sr\u00e1\u017eka s pevnou p\u0159ek\u00e1\u017ekou", "rok": 2015, "hmotna_sko": 7000, "cas": "0:00:00", "tezce_zran": 0, "pricina": "\u0159idi\u010d se pln\u011b nev\u011bnoval \u0159\u00edzen\u00ed vozidla", "x": 16.694148, "y": 49.211279, "mesic": 1, "objectid": 118, "lehce_zran": 0}}, {"type": "Feature", "geometry": {"type": "Point", "coordinates": [16.546861, 49.296754]}, "properties": {"fid": 118, "den": 10, "usmrceno": 0, "druh": "jin\u00fd druh nehody", "rok": 2015, "hmotna_sko": 41000, "cas": "0:00:00", "tezce_zran": 0, "pricina": "nezavin\u011bn\u00e1 \u0159idi\u010dem", "x": 16.546861, "y": 49.296754, "mesic": 1, "objectid": 119, "lehce_zran": 0}}, {"type": "Feature", "geometry": {"type": "Point", "coordinates": [16.726907, 49.165677]}, "properties": {"fid": 119, "den": 9, "usmrceno": 0, "druh": "sr\u00e1\u017eka s vozidlem zaparkovan\u00fdm, odstaven\u00fdm", "rok": 2015, "hmotna_sko": 10500, "cas": "0:00:00", "tezce_zran": 0, "pricina": "\u0159idi\u010d se pln\u011b nev\u011bnoval \u0159\u00edzen\u00ed vozidla", "x": 16.726907, "y": 49.165677, "mesic": 1, "objectid": 120, "lehce_zran": 0}}, {"type": "Feature", "geometry": {"type": "Point", "coordinates": [16.719153, 49.166559]}, "properties": {"fid": 122, "den": 18, "usmrceno": 0, "druh": "sr\u00e1\u017eka s vozidlem zaparkovan\u00fdm, odstaven\u00fdm", "rok": 2015, "hmotna_sko": 5000, "cas": "0:00:00", "tezce_zran": 0, "pricina": "\u0159idi\u010d se pln\u011b nev\u011bnoval \u0159\u00edzen\u00ed vozidla", "x": 16.719153, "y": 49.166559, "mesic": 1, "objectid": 123, "lehce_zran": 0}}, {"type": "Feature", "geometry": {"type": "Point", "coordinates": [16.642204, 49.207618]}, "properties": {"fid": 123, "den": 30, "usmrceno": 0, "druh": "sr\u00e1\u017eka s jedouc\u00edm nekolejov\u00fdm vozidlem", "rok": 2015, "hmotna_sko": 85000, "cas": "0:00:00", "tezce_zran": 0, "pricina": "\u0159idi\u010d se pln\u011b nev\u011bnoval \u0159\u00edzen\u00ed vozidla", "x": 16.642204, "y": 49.207618, "mesic": 1, "objectid": 124, "lehce_zran": 0}}, {"type": "Feature", "geometry": {"type": "Point", "coordinates": [16.613906, 49.190166]}, "properties": {"fid": 126, "den": 18, "usmrceno": 0, "druh": "sr\u00e1\u017eka s pevnou p\u0159ek\u00e1\u017ekou", "rok": 2015, "hmotna_sko": 5000, "cas": "0:00:00", "tezce_zran": 0, "pricina": "\u0159idi\u010d se pln\u011b nev\u011bnoval \u0159\u00edzen\u00ed vozidla", "x": 16.613906, "y": 49.190166, "mesic": 1, "objectid": 127, "lehce_zran": 0}}, {"type": "Feature", "geometry": {"type": "Point", "coordinates": [16.605292, 49.21977]}, "properties": {"fid": 127, "den": 13, "usmrceno": 0, "druh": "sr\u00e1\u017eka s jedouc\u00edm nekolejov\u00fdm vozidlem", "rok": 2015, "hmotna_sko": 150000, "cas": "0:00:00", "tezce_zran": 0, "pricina": "\u0159idi\u010d se pln\u011b nev\u011bnoval \u0159\u00edzen\u00ed vozidla", "x": 16.605292, "y": 49.21977, "mesic": 1, "objectid": 128, "lehce_zran": 0}}, {"type": "Feature", "geometry": {"type": "Point", "coordinates": [16.603554, 49.177719]}, "properties": {"fid": 128, "den": 9, "usmrceno": 0, "druh": "sr\u00e1\u017eka s jedouc\u00edm nekolejov\u00fdm vozidlem", "rok": 2015, "hmotna_sko": 55000, "cas": "0:00:00", "tezce_zran": 0, "pricina": "nedodr\u017een\u00ed bezpe\u010dn\u00e9 vzd\u00e1lenosti za vozidlem", "x": 16.603554, "y": 49.177719, "mesic": 1, "objectid": 129, "lehce_zran": 0}}, {"type": "Feature", "geometry": {"type": "Point", "coordinates": [16.587567, 49.218146]}, "properties": {"fid": 129, "den": 24, "usmrceno": 0, "druh": "sr\u00e1\u017eka s jedouc\u00edm nekolejov\u00fdm vozidlem", "rok": 2015, "hmotna_sko": 190000, "cas": "0:00:00", "tezce_zran": 0, "pricina": "j\u00edzda na \"\u010dervenou\" 3-barevn\u00e9ho semaforu", "x": 16.587567, "y": 49.218146, "mesic": 1, "objectid": 130, "lehce_zran": 0}}, {"type": "Feature", "geometry": {"type": "Point", "coordinates": [16.648843, 49.196554]}, "properties": {"fid": 130, "den": 23, "usmrceno": 0, "druh": "sr\u00e1\u017eka s vozidlem zaparkovan\u00fdm, odstaven\u00fdm", "rok": 2015, "hmotna_sko": 15000, "cas": "0:00:00", "tezce_zran": 0, "pricina": "\u0159idi\u010d se pln\u011b nev\u011bnoval \u0159\u00edzen\u00ed vozidla", "x": 16.648843, "y": 49.196554, "mesic": 1, "objectid": 131, "lehce_zran": 0}}, {"type": "Feature", "geometry": {"type": "Point", "coordinates": [16.61424, 49.186831]}, "properties": {"fid": 131, "den": 22, "usmrceno": 0, "druh": "sr\u00e1\u017eka s pevnou p\u0159ek\u00e1\u017ekou", "rok": 2015, "hmotna_sko": 5000, "cas": "0:00:00", "tezce_zran": 0, "pricina": "vyh\u00fdb\u00e1n\u00ed bez dostate\u010dn\u00e9ho bo\u010dn\u00edho odstupu (v\u016fle)", "x": 16.61424, "y": 49.186831, "mesic": 1, "objectid": 132, "lehce_zran": 0}}, {"type": "Feature", "geometry": {"type": "Point", "coordinates": [16.715237, 49.094775]}, "properties": {"fid": 132, "den": 1, "usmrceno": 0, "druh": "sr\u00e1\u017eka s lesn\u00ed zv\u011b\u0159\u00ed", "rok": 2015, "hmotna_sko": 7000, "cas": "0:00:00", "tezce_zran": 0, "pricina": "nezavin\u011bn\u00e1 \u0159idi\u010dem", "x": 16.715237, "y": 49.094775, "mesic": 1, "objectid": 133, "lehce_zran": 0}}, {"type": "Feature", "geometry": {"type": "Point", "coordinates": [16.603493, 49.102674]}, "properties": {"fid": 133, "den": 4, "usmrceno": 0, "druh": "sr\u00e1\u017eka s jedouc\u00edm nekolejov\u00fdm vozidlem", "rok": 2015, "hmotna_sko": 1100, "cas": "0:00:00", "tezce_zran": 0, "pricina": "\u0159idi\u010d se pln\u011b nev\u011bnoval \u0159\u00edzen\u00ed vozidla", "x": 16.603493, "y": 49.102674, "mesic": 1, "objectid": 134, "lehce_zran": 0}}, {"type": "Feature", "geometry": {"type": "Point", "coordinates": [16.614749, 49.189402]}, "properties": {"fid": 135, "den": 28, "usmrceno": 0, "druh": "sr\u00e1\u017eka s jedouc\u00edm nekolejov\u00fdm vozidlem", "rok": 2015, "hmotna_sko": 110000, "cas": "0:00:00", "tezce_zran": 0, "pricina": "proti p\u0159\u00edkazu dopravn\u00ed zna\u010dky dej p\u0159ednost", "x": 16.614749, "y": 49.189402, "mesic": 1, "objectid": 136, "lehce_zran": 0}}, {"type": "Feature", "geometry": {"type": "Point", "coordinates": [16.62943, 49.215731]}, "properties": {"fid": 137, "den": 2, "usmrceno": 0, "druh": "sr\u00e1\u017eka s vozidlem zaparkovan\u00fdm, odstaven\u00fdm", "rok": 2015, "hmotna_sko": 10000, "cas": "0:00:00", "tezce_zran": 0, "pricina": "\u0159idi\u010d se pln\u011b nev\u011bnoval \u0159\u00edzen\u00ed vozidla", "x": 16.62943, "y": 49.215731, "mesic": 1, "objectid": 138, "lehce_zran": 0}}, {"type": "Feature", "geometry": {"type": "Point", "coordinates": [16.613976, 49.124613]}, "properties": {"fid": 139, "den": 7, "usmrceno": 0, "druh": "sr\u00e1\u017eka s jedouc\u00edm nekolejov\u00fdm vozidlem", "rok": 2015, "hmotna_sko": 310000, "cas": "0:00:00", "tezce_zran": 0, "pricina": "\u0159idi\u010d se pln\u011b nev\u011bnoval \u0159\u00edzen\u00ed vozidla", "x": 16.613976, "y": 49.124613, "mesic": 1, "objectid": 140, "lehce_zran": 0}}, {"type": "Feature", "geometry": {"type": "Point", "coordinates": [16.588907, 49.195783]}, "properties": {"fid": 142, "den": 7, "usmrceno": 0, "druh": "sr\u00e1\u017eka s pevnou p\u0159ek\u00e1\u017ekou", "rok": 2015, "hmotna_sko": 1000, "cas": "0:00:00", "tezce_zran": 0, "pricina": "\u0159idi\u010d se pln\u011b nev\u011bnoval \u0159\u00edzen\u00ed vozidla", "x": 16.588907, "y": 49.195783, "mesic": 1, "objectid": 143, "lehce_zran": 0}}, {"type": "Feature", "geometry": {"type": "Point", "coordinates": [16.526563, 49.094399]}, "properties": {"fid": 145, "den": 17, "usmrceno": 0, "druh": "sr\u00e1\u017eka s lesn\u00ed zv\u011b\u0159\u00ed", "rok": 2015, "hmotna_sko": 21000, "cas": "0:00:00", "tezce_zran": 0, "pricina": "nezavin\u011bn\u00e1 \u0159idi\u010dem", "x": 16.526563, "y": 49.094399, "mesic": 1, "objectid": 146, "lehce_zran": 0}}, {"type": "Feature", "geometry": {"type": "Point", "coordinates": [16.744114, 49.19416]}, "properties": {"fid": 146, "den": 19, "usmrceno": 0, "druh": "sr\u00e1\u017eka s lesn\u00ed zv\u011b\u0159\u00ed", "rok": 2015, "hmotna_sko": 70000, "cas": "0:00:00", "tezce_zran": 0, "pricina": "nezavin\u011bn\u00e1 \u0159idi\u010dem", "x": 16.744114, "y": 49.19416, "mesic": 1, "objectid": 147, "lehce_zran": 0}}, {"type": "Feature", "geometry": {"type": "Point", "coordinates": [16.563796, 49.186403]}, "properties": {"fid": 147, "den": 15, "usmrceno": 0, "druh": "sr\u00e1\u017eka s jedouc\u00edm nekolejov\u00fdm vozidlem", "rok": 2015, "hmotna_sko": 280000, "cas": "0:00:00", "tezce_zran": 0, "pricina": "\u0159idi\u010d se pln\u011b nev\u011bnoval \u0159\u00edzen\u00ed vozidla", "x": 16.563796, "y": 49.186403, "mesic": 1, "objectid": 148, "lehce_zran": 0}}, {"type": "Feature", "geometry": {"type": "Point", "coordinates": [16.604132, 49.2081]}, "properties": {"fid": 148, "den": 14, "usmrceno": 0, "druh": "sr\u00e1\u017eka s jedouc\u00edm nekolejov\u00fdm vozidlem", "rok": 2015, "hmotna_sko": 95000, "cas": "0:00:00", "tezce_zran": 0, "pricina": "p\u0159i odbo\u010dov\u00e1n\u00ed vlevo soub\u011b\u017en\u011b jedouc\u00edmu vozidlu", "x": 16.604132, "y": 49.2081, "mesic": 1, "objectid": 149, "lehce_zran": 0}}, {"type": "Feature", "geometry": {"type": "Point", "coordinates": [16.493457, 49.216912]}, "properties": {"fid": 149, "den": 10, "usmrceno": 0, "druh": "nehoda", "rok": 2015, "hmotna_sko": 5000, "cas": "0:00:00", "tezce_zran": 0, "pricina": "\u0159idi\u010d se pln\u011b nev\u011bnoval \u0159\u00edzen\u00ed vozidla", "x": 16.493457, "y": 49.216912, "mesic": 1, "objectid": 150, "lehce_zran": 0}}, {"type": "Feature", "geometry": {"type": "Point", "coordinates": [16.561234, 49.184374]}, "properties": {"fid": 150, "den": 10, "usmrceno": 0, "druh": "sr\u00e1\u017eka s vozidlem zaparkovan\u00fdm, odstaven\u00fdm", "rok": 2015, "hmotna_sko": 130000, "cas": "0:00:00", "tezce_zran": 0, "pricina": "nep\u0159izp\u016fsoben\u00ed rychlosti stavu vozovky (n\u00e1led\u00ed, v\u00fdtluky, bl\u00e1to, mokr\u00fd povrch apod.)", "x": 16.561234, "y": 49.184374, "mesic": 1, "objectid": 151, "lehce_zran": 0}}, {"type": "Feature", "geometry": {"type": "Point", "coordinates": [16.64863, 49.05726]}, "properties": {"fid": 151, "den": 26, "usmrceno": 0, "druh": "sr\u00e1\u017eka s pevnou p\u0159ek\u00e1\u017ekou", "rok": 2015, "hmotna_sko": 25000, "cas": "0:00:00", "tezce_zran": 0, "pricina": "nep\u0159izp\u016fsoben\u00ed rychlosti dopravn\u011b technick\u00e9mu stavu vozovky (zat\u00e1\u010dka, kles\u00e1n\u00ed, stoup\u00e1n\u00ed, \u0161\u00ed\u0159ka vozovky apod.)", "x": 16.64863, "y": 49.05726, "mesic": 1, "objectid": 152, "lehce_zran": 0}}, {"type": "Feature", "geometry": {"type": "Point", "coordinates": [16.599185, 49.140177]}, "properties": {"fid": 153, "den": 23, "usmrceno": 0, "druh": "sr\u00e1\u017eka s pevnou p\u0159ek\u00e1\u017ekou", "rok": 2015, "hmotna_sko": 41000, "cas": "0:00:00", "tezce_zran": 0, "pricina": "\u0159idi\u010d se pln\u011b nev\u011bnoval \u0159\u00edzen\u00ed vozidla", "x": 16.599185, "y": 49.140177, "mesic": 1, "objectid": 154, "lehce_zran": 0}}, {"type": "Feature", "geometry": {"type": "Point", "coordinates": [16.453229, 49.252747]}, "properties": {"fid": 155, "den": 2, "usmrceno": 0, "druh": "sr\u00e1\u017eka s lesn\u00ed zv\u011b\u0159\u00ed", "rok": 2015, "hmotna_sko": 1000, "cas": "0:00:00", "tezce_zran": 0, "pricina": "nezavin\u011bn\u00e1 \u0159idi\u010dem", "x": 16.453229, "y": 49.252747, "mesic": 1, "objectid": 156, "lehce_zran": 0}}, {"type": "Feature", "geometry": {"type": "Point", "coordinates": [16.60814, 49.091819]}, "properties": {"fid": 157, "den": 9, "usmrceno": 0, "druh": "sr\u00e1\u017eka s pevnou p\u0159ek\u00e1\u017ekou", "rok": 2015, "hmotna_sko": 45000, "cas": "0:00:00", "tezce_zran": 0, "pricina": "nep\u0159izp\u016fsoben\u00ed rychlosti stavu vozovky (n\u00e1led\u00ed, v\u00fdtluky, bl\u00e1to, mokr\u00fd povrch apod.)", "x": 16.60814, "y": 49.091819, "mesic": 1, "objectid": 158, "lehce_zran": 0}}, {"type": "Feature", "geometry": {"type": "Point", "coordinates": [16.557391, 49.174692]}, "properties": {"fid": 161, "den": 16, "usmrceno": 0, "druh": "sr\u00e1\u017eka s vozidlem zaparkovan\u00fdm, odstaven\u00fdm", "rok": 2015, "hmotna_sko": 10000, "cas": "0:00:00", "tezce_zran": 0, "pricina": "\u0159idi\u010d se pln\u011b nev\u011bnoval \u0159\u00edzen\u00ed vozidla", "x": 16.557391, "y": 49.174692, "mesic": 1, "objectid": 162, "lehce_zran": 0}}, {"type": "Feature", "geometry": {"type": "Point", "coordinates": [16.564784, 49.182035]}, "properties": {"fid": 162, "den": 10, "usmrceno": 0, "druh": "sr\u00e1\u017eka s pevnou p\u0159ek\u00e1\u017ekou", "rok": 2015, "hmotna_sko": 40000, "cas": "0:00:00", "tezce_zran": 0, "pricina": "nezavin\u011bn\u00e1 \u0159idi\u010dem", "x": 16.564784, "y": 49.182035, "mesic": 1, "objectid": 163, "lehce_zran": 0}}, {"type": "Feature", "geometry": {"type": "Point", "coordinates": [16.586872, 49.218943]}, "properties": {"fid": 163, "den": 10, "usmrceno": 0, "druh": "sr\u00e1\u017eka s vozidlem zaparkovan\u00fdm, odstaven\u00fdm", "rok": 2015, "hmotna_sko": 20000, "cas": "0:00:00", "tezce_zran": 0, "pricina": "nep\u0159izp\u016fsoben\u00ed rychlosti stavu vozovky (n\u00e1led\u00ed, v\u00fdtluky, bl\u00e1to, mokr\u00fd povrch apod.)", "x": 16.586872, "y": 49.218943, "mesic": 1, "objectid": 164, "lehce_zran": 0}}, {"type": "Feature", "geometry": {"type": "Point", "coordinates": [16.581911, 49.174751]}, "properties": {"fid": 164, "den": 9, "usmrceno": 0, "druh": "sr\u00e1\u017eka s jedouc\u00edm nekolejov\u00fdm vozidlem", "rok": 2015, "hmotna_sko": 15000, "cas": "0:00:00", "tezce_zran": 0, "pricina": "\u0159idi\u010d se pln\u011b nev\u011bnoval \u0159\u00edzen\u00ed vozidla", "x": 16.581911, "y": 49.174751, "mesic": 1, "objectid": 165, "lehce_zran": 0}}, {"type": "Feature", "geometry": {"type": "Point", "coordinates": [16.600465, 49.156848]}, "properties": {"fid": 166, "den": 23, "usmrceno": 0, "druh": "sr\u00e1\u017eka s jedouc\u00edm nekolejov\u00fdm vozidlem", "rok": 2015, "hmotna_sko": 90000, "cas": "0:00:00", "tezce_zran": 0, "pricina": "vyh\u00fdb\u00e1n\u00ed bez dostate\u010dn\u00e9ho bo\u010dn\u00edho odstupu (v\u016fle)", "x": 16.600465, "y": 49.156848, "mesic": 1, "objectid": 167, "lehce_zran": 0}}, {"type": "Feature", "geometry": {"type": "Point", "coordinates": [16.593811, 49.25957]}, "properties": {"fid": 167, "den": 22, "usmrceno": 0, "druh": "nehoda", "rok": 2015, "hmotna_sko": 105000, "cas": "0:00:00", "tezce_zran": 0, "pricina": "nep\u0159izp\u016fsoben\u00ed rychlosti dopravn\u011b technick\u00e9mu stavu vozovky (zat\u00e1\u010dka, kles\u00e1n\u00ed, stoup\u00e1n\u00ed, \u0161\u00ed\u0159ka vozovky apod.)", "x": 16.593811, "y": 49.25957, "mesic": 1, "objectid": 168, "lehce_zran": 0}}, {"type": "Feature", "geometry": {"type": "Point", "coordinates": [16.632625, 49.15839]}, "properties": {"fid": 168, "den": 23, "usmrceno": 0, "druh": "sr\u00e1\u017eka s lesn\u00ed zv\u011b\u0159\u00ed", "rok": 2015, "hmotna_sko": 35000, "cas": "0:00:00", "tezce_zran": 0, "pricina": "nezavin\u011bn\u00e1 \u0159idi\u010dem", "x": 16.632625, "y": 49.15839, "mesic": 1, "objectid": 169, "lehce_zran": 0}}, {"type": "Feature", "geometry": {"type": "Point", "coordinates": [16.666867, 49.174337]}, "properties": {"fid": 170, "den": 29, "usmrceno": 0, "druh": "sr\u00e1\u017eka s pevnou p\u0159ek\u00e1\u017ekou", "rok": 2015, "hmotna_sko": 11000, "cas": "0:00:00", "tezce_zran": 0, "pricina": "\u0159idi\u010d se pln\u011b nev\u011bnoval \u0159\u00edzen\u00ed vozidla", "x": 16.666867, "y": 49.174337, "mesic": 1, "objectid": 171, "lehce_zran": 0}}, {"type": "Feature", "geometry": {"type": "Point", "coordinates": [16.57133, 49.169993]}, "properties": {"fid": 171, "den": 20, "usmrceno": 0, "druh": "sr\u00e1\u017eka s vozidlem zaparkovan\u00fdm, odstaven\u00fdm", "rok": 2015, "hmotna_sko": 30000, "cas": "0:00:00", "tezce_zran": 0, "pricina": "\u0159idi\u010d se pln\u011b nev\u011bnoval \u0159\u00edzen\u00ed vozidla", "x": 16.57133, "y": 49.169993, "mesic": 1, "objectid": 172, "lehce_zran": 0}}, {"type": "Feature", "geometry": {"type": "Point", "coordinates": [16.627871, 49.217529]}, "properties": {"fid": 172, "den": 17, "usmrceno": 0, "druh": "sr\u00e1\u017eka s pevnou p\u0159ek\u00e1\u017ekou", "rok": 2015, "hmotna_sko": 4000, "cas": "0:00:00", "tezce_zran": 0, "pricina": "nezavin\u011bn\u00e1 \u0159idi\u010dem", "x": 16.627871, "y": 49.217529, "mesic": 1, "objectid": 173, "lehce_zran": 0}}, {"type": "Feature", "geometry": {"type": "Point", "coordinates": [16.641866, 49.160909]}, "properties": {"fid": 173, "den": 17, "usmrceno": 0, "druh": "sr\u00e1\u017eka s pevnou p\u0159ek\u00e1\u017ekou", "rok": 2015, "hmotna_sko": 90000, "cas": "0:00:00", "tezce_zran": 0, "pricina": "nep\u0159izp\u016fsoben\u00ed rychlosti stavu vozovky (n\u00e1led\u00ed, v\u00fdtluky, bl\u00e1to, mokr\u00fd povrch apod.)", "x": 16.641866, "y": 49.160909, "mesic": 1, "objectid": 174, "lehce_zran": 0}}, {"type": "Feature", "geometry": {"type": "Point", "coordinates": [16.617778, 49.199485]}, "properties": {"fid": 174, "den": 27, "usmrceno": 0, "druh": "sr\u00e1\u017eka s vozidlem zaparkovan\u00fdm, odstaven\u00fdm", "rok": 2015, "hmotna_sko": 70000, "cas": "0:00:00", "tezce_zran": 0, "pricina": "nep\u0159izp\u016fsoben\u00ed rychlosti stavu vozovky (n\u00e1led\u00ed, v\u00fdtluky, bl\u00e1to, mokr\u00fd povrch apod.)", "x": 16.617778, "y": 49.199485, "mesic": 1, "objectid": 175, "lehce_zran": 0}}, {"type": "Feature", "geometry": {"type": "Point", "coordinates": [16.593768, 49.209577]}, "properties": {"fid": 175, "den": 21, "usmrceno": 0, "druh": "sr\u00e1\u017eka s vozidlem zaparkovan\u00fdm, odstaven\u00fdm", "rok": 2015, "hmotna_sko": 10000, "cas": "0:00:00", "tezce_zran": 0, "pricina": "\u0159idi\u010d se pln\u011b nev\u011bnoval \u0159\u00edzen\u00ed vozidla", "x": 16.593768, "y": 49.209577, "mesic": 1, "objectid": 176, "lehce_zran": 0}}, {"type": "Feature", "geometry": {"type": "Point", "coordinates": [16.640676, 49.206382]}, "properties": {"fid": 176, "den": 20, "usmrceno": 0, "druh": "sr\u00e1\u017eka s vozidlem zaparkovan\u00fdm, odstaven\u00fdm", "rok": 2015, "hmotna_sko": 10000, "cas": "0:00:00", "tezce_zran": 0, "pricina": "\u0159idi\u010d se pln\u011b nev\u011bnoval \u0159\u00edzen\u00ed vozidla", "x": 16.640676, "y": 49.206382, "mesic": 1, "objectid": 177, "lehce_zran": 0}}, {"type": "Feature", "geometry": {"type": "Point", "coordinates": [16.598659, 49.171414]}, "properties": {"fid": 177, "den": 9, "usmrceno": 0, "druh": "sr\u00e1\u017eka s pevnou p\u0159ek\u00e1\u017ekou", "rok": 2015, "hmotna_sko": 5000, "cas": "0:00:00", "tezce_zran": 0, "pricina": "\u0159idi\u010d se pln\u011b nev\u011bnoval \u0159\u00edzen\u00ed vozidla", "x": 16.598659, "y": 49.171414, "mesic": 1, "objectid": 178, "lehce_zran": 0}}, {"type": "Feature", "geometry": {"type": "Point", "coordinates": [16.623924, 49.172558]}, "properties": {"fid": 178, "den": 16, "usmrceno": 0, "druh": "sr\u00e1\u017eka s jedouc\u00edm nekolejov\u00fdm vozidlem", "rok": 2015, "hmotna_sko": 11000, "cas": "0:00:00", "tezce_zran": 0, "pricina": "\u0159idi\u010d se pln\u011b nev\u011bnoval \u0159\u00edzen\u00ed vozidla", "x": 16.623924, "y": 49.172558, "mesic": 1, "objectid": 179, "lehce_zran": 0}}, {"type": "Feature", "geometry": {"type": "Point", "coordinates": [16.616336, 49.199516]}, "properties": {"fid": 179, "den": 20, "usmrceno": 0, "druh": "jin\u00fd druh nehody", "rok": 2015, "hmotna_sko": 5000, "cas": "0:00:00", "tezce_zran": 0, "pricina": "\u0159idi\u010d se pln\u011b nev\u011bnoval \u0159\u00edzen\u00ed vozidla", "x": 16.616336, "y": 49.199516, "mesic": 1, "objectid": 180, "lehce_zran": 0}}, {"type": "Feature", "geometry": {"type": "Point", "coordinates": [16.428767, 49.196239]}, "properties": {"fid": 180, "den": 21, "usmrceno": 0, "druh": "sr\u00e1\u017eka s lesn\u00ed zv\u011b\u0159\u00ed", "rok": 2015, "hmotna_sko": 10000, "cas": "0:00:00", "tezce_zran": 0, "pricina": "nezavin\u011bn\u00e1 \u0159idi\u010dem", "x": 16.428767, "y": 49.196239, "mesic": 1, "objectid": 181, "lehce_zran": 0}}, {"type": "Feature", "geometry": {"type": "Point", "coordinates": [16.641563, 49.201829]}, "properties": {"fid": 182, "den": 30, "usmrceno": 0, "druh": "sr\u00e1\u017eka s pevnou p\u0159ek\u00e1\u017ekou", "rok": 2015, "hmotna_sko": 20000, "cas": "0:00:00", "tezce_zran": 0, "pricina": "\u0159idi\u010d se pln\u011b nev\u011bnoval \u0159\u00edzen\u00ed vozidla", "x": 16.641563, "y": 49.201829, "mesic": 1, "objectid": 183, "lehce_zran": 0}}, {"type": "Feature", "geometry": {"type": "Point", "coordinates": [16.744225, 49.18678]}, "properties": {"fid": 184, "den": 15, "usmrceno": 0, "druh": "sr\u00e1\u017eka s jedouc\u00edm nekolejov\u00fdm vozidlem", "rok": 2015, "hmotna_sko": 41000, "cas": "0:00:00", "tezce_zran": 0, "pricina": "p\u0159i p\u0159ej\u00ed\u017ed\u011bn\u00ed z jednoho j\u00edzdn\u00edho pruhu do druh\u00e9ho", "x": 16.744225, "y": 49.18678, "mesic": 1, "objectid": 185, "lehce_zran": 0}}, {"type": "Feature", "geometry": {"type": "Point", "coordinates": [16.61421, 49.190544]}, "properties": {"fid": 186, "den": 21, "usmrceno": 0, "druh": "sr\u00e1\u017eka s vozidlem zaparkovan\u00fdm, odstaven\u00fdm", "rok": 2015, "hmotna_sko": 20000, "cas": "0:00:00", "tezce_zran": 0, "pricina": "\u0159idi\u010d se pln\u011b nev\u011bnoval \u0159\u00edzen\u00ed vozidla", "x": 16.61421, "y": 49.190544, "mesic": 1, "objectid": 187, "lehce_zran": 0}}, {"type": "Feature", "geometry": {"type": "Point", "coordinates": [16.60171, 49.12832]}, "properties": {"fid": 188, "den": 6, "usmrceno": 0, "druh": "jin\u00fd druh nehody", "rok": 2015, "hmotna_sko": 165000, "cas": "0:00:00", "tezce_zran": 0, "pricina": "jin\u00fd druh nespr\u00e1vn\u00e9ho zp\u016fsobu j\u00edzdy", "x": 16.60171, "y": 49.12832, "mesic": 1, "objectid": 189, "lehce_zran": 0}}, {"type": "Feature", "geometry": {"type": "Point", "coordinates": [16.615305, 49.192488]}, "properties": {"fid": 189, "den": 2, "usmrceno": 0, "druh": "sr\u00e1\u017eka s jedouc\u00edm nekolejov\u00fdm vozidlem", "rok": 2015, "hmotna_sko": 85000, "cas": "0:00:00", "tezce_zran": 0, "pricina": "nedodr\u017een\u00ed bezpe\u010dn\u00e9 vzd\u00e1lenosti za vozidlem", "x": 16.615305, "y": 49.192488, "mesic": 1, "objectid": 190, "lehce_zran": 0}}, {"type": "Feature", "geometry": {"type": "Point", "coordinates": [16.528944, 49.176697]}, "properties": {"fid": 190, "den": 2, "usmrceno": 0, "druh": "sr\u00e1\u017eka s pevnou p\u0159ek\u00e1\u017ekou", "rok": 2015, "hmotna_sko": 1000, "cas": "0:00:00", "tezce_zran": 0, "pricina": "\u0159idi\u010d se pln\u011b nev\u011bnoval \u0159\u00edzen\u00ed vozidla", "x": 16.528944, "y": 49.176697, "mesic": 1, "objectid": 191, "lehce_zran": 0}}, {"type": "Feature", "geometry": {"type": "Point", "coordinates": [16.588517, 49.223662]}, "properties": {"fid": 191, "den": 27, "usmrceno": 0, "druh": "sr\u00e1\u017eka s vozidlem zaparkovan\u00fdm, odstaven\u00fdm", "rok": 2015, "hmotna_sko": 60000, "cas": "0:00:00", "tezce_zran": 0, "pricina": "vozidlu p\u0159ij\u00ed\u017ed\u011bj\u00edc\u00edmu zprava", "x": 16.588517, "y": 49.223662, "mesic": 1, "objectid": 192, "lehce_zran": 0}}, {"type": "Feature", "geometry": {"type": "Point", "coordinates": [16.574949, 49.115294]}, "properties": {"fid": 192, "den": 28, "usmrceno": 0, "druh": "sr\u00e1\u017eka s pevnou p\u0159ek\u00e1\u017ekou", "rok": 2015, "hmotna_sko": 55000, "cas": "0:00:00", "tezce_zran": 0, "pricina": "\u0159idi\u010d se pln\u011b nev\u011bnoval \u0159\u00edzen\u00ed vozidla", "x": 16.574949, "y": 49.115294, "mesic": 1, "objectid": 193, "lehce_zran": 0}}, {"type": "Feature", "geometry": {"type": "Point", "coordinates": [16.525928, 49.280571]}, "properties": {"fid": 193, "den": 27, "usmrceno": 0, "druh": "sr\u00e1\u017eka s lesn\u00ed zv\u011b\u0159\u00ed", "rok": 2015, "hmotna_sko": 40000, "cas": "0:00:00", "tezce_zran": 0, "pricina": "nezavin\u011bn\u00e1 \u0159idi\u010dem", "x": 16.525928, "y": 49.280571, "mesic": 1, "objectid": 194, "lehce_zran": 0}}, {"type": "Feature", "geometry": {"type": "Point", "coordinates": [16.554856, 49.168485]}, "properties": {"fid": 194, "den": 10, "usmrceno": 0, "druh": "nehoda", "rok": 2015, "hmotna_sko": 5500, "cas": "0:00:00", "tezce_zran": 0, "pricina": "\u0159idi\u010d se pln\u011b nev\u011bnoval \u0159\u00edzen\u00ed vozidla", "x": 16.554856, "y": 49.168485, "mesic": 1, "objectid": 195, "lehce_zran": 0}}, {"type": "Feature", "geometry": {"type": "Point", "coordinates": [16.610136, 49.199705]}, "properties": {"fid": 195, "den": 14, "usmrceno": 0, "druh": "sr\u00e1\u017eka s dom\u00e1c\u00edm zv\u00ed\u0159etem", "rok": 2015, "hmotna_sko": 1000, "cas": "0:00:00", "tezce_zran": 0, "pricina": "nezavin\u011bn\u00e1 \u0159idi\u010dem", "x": 16.610136, "y": 49.199705, "mesic": 1, "objectid": 196, "lehce_zran": 0}}, {"type": "Feature", "geometry": {"type": "Point", "coordinates": [16.606851, 49.20326]}, "properties": {"fid": 196, "den": 16, "usmrceno": 0, "druh": "sr\u00e1\u017eka s pevnou p\u0159ek\u00e1\u017ekou", "rok": 2015, "hmotna_sko": 25000, "cas": "0:00:00", "tezce_zran": 0, "pricina": "\u0159idi\u010d se pln\u011b nev\u011bnoval \u0159\u00edzen\u00ed vozidla", "x": 16.606851, "y": 49.20326, "mesic": 1, "objectid": 197, "lehce_zran": 0}}, {"type": "Feature", "geometry": {"type": "Point", "coordinates": [16.606739, 49.203467]}, "properties": {"fid": 197, "den": 21, "usmrceno": 0, "druh": "sr\u00e1\u017eka s pevnou p\u0159ek\u00e1\u017ekou", "rok": 2015, "hmotna_sko": 25000, "cas": "0:00:00", "tezce_zran": 0, "pricina": "\u0159idi\u010d se pln\u011b nev\u011bnoval \u0159\u00edzen\u00ed vozidla", "x": 16.606739, "y": 49.203467, "mesic": 1, "objectid": 198, "lehce_zran": 0}}, {"type": "Feature", "geometry": {"type": "Point", "coordinates": [16.60384, 49.117968]}, "properties": {"fid": 199, "den": 13, "usmrceno": 0, "druh": "jin\u00fd druh nehody", "rok": 2015, "hmotna_sko": 150000, "cas": "0:00:00", "tezce_zran": 0, "pricina": "jin\u00fd druh nespr\u00e1vn\u00e9ho zp\u016fsobu j\u00edzdy", "x": 16.60384, "y": 49.117968, "mesic": 1, "objectid": 200, "lehce_zran": 0}}, {"type": "Feature", "geometry": {"type": "Point", "coordinates": [16.616931, 49.210555]}, "properties": {"fid": 200, "den": 1, "usmrceno": 0, "druh": "sr\u00e1\u017eka s pevnou p\u0159ek\u00e1\u017ekou", "rok": 2015, "hmotna_sko": 5000, "cas": "0:00:00", "tezce_zran": 0, "pricina": "\u0159idi\u010d se pln\u011b nev\u011bnoval \u0159\u00edzen\u00ed vozidla", "x": 16.616931, "y": 49.210555, "mesic": 1, "objectid": 201, "lehce_zran": 0}}, {"type": "Feature", "geometry": {"type": "Point", "coordinates": [16.531163, 49.2278]}, "properties": {"fid": 202, "den": 6, "usmrceno": 0, "druh": "nehoda", "rok": 2015, "hmotna_sko": 105000, "cas": "0:00:00", "tezce_zran": 0, "pricina": "nep\u0159izp\u016fsoben\u00ed rychlosti stavu vozovky (n\u00e1led\u00ed, v\u00fdtluky, bl\u00e1to, mokr\u00fd povrch apod.)", "x": 16.531163, "y": 49.2278, "mesic": 1, "objectid": 203, "lehce_zran": 0}}, {"type": "Feature", "geometry": {"type": "Point", "coordinates": [16.604595, 49.205596]}, "properties": {"fid": 203, "den": 7, "usmrceno": 0, "druh": "sr\u00e1\u017eka s jedouc\u00edm nekolejov\u00fdm vozidlem", "rok": 2015, "hmotna_sko": 1000, "cas": "0:00:00", "tezce_zran": 0, "pricina": "\u0159idi\u010d se pln\u011b nev\u011bnoval \u0159\u00edzen\u00ed vozidla", "x": 16.604595, "y": 49.205596, "mesic": 1, "objectid": 204, "lehce_zran": 0}}, {"type": "Feature", "geometry": {"type": "Point", "coordinates": [16.731649, 49.061195]}, "properties": {"fid": 204, "den": 3, "usmrceno": 0, "druh": "sr\u00e1\u017eka s jedouc\u00edm nekolejov\u00fdm vozidlem", "rok": 2015, "hmotna_sko": 182000, "cas": "0:00:00", "tezce_zran": 0, "pricina": "nep\u0159izp\u016fsoben\u00ed rychlosti stavu vozovky (n\u00e1led\u00ed, v\u00fdtluky, bl\u00e1to, mokr\u00fd povrch apod.)", "x": 16.731649, "y": 49.061195, "mesic": 1, "objectid": 205, "lehce_zran": 0}}, {"type": "Feature", "geometry": {"type": "Point", "coordinates": [16.52011, 49.227016]}, "properties": {"fid": 206, "den": 24, "usmrceno": 0, "druh": "sr\u00e1\u017eka s jedouc\u00edm nekolejov\u00fdm vozidlem", "rok": 2015, "hmotna_sko": 121000, "cas": "0:00:00", "tezce_zran": 0, "pricina": "proti p\u0159\u00edkazu dopravn\u00ed zna\u010dky st\u016fj dej p\u0159ednost", "x": 16.52011, "y": 49.227016, "mesic": 1, "objectid": 207, "lehce_zran": 0}}, {"type": "Feature", "geometry": {"type": "Point", "coordinates": [16.638869, 49.161191]}, "properties": {"fid": 207, "den": 22, "usmrceno": 0, "druh": "sr\u00e1\u017eka s vozidlem zaparkovan\u00fdm, odstaven\u00fdm", "rok": 2015, "hmotna_sko": 5000, "cas": "0:00:00", "tezce_zran": 0, "pricina": "\u0159idi\u010d se pln\u011b nev\u011bnoval \u0159\u00edzen\u00ed vozidla", "x": 16.638869, "y": 49.161191, "mesic": 1, "objectid": 208, "lehce_zran": 0}}, {"type": "Feature", "geometry": {"type": "Point", "coordinates": [16.453695, 49.171743]}, "properties": {"fid": 208, "den": 27, "usmrceno": 0, "druh": "sr\u00e1\u017eka s vozidlem zaparkovan\u00fdm, odstaven\u00fdm", "rok": 2015, "hmotna_sko": 400000, "cas": "0:00:00", "tezce_zran": 0, "pricina": "nep\u0159izp\u016fsoben\u00ed rychlosti stavu vozovky (n\u00e1led\u00ed, v\u00fdtluky, bl\u00e1to, mokr\u00fd povrch apod.)", "x": 16.453695, "y": 49.171743, "mesic": 1, "objectid": 209, "lehce_zran": 0}}, {"type": "Feature", "geometry": {"type": "Point", "coordinates": [16.617881, 49.232718]}, "properties": {"fid": 209, "den": 27, "usmrceno": 0, "druh": "jin\u00fd druh nehody", "rok": 2015, "hmotna_sko": 2000, "cas": "0:00:00", "tezce_zran": 0, "pricina": "nep\u0159izp\u016fsoben\u00ed rychlosti stavu vozovky (n\u00e1led\u00ed, v\u00fdtluky, bl\u00e1to, mokr\u00fd povrch apod.)", "x": 16.617881, "y": 49.232718, "mesic": 1, "objectid": 210, "lehce_zran": 0}}, {"type": "Feature", "geometry": {"type": "Point", "coordinates": [16.576587, 49.191159]}, "properties": {"fid": 210, "den": 26, "usmrceno": 0, "druh": "sr\u00e1\u017eka s vozidlem zaparkovan\u00fdm, odstaven\u00fdm", "rok": 2015, "hmotna_sko": 15000, "cas": "0:00:00", "tezce_zran": 0, "pricina": "\u0159idi\u010d se pln\u011b nev\u011bnoval \u0159\u00edzen\u00ed vozidla", "x": 16.576587, "y": 49.191159, "mesic": 1, "objectid": 211, "lehce_zran": 0}}, {"type": "Feature", "geometry": {"type": "Point", "coordinates": [16.710396, 49.143581]}, "properties": {"fid": 211, "den": 19, "usmrceno": 0, "druh": "sr\u00e1\u017eka s vozidlem zaparkovan\u00fdm, odstaven\u00fdm", "rok": 2015, "hmotna_sko": 21000, "cas": "0:00:00", "tezce_zran": 0, "pricina": "\u0159idi\u010d se pln\u011b nev\u011bnoval \u0159\u00edzen\u00ed vozidla", "x": 16.710396, "y": 49.143581, "mesic": 1, "objectid": 212, "lehce_zran": 0}}, {"type": "Feature", "geometry": {"type": "Point", "coordinates": [16.438026, 49.205679]}, "properties": {"fid": 213, "den": 17, "usmrceno": 0, "druh": "nehoda", "rok": 2015, "hmotna_sko": 130000, "cas": "0:00:00", "tezce_zran": 0, "pricina": "nep\u0159izp\u016fsoben\u00ed rychlosti dopravn\u011b technick\u00e9mu stavu vozovky (zat\u00e1\u010dka, kles\u00e1n\u00ed, stoup\u00e1n\u00ed, \u0161\u00ed\u0159ka vozovky apod.)", "x": 16.438026, "y": 49.205679, "mesic": 1, "objectid": 214, "lehce_zran": 0}}, {"type": "Feature", "geometry": {"type": "Point", "coordinates": [16.530566, 49.299974]}, "properties": {"fid": 214, "den": 20, "usmrceno": 0, "druh": "sr\u00e1\u017eka s jedouc\u00edm nekolejov\u00fdm vozidlem", "rok": 2015, "hmotna_sko": 180000, "cas": "0:00:00", "tezce_zran": 0, "pricina": "p\u0159i odbo\u010dov\u00e1n\u00ed vlevo soub\u011b\u017en\u011b jedouc\u00edmu vozidlu", "x": 16.530566, "y": 49.299974, "mesic": 1, "objectid": 215, "lehce_zran": 0}}, {"type": "Feature", "geometry": {"type": "Point", "coordinates": [16.605376, 49.238534]}, "properties": {"fid": 215, "den": 22, "usmrceno": 0, "druh": "sr\u00e1\u017eka s jedouc\u00edm nekolejov\u00fdm vozidlem", "rok": 2015, "hmotna_sko": 200000, "cas": "0:00:00", "tezce_zran": 0, "pricina": "p\u0159i vj\u00ed\u017ed\u011bn\u00ed na silnici", "x": 16.605376, "y": 49.238534, "mesic": 1, "objectid": 216, "lehce_zran": 0}}, {"type": "Feature", "geometry": {"type": "Point", "coordinates": [16.453695, 49.171743]}, "properties": {"fid": 216, "den": 27, "usmrceno": 0, "druh": "sr\u00e1\u017eka s pevnou p\u0159ek\u00e1\u017ekou", "rok": 2015, "hmotna_sko": 82000, "cas": "0:00:00", "tezce_zran": 0, "pricina": "nep\u0159izp\u016fsoben\u00ed rychlosti stavu vozovky (n\u00e1led\u00ed, v\u00fdtluky, bl\u00e1to, mokr\u00fd povrch apod.)", "x": 16.453695, "y": 49.171743, "mesic": 1, "objectid": 217, "lehce_zran": 0}}, {"type": "Feature", "geometry": {"type": "Point", "coordinates": [16.576061, 49.184975]}, "properties": {"fid": 217, "den": 29, "usmrceno": 0, "druh": "sr\u00e1\u017eka s jedouc\u00edm nekolejov\u00fdm vozidlem", "rok": 2015, "hmotna_sko": 5000, "cas": "0:00:00", "tezce_zran": 0, "pricina": "vyh\u00fdb\u00e1n\u00ed bez dostate\u010dn\u00e9ho bo\u010dn\u00edho odstupu (v\u016fle)", "x": 16.576061, "y": 49.184975, "mesic": 1, "objectid": 218, "lehce_zran": 0}}, {"type": "Feature", "geometry": {"type": "Point", "coordinates": [16.566186, 49.193275]}, "properties": {"fid": 218, "den": 16, "usmrceno": 0, "druh": "sr\u00e1\u017eka s jedouc\u00edm nekolejov\u00fdm vozidlem", "rok": 2015, "hmotna_sko": 5000, "cas": "0:00:00", "tezce_zran": 0, "pricina": "p\u0159i odbo\u010dov\u00e1n\u00ed vlevo", "x": 16.566186, "y": 49.193275, "mesic": 1, "objectid": 219, "lehce_zran": 0}}, {"type": "Feature", "geometry": {"type": "Point", "coordinates": [16.584284, 49.236614]}, "properties": {"fid": 219, "den": 27, "usmrceno": 0, "druh": "sr\u00e1\u017eka s vozidlem zaparkovan\u00fdm, odstaven\u00fdm", "rok": 2015, "hmotna_sko": 10000, "cas": "0:00:00", "tezce_zran": 0, "pricina": "nep\u0159izp\u016fsoben\u00ed rychlosti stavu vozovky (n\u00e1led\u00ed, v\u00fdtluky, bl\u00e1to, mokr\u00fd povrch apod.)", "x": 16.584284, "y": 49.236614, "mesic": 1, "objectid": 220, "lehce_zran": 0}}, {"type": "Feature", "geometry": {"type": "Point", "coordinates": [16.748668, 49.292316]}, "properties": {"fid": 220, "den": 24, "usmrceno": 0, "druh": "sr\u00e1\u017eka s lesn\u00ed zv\u011b\u0159\u00ed", "rok": 2015, "hmotna_sko": 25000, "cas": "0:00:00", "tezce_zran": 0, "pricina": "nezavin\u011bn\u00e1 \u0159idi\u010dem", "x": 16.748668, "y": 49.292316, "mesic": 1, "objectid": 221, "lehce_zran": 0}}, {"type": "Feature", "geometry": {"type": "Point", "coordinates": [16.591682, 49.224781]}, "properties": {"fid": 221, "den": 23, "usmrceno": 0, "druh": "sr\u00e1\u017eka s vozidlem zaparkovan\u00fdm, odstaven\u00fdm", "rok": 2015, "hmotna_sko": 5000, "cas": "0:00:00", "tezce_zran": 0, "pricina": "vyh\u00fdb\u00e1n\u00ed bez dostate\u010dn\u00e9ho bo\u010dn\u00edho odstupu (v\u016fle)", "x": 16.591682, "y": 49.224781, "mesic": 1, "objectid": 222, "lehce_zran": 0}}, {"type": "Feature", "geometry": {"type": "Point", "coordinates": [16.577214, 49.291119]}, "properties": {"fid": 223, "den": 25, "usmrceno": 0, "druh": "sr\u00e1\u017eka s pevnou p\u0159ek\u00e1\u017ekou", "rok": 2015, "hmotna_sko": 170000, "cas": "0:00:00", "tezce_zran": 0, "pricina": "nep\u0159izp\u016fsoben\u00ed rychlosti stavu vozovky (n\u00e1led\u00ed, v\u00fdtluky, bl\u00e1to, mokr\u00fd povrch apod.)", "x": 16.577214, "y": 49.291119, "mesic": 1, "objectid": 224, "lehce_zran": 0}}, {"type": "Feature", "geometry": {"type": "Point", "coordinates": [16.519531, 49.229751]}, "properties": {"fid": 224, "den": 12, "usmrceno": 0, "druh": "sr\u00e1\u017eka s pevnou p\u0159ek\u00e1\u017ekou", "rok": 2015, "hmotna_sko": 11000, "cas": "0:00:00", "tezce_zran": 0, "pricina": "\u0159idi\u010d se pln\u011b nev\u011bnoval \u0159\u00edzen\u00ed vozidla", "x": 16.519531, "y": 49.229751, "mesic": 1, "objectid": 225, "lehce_zran": 0}}, {"type": "Feature", "geometry": {"type": "Point", "coordinates": [16.497563, 49.215015]}, "properties": {"fid": 225, "den": 27, "usmrceno": 0, "druh": "sr\u00e1\u017eka s jedouc\u00edm nekolejov\u00fdm vozidlem", "rok": 2015, "hmotna_sko": 70000, "cas": "0:00:00", "tezce_zran": 0, "pricina": "nep\u0159izp\u016fsoben\u00ed rychlosti stavu vozovky (n\u00e1led\u00ed, v\u00fdtluky, bl\u00e1to, mokr\u00fd povrch apod.)", "x": 16.497563, "y": 49.215015, "mesic": 1, "objectid": 226, "lehce_zran": 0}}, {"type": "Feature", "geometry": {"type": "Point", "coordinates": [16.511255, 49.173708]}, "properties": {"fid": 226, "den": 18, "usmrceno": 0, "druh": "sr\u00e1\u017eka s pevnou p\u0159ek\u00e1\u017ekou", "rok": 2015, "hmotna_sko": 10000, "cas": "0:00:00", "tezce_zran": 0, "pricina": "nespr\u00e1vn\u00e9 ot\u00e1\u010den\u00ed nebo couv\u00e1n\u00ed", "x": 16.511255, "y": 49.173708, "mesic": 1, "objectid": 227, "lehce_zran": 0}}, {"type": "Feature", "geometry": {"type": "Point", "coordinates": [16.48294, 49.251793]}, "properties": {"fid": 228, "den": 1, "usmrceno": 0, "druh": "sr\u00e1\u017eka s pevnou p\u0159ek\u00e1\u017ekou", "rok": 2015, "hmotna_sko": 52000, "cas": "0:00:00", "tezce_zran": 0, "pricina": "nep\u0159izp\u016fsoben\u00ed rychlosti stavu vozovky (n\u00e1led\u00ed, v\u00fdtluky, bl\u00e1to, mokr\u00fd povrch apod.)", "x": 16.48294, "y": 49.251793, "mesic": 1, "objectid": 229, "lehce_zran": 0}}, {"type": "Feature", "geometry": {"type": "Point", "coordinates": [16.517874, 49.220349]}, "properties": {"fid": 229, "den": 5, "usmrceno": 0, "druh": "sr\u00e1\u017eka s lesn\u00ed zv\u011b\u0159\u00ed", "rok": 2015, "hmotna_sko": 20000, "cas": "0:00:00", "tezce_zran": 0, "pricina": "nezavin\u011bn\u00e1 \u0159idi\u010dem", "x": 16.517874, "y": 49.220349, "mesic": 1, "objectid": 230, "lehce_zran": 0}}, {"type": "Feature", "geometry": {"type": "Point", "coordinates": [16.622258, 49.185507]}, "properties": {"fid": 230, "den": 6, "usmrceno": 0, "druh": "sr\u00e1\u017eka s pevnou p\u0159ek\u00e1\u017ekou", "rok": 2015, "hmotna_sko": 55000, "cas": "0:00:00", "tezce_zran": 0, "pricina": "\u0159idi\u010d se pln\u011b nev\u011bnoval \u0159\u00edzen\u00ed vozidla", "x": 16.622258, "y": 49.185507, "mesic": 1, "objectid": 231, "lehce_zran": 0}}, {"type": "Feature", "geometry": {"type": "Point", "coordinates": [16.546844, 49.177997]}, "properties": {"fid": 231, "den": 7, "usmrceno": 0, "druh": "sr\u00e1\u017eka s jedouc\u00edm nekolejov\u00fdm vozidlem", "rok": 2015, "hmotna_sko": 105000, "cas": "0:00:00", "tezce_zran": 0, "pricina": "\u0159idi\u010d se pln\u011b nev\u011bnoval \u0159\u00edzen\u00ed vozidla", "x": 16.546844, "y": 49.177997, "mesic": 1, "objectid": 232, "lehce_zran": 0}}, {"type": "Feature", "geometry": {"type": "Point", "coordinates": [16.478664, 49.054946]}, "properties": {"fid": 233, "den": 29, "usmrceno": 0, "druh": "sr\u00e1\u017eka s pevnou p\u0159ek\u00e1\u017ekou", "rok": 2015, "hmotna_sko": 100000, "cas": "0:00:00", "tezce_zran": 0, "pricina": "p\u0159i odbo\u010dov\u00e1n\u00ed vlevo", "x": 16.478664, "y": 49.054946, "mesic": 1, "objectid": 234, "lehce_zran": 0}}, {"type": "Feature", "geometry": {"type": "Point", "coordinates": [16.440803, 49.238973]}, "properties": {"fid": 234, "den": 29, "usmrceno": 0, "druh": "nehoda", "rok": 2015, "hmotna_sko": 110000, "cas": "0:00:00", "tezce_zran": 0, "pricina": "nep\u0159izp\u016fsoben\u00ed rychlosti stavu vozovky (n\u00e1led\u00ed, v\u00fdtluky, bl\u00e1to, mokr\u00fd povrch apod.)", "x": 16.440803, "y": 49.238973, "mesic": 1, "objectid": 235, "lehce_zran": 0}}, {"type": "Feature", "geometry": {"type": "Point", "coordinates": [16.647611, 49.165852]}, "properties": {"fid": 235, "den": 8, "usmrceno": 0, "druh": "sr\u00e1\u017eka s pevnou p\u0159ek\u00e1\u017ekou", "rok": 2015, "hmotna_sko": 51000, "cas": "0:00:00", "tezce_zran": 0, "pricina": "nep\u0159izp\u016fsoben\u00ed rychlosti stavu vozovky (n\u00e1led\u00ed, v\u00fdtluky, bl\u00e1to, mokr\u00fd povrch apod.)", "x": 16.647611, "y": 49.165852, "mesic": 1, "objectid": 236, "lehce_zran": 0}}, {"type": "Feature", "geometry": {"type": "Point", "coordinates": [16.643131, 49.201943]}, "properties": {"fid": 236, "den": 7, "usmrceno": 0, "druh": "sr\u00e1\u017eka s jedouc\u00edm nekolejov\u00fdm vozidlem", "rok": 2015, "hmotna_sko": 134000, "cas": "0:00:00", "tezce_zran": 0, "pricina": "p\u0159i odbo\u010dov\u00e1n\u00ed vlevo", "x": 16.643131, "y": 49.201943, "mesic": 1, "objectid": 237, "lehce_zran": 0}}, {"type": "Feature", "geometry": {"type": "Point", "coordinates": [16.620926, 49.180956]}, "properties": {"fid": 237, "den": 7, "usmrceno": 0, "druh": "sr\u00e1\u017eka s jedouc\u00edm nekolejov\u00fdm vozidlem", "rok": 2015, "hmotna_sko": 90000, "cas": "0:00:00", "tezce_zran": 0, "pricina": "\u0159idi\u010d se pln\u011b nev\u011bnoval \u0159\u00edzen\u00ed vozidla", "x": 16.620926, "y": 49.180956, "mesic": 1, "objectid": 238, "lehce_zran": 0}}, {"type": "Feature", "geometry": {"type": "Point", "coordinates": [16.624685, 49.213154]}, "properties": {"fid": 239, "den": 22, "usmrceno": 0, "druh": "sr\u00e1\u017eka s vozidlem zaparkovan\u00fdm, odstaven\u00fdm", "rok": 2015, "hmotna_sko": 10000, "cas": "0:00:00", "tezce_zran": 0, "pricina": "\u0159idi\u010d se pln\u011b nev\u011bnoval \u0159\u00edzen\u00ed vozidla", "x": 16.624685, "y": 49.213154, "mesic": 1, "objectid": 240, "lehce_zran": 0}}, {"type": "Feature", "geometry": {"type": "Point", "coordinates": [16.602718, 49.072893]}, "properties": {"fid": 240, "den": 27, "usmrceno": 0, "druh": "sr\u00e1\u017eka s jedouc\u00edm nekolejov\u00fdm vozidlem", "rok": 2015, "hmotna_sko": 180000, "cas": "0:00:00", "tezce_zran": 0, "pricina": "nep\u0159izp\u016fsoben\u00ed rychlosti stavu vozovky (n\u00e1led\u00ed, v\u00fdtluky, bl\u00e1to, mokr\u00fd povrch apod.)", "x": 16.602718, "y": 49.072893, "mesic": 1, "objectid": 241, "lehce_zran": 0}}, {"type": "Feature", "geometry": {"type": "Point", "coordinates": [16.455504, 49.070239]}, "properties": {"fid": 241, "den": 27, "usmrceno": 0, "druh": "sr\u00e1\u017eka s jedouc\u00edm nekolejov\u00fdm vozidlem", "rok": 2015, "hmotna_sko": 10000, "cas": "0:00:00", "tezce_zran": 0, "pricina": "vyh\u00fdb\u00e1n\u00ed bez dostate\u010dn\u00e9ho bo\u010dn\u00edho odstupu (v\u016fle)", "x": 16.455504, "y": 49.070239, "mesic": 1, "objectid": 242, "lehce_zran": 0}}, {"type": "Feature", "geometry": {"type": "Point", "coordinates": [16.692711, 49.226643]}, "properties": {"fid": 242, "den": 24, "usmrceno": 0, "druh": "sr\u00e1\u017eka s lesn\u00ed zv\u011b\u0159\u00ed", "rok": 2015, "hmotna_sko": 20000, "cas": "0:00:00", "tezce_zran": 0, "pricina": "nezavin\u011bn\u00e1 \u0159idi\u010dem", "x": 16.692711, "y": 49.226643, "mesic": 1, "objectid": 243, "lehce_zran": 0}}, {"type": "Feature", "geometry": {"type": "Point", "coordinates": [16.585451, 49.255214]}, "properties": {"fid": 243, "den": 9, "usmrceno": 0, "druh": "sr\u00e1\u017eka s pevnou p\u0159ek\u00e1\u017ekou", "rok": 2015, "hmotna_sko": 55000, "cas": "0:00:00", "tezce_zran": 0, "pricina": "nep\u0159izp\u016fsoben\u00ed rychlosti stavu vozovky (n\u00e1led\u00ed, v\u00fdtluky, bl\u00e1to, mokr\u00fd povrch apod.)", "x": 16.585451, "y": 49.255214, "mesic": 1, "objectid": 244, "lehce_zran": 0}}, {"type": "Feature", "geometry": {"type": "Point", "coordinates": [16.52844, 49.234421]}, "properties": {"fid": 244, "den": 11, "usmrceno": 0, "druh": "sr\u00e1\u017eka s dom\u00e1c\u00edm zv\u00ed\u0159etem", "rok": 2015, "hmotna_sko": 5000, "cas": "0:00:00", "tezce_zran": 0, "pricina": "nezavin\u011bn\u00e1 \u0159idi\u010dem", "x": 16.52844, "y": 49.234421, "mesic": 1, "objectid": 245, "lehce_zran": 0}}, {"type": "Feature", "geometry": {"type": "Point", "coordinates": [16.665974, 49.141161]}, "properties": {"fid": 245, "den": 14, "usmrceno": 0, "druh": "sr\u00e1\u017eka s vozidlem zaparkovan\u00fdm, odstaven\u00fdm", "rok": 2015, "hmotna_sko": 2000, "cas": "0:00:00", "tezce_zran": 0, "pricina": "\u0159idi\u010d se pln\u011b nev\u011bnoval \u0159\u00edzen\u00ed vozidla", "x": 16.665974, "y": 49.141161, "mesic": 1, "objectid": 246, "lehce_zran": 0}}, {"type": "Feature", "geometry": {"type": "Point", "coordinates": [16.665651, 49.14279]}, "properties": {"fid": 246, "den": 14, "usmrceno": 0, "druh": "sr\u00e1\u017eka s pevnou p\u0159ek\u00e1\u017ekou", "rok": 2015, "hmotna_sko": 10000, "cas": "0:00:00", "tezce_zran": 0, "pricina": "\u0159idi\u010d se pln\u011b nev\u011bnoval \u0159\u00edzen\u00ed vozidla", "x": 16.665651, "y": 49.14279, "mesic": 1, "objectid": 247, "lehce_zran": 0}}, {"type": "Feature", "geometry": {"type": "Point", "coordinates": [16.593905, 49.204485]}, "properties": {"fid": 247, "den": 17, "usmrceno": 0, "druh": "sr\u00e1\u017eka s jedouc\u00edm nekolejov\u00fdm vozidlem", "rok": 2015, "hmotna_sko": 50000, "cas": "0:00:00", "tezce_zran": 0, "pricina": "j\u00edzda na \"\u010dervenou\" 3-barevn\u00e9ho semaforu", "x": 16.593905, "y": 49.204485, "mesic": 1, "objectid": 248, "lehce_zran": 0}}, {"type": "Feature", "geometry": {"type": "Point", "coordinates": [16.710543, 49.143624]}, "properties": {"fid": 248, "den": 19, "usmrceno": 0, "druh": "sr\u00e1\u017eka s lesn\u00ed zv\u011b\u0159\u00ed", "rok": 2015, "hmotna_sko": 5000, "cas": "0:00:00", "tezce_zran": 0, "pricina": "nezavin\u011bn\u00e1 \u0159idi\u010dem", "x": 16.710543, "y": 49.143624, "mesic": 1, "objectid": 249, "lehce_zran": 0}}, {"type": "Feature", "geometry": {"type": "Point", "coordinates": [16.605084, 49.203978]}, "properties": {"fid": 249, "den": 19, "usmrceno": 0, "druh": "sr\u00e1\u017eka s vozidlem zaparkovan\u00fdm, odstaven\u00fdm", "rok": 2015, "hmotna_sko": 10000, "cas": "0:00:00", "tezce_zran": 0, "pricina": "\u0159idi\u010d se pln\u011b nev\u011bnoval \u0159\u00edzen\u00ed vozidla", "x": 16.605084, "y": 49.203978, "mesic": 1, "objectid": 250, "lehce_zran": 0}}, {"type": "Feature", "geometry": {"type": "Point", "coordinates": [16.616974, 49.209757]}, "properties": {"fid": 250, "den": 13, "usmrceno": 0, "druh": "sr\u00e1\u017eka s vozidlem zaparkovan\u00fdm, odstaven\u00fdm", "rok": 2015, "hmotna_sko": 10000, "cas": "0:00:00", "tezce_zran": 0, "pricina": "\u0159idi\u010d se pln\u011b nev\u011bnoval \u0159\u00edzen\u00ed vozidla", "x": 16.616974, "y": 49.209757, "mesic": 1, "objectid": 251, "lehce_zran": 0}}, {"type": "Feature", "geometry": {"type": "Point", "coordinates": [16.588952, 49.209692]}, "properties": {"fid": 251, "den": 1, "usmrceno": 0, "druh": "sr\u00e1\u017eka s pevnou p\u0159ek\u00e1\u017ekou", "rok": 2015, "hmotna_sko": 25000, "cas": "0:00:00", "tezce_zran": 0, "pricina": "\u0159idi\u010d se pln\u011b nev\u011bnoval \u0159\u00edzen\u00ed vozidla", "x": 16.588952, "y": 49.209692, "mesic": 1, "objectid": 252, "lehce_zran": 0}}, {"type": "Feature", "geometry": {"type": "Point", "coordinates": [16.698916, 49.121933]}, "properties": {"fid": 252, "den": 8, "usmrceno": 0, "druh": "sr\u00e1\u017eka s jedouc\u00edm nekolejov\u00fdm vozidlem", "rok": 2015, "hmotna_sko": 360000, "cas": "0:00:00", "tezce_zran": 0, "pricina": "p\u0159i p\u0159edj\u00ed\u017ed\u011bn\u00ed do\u0161lo k ohro\u017een\u00ed protijedouc\u00edho \u0159idi\u010de vozidla (\u0161patn\u00fd odhad vzd\u00e1lenosti pot\u0159ebn\u00e9 k p\u0159edjet\u00ed apod.)", "x": 16.698916, "y": 49.121933, "mesic": 1, "objectid": 253, "lehce_zran": 0}}, {"type": "Feature", "geometry": {"type": "Point", "coordinates": [16.620144, 49.124874]}, "properties": {"fid": 253, "den": 8, "usmrceno": 0, "druh": "sr\u00e1\u017eka s jedouc\u00edm nekolejov\u00fdm vozidlem", "rok": 2015, "hmotna_sko": 150000, "cas": "0:00:00", "tezce_zran": 0, "pricina": "nep\u0159izp\u016fsoben\u00ed rychlosti stavu vozovky (n\u00e1led\u00ed, v\u00fdtluky, bl\u00e1to, mokr\u00fd povrch apod.)", "x": 16.620144, "y": 49.124874, "mesic": 1, "objectid": 254, "lehce_zran": 0}}, {"type": "Feature", "geometry": {"type": "Point", "coordinates": [16.624536, 49.245691]}, "properties": {"fid": 258, "den": 8, "usmrceno": 0, "druh": "sr\u00e1\u017eka s pevnou p\u0159ek\u00e1\u017ekou", "rok": 2015, "hmotna_sko": 82000, "cas": "0:00:00", "tezce_zran": 0, "pricina": "nep\u0159izp\u016fsoben\u00ed rychlosti stavu vozovky (n\u00e1led\u00ed, v\u00fdtluky, bl\u00e1to, mokr\u00fd povrch apod.)", "x": 16.624536, "y": 49.245691, "mesic": 1, "objectid": 259, "lehce_zran": 0}}, {"type": "Feature", "geometry": {"type": "Point", "coordinates": [16.620144, 49.124874]}, "properties": {"fid": 261, "den": 8, "usmrceno": 0, "druh": "sr\u00e1\u017eka s pevnou p\u0159ek\u00e1\u017ekou", "rok": 2015, "hmotna_sko": 50000, "cas": "0:00:00", "tezce_zran": 0, "pricina": "nep\u0159izp\u016fsoben\u00ed rychlosti stavu vozovky (n\u00e1led\u00ed, v\u00fdtluky, bl\u00e1to, mokr\u00fd povrch apod.)", "x": 16.620144, "y": 49.124874, "mesic": 1, "objectid": 262, "lehce_zran": 0}}, {"type": "Feature", "geometry": {"type": "Point", "coordinates": [16.613254, 49.198641]}, "properties": {"fid": 262, "den": 12, "usmrceno": 0, "druh": "sr\u00e1\u017eka s vozidlem zaparkovan\u00fdm, odstaven\u00fdm", "rok": 2015, "hmotna_sko": 5000, "cas": "0:00:00", "tezce_zran": 0, "pricina": "\u0159idi\u010d se pln\u011b nev\u011bnoval \u0159\u00edzen\u00ed vozidla", "x": 16.613254, "y": 49.198641, "mesic": 1, "objectid": 263, "lehce_zran": 0}}, {"type": "Feature", "geometry": {"type": "Point", "coordinates": [16.637956, 49.21551]}, "properties": {"fid": 263, "den": 18, "usmrceno": 0, "druh": "sr\u00e1\u017eka s vozidlem zaparkovan\u00fdm, odstaven\u00fdm", "rok": 2015, "hmotna_sko": 10000, "cas": "0:00:00", "tezce_zran": 0, "pricina": "\u0159idi\u010d se pln\u011b nev\u011bnoval \u0159\u00edzen\u00ed vozidla", "x": 16.637956, "y": 49.21551, "mesic": 1, "objectid": 264, "lehce_zran": 0}}, {"type": "Feature", "geometry": {"type": "Point", "coordinates": [16.566336, 49.170353]}, "properties": {"fid": 264, "den": 8, "usmrceno": 0, "druh": "sr\u00e1\u017eka s vozidlem zaparkovan\u00fdm, odstaven\u00fdm", "rok": 2015, "hmotna_sko": 5000, "cas": "0:00:00", "tezce_zran": 0, "pricina": "\u0159idi\u010d se pln\u011b nev\u011bnoval \u0159\u00edzen\u00ed vozidla", "x": 16.566336, "y": 49.170353, "mesic": 1, "objectid": 265, "lehce_zran": 0}}, {"type": "Feature", "geometry": {"type": "Point", "coordinates": [16.604413, 49.183601]}, "properties": {"fid": 265, "den": 19, "usmrceno": 0, "druh": "sr\u00e1\u017eka s jedouc\u00edm nekolejov\u00fdm vozidlem", "rok": 2015, "hmotna_sko": 171000, "cas": "0:00:00", "tezce_zran": 0, "pricina": "\u0159idi\u010d se pln\u011b nev\u011bnoval \u0159\u00edzen\u00ed vozidla", "x": 16.604413, "y": 49.183601, "mesic": 1, "objectid": 266, "lehce_zran": 0}}, {"type": "Feature", "geometry": {"type": "Point", "coordinates": [16.797473, 49.16384]}, "properties": {"fid": 266, "den": 16, "usmrceno": 0, "druh": "sr\u00e1\u017eka s vozidlem zaparkovan\u00fdm, odstaven\u00fdm", "rok": 2015, "hmotna_sko": 1000, "cas": "0:00:00", "tezce_zran": 0, "pricina": "nezvl\u00e1dnut\u00ed \u0159\u00edzen\u00ed vozidla", "x": 16.797473, "y": 49.16384, "mesic": 1, "objectid": 267, "lehce_zran": 0}}, {"type": "Feature", "geometry": {"type": "Point", "coordinates": [16.610552, 49.202678]}, "properties": {"fid": 268, "den": 1, "usmrceno": 0, "druh": "sr\u00e1\u017eka s vozidlem zaparkovan\u00fdm, odstaven\u00fdm", "rok": 2015, "hmotna_sko": 7000, "cas": "0:00:00", "tezce_zran": 0, "pricina": "\u0159idi\u010d se pln\u011b nev\u011bnoval \u0159\u00edzen\u00ed vozidla", "x": 16.610552, "y": 49.202678, "mesic": 1, "objectid": 269, "lehce_zran": 0}}, {"type": "Feature", "geometry": {"type": "Point", "coordinates": [16.588749, 49.209759]}, "properties": {"fid": 270, "den": 5, "usmrceno": 0, "druh": "sr\u00e1\u017eka s tramvaj\u00ed", "rok": 2015, "hmotna_sko": 5000, "cas": "0:00:00", "tezce_zran": 0, "pricina": "\u0159idi\u010d se pln\u011b nev\u011bnoval \u0159\u00edzen\u00ed vozidla", "x": 16.588749, "y": 49.209759, "mesic": 1, "objectid": 271, "lehce_zran": 0}}, {"type": "Feature", "geometry": {"type": "Point", "coordinates": [16.68559, 49.1784]}, "properties": {"fid": 271, "den": 15, "usmrceno": 0, "druh": "sr\u00e1\u017eka s vozidlem zaparkovan\u00fdm, odstaven\u00fdm", "rok": 2015, "hmotna_sko": 20000, "cas": "0:00:00", "tezce_zran": 0, "pricina": "\u0159idi\u010d se pln\u011b nev\u011bnoval \u0159\u00edzen\u00ed vozidla", "x": 16.68559, "y": 49.1784, "mesic": 1, "objectid": 272, "lehce_zran": 0}}, {"type": "Feature", "geometry": {"type": "Point", "coordinates": [16.524147, 49.149527]}, "properties": {"fid": 272, "den": 11, "usmrceno": 0, "druh": "sr\u00e1\u017eka s lesn\u00ed zv\u011b\u0159\u00ed", "rok": 2015, "hmotna_sko": 15000, "cas": "0:00:00", "tezce_zran": 0, "pricina": "nezavin\u011bn\u00e1 \u0159idi\u010dem", "x": 16.524147, "y": 49.149527, "mesic": 1, "objectid": 273, "lehce_zran": 0}}, {"type": "Feature", "geometry": {"type": "Point", "coordinates": [16.620259, 49.124892]}, "properties": {"fid": 273, "den": 8, "usmrceno": 0, "druh": "sr\u00e1\u017eka s jedouc\u00edm nekolejov\u00fdm vozidlem", "rok": 2015, "hmotna_sko": 60000, "cas": "0:00:00", "tezce_zran": 0, "pricina": "nep\u0159izp\u016fsoben\u00ed rychlosti stavu vozovky (n\u00e1led\u00ed, v\u00fdtluky, bl\u00e1to, mokr\u00fd povrch apod.)", "x": 16.620259, "y": 49.124892, "mesic": 1, "objectid": 274, "lehce_zran": 0}}, {"type": "Feature", "geometry": {"type": "Point", "coordinates": [16.674526, 49.194721]}, "properties": {"fid": 274, "den": 12, "usmrceno": 0, "druh": "sr\u00e1\u017eka s jedouc\u00edm nekolejov\u00fdm vozidlem", "rok": 2015, "hmotna_sko": 45000, "cas": "0:00:00", "tezce_zran": 0, "pricina": "nespr\u00e1vn\u00e9 ot\u00e1\u010den\u00ed nebo couv\u00e1n\u00ed", "x": 16.674526, "y": 49.194721, "mesic": 1, "objectid": 275, "lehce_zran": 0}}, {"type": "Feature", "geometry": {"type": "Point", "coordinates": [16.582231, 49.174743]}, "properties": {"fid": 275, "den": 9, "usmrceno": 0, "druh": "sr\u00e1\u017eka s vozidlem zaparkovan\u00fdm, odstaven\u00fdm", "rok": 2015, "hmotna_sko": 20000, "cas": "0:00:00", "tezce_zran": 0, "pricina": "\u0159idi\u010d se pln\u011b nev\u011bnoval \u0159\u00edzen\u00ed vozidla", "x": 16.582231, "y": 49.174743, "mesic": 1, "objectid": 276, "lehce_zran": 0}}, {"type": "Feature", "geometry": {"type": "Point", "coordinates": [16.764338, 49.28675]}, "properties": {"fid": 277, "den": 1, "usmrceno": 0, "druh": "sr\u00e1\u017eka s pevnou p\u0159ek\u00e1\u017ekou", "rok": 2015, "hmotna_sko": 20000, "cas": "0:00:00", "tezce_zran": 0, "pricina": "\u0159idi\u010d se pln\u011b nev\u011bnoval \u0159\u00edzen\u00ed vozidla", "x": 16.764338, "y": 49.28675, "mesic": 1, "objectid": 278, "lehce_zran": 0}}, {"type": "Feature", "geometry": {"type": "Point", "coordinates": [16.717128, 49.143]}, "properties": {"fid": 278, "den": 4, "usmrceno": 0, "druh": "sr\u00e1\u017eka s lesn\u00ed zv\u011b\u0159\u00ed", "rok": 2015, "hmotna_sko": 10000, "cas": "0:00:00", "tezce_zran": 0, "pricina": "nezavin\u011bn\u00e1 \u0159idi\u010dem", "x": 16.717128, "y": 49.143, "mesic": 1, "objectid": 279, "lehce_zran": 0}}, {"type": "Feature", "geometry": {"type": "Point", "coordinates": [16.622987, 49.179912]}, "properties": {"fid": 281, "den": 18, "usmrceno": 0, "druh": "sr\u00e1\u017eka s vozidlem zaparkovan\u00fdm, odstaven\u00fdm", "rok": 2015, "hmotna_sko": 5000, "cas": "0:00:00", "tezce_zran": 0, "pricina": "\u0159idi\u010d se pln\u011b nev\u011bnoval \u0159\u00edzen\u00ed vozidla", "x": 16.622987, "y": 49.179912, "mesic": 1, "objectid": 282, "lehce_zran": 0}}, {"type": "Feature", "geometry": {"type": "Point", "coordinates": [16.626848, 49.203544]}, "properties": {"fid": 282, "den": 15, "usmrceno": 0, "druh": "sr\u00e1\u017eka s jedouc\u00edm nekolejov\u00fdm vozidlem", "rok": 2015, "hmotna_sko": 40000, "cas": "0:00:00", "tezce_zran": 0, "pricina": "p\u0159i vj\u00ed\u017ed\u011bn\u00ed na silnici", "x": 16.626848, "y": 49.203544, "mesic": 1, "objectid": 283, "lehce_zran": 0}}, {"type": "Feature", "geometry": {"type": "Point", "coordinates": [16.597561, 49.176089]}, "properties": {"fid": 283, "den": 14, "usmrceno": 0, "druh": "sr\u00e1\u017eka s vozidlem zaparkovan\u00fdm, odstaven\u00fdm", "rok": 2015, "hmotna_sko": 10000, "cas": "0:00:00", "tezce_zran": 0, "pricina": "\u0159idi\u010d se pln\u011b nev\u011bnoval \u0159\u00edzen\u00ed vozidla", "x": 16.597561, "y": 49.176089, "mesic": 1, "objectid": 284, "lehce_zran": 0}}, {"type": "Feature", "geometry": {"type": "Point", "coordinates": [16.607143, 49.193537]}, "properties": {"fid": 284, "den": 12, "usmrceno": 0, "druh": "sr\u00e1\u017eka s pevnou p\u0159ek\u00e1\u017ekou", "rok": 2015, "hmotna_sko": 4000, "cas": "0:00:00", "tezce_zran": 0, "pricina": "\u0159idi\u010d se pln\u011b nev\u011bnoval \u0159\u00edzen\u00ed vozidla", "x": 16.607143, "y": 49.193537, "mesic": 1, "objectid": 285, "lehce_zran": 0}}, {"type": "Feature", "geometry": {"type": "Point", "coordinates": [16.597503, 49.184612]}, "properties": {"fid": 285, "den": 10, "usmrceno": 0, "druh": "sr\u00e1\u017eka s vozidlem zaparkovan\u00fdm, odstaven\u00fdm", "rok": 2015, "hmotna_sko": 10000, "cas": "0:00:00", "tezce_zran": 0, "pricina": "\u0159idi\u010d se pln\u011b nev\u011bnoval \u0159\u00edzen\u00ed vozidla", "x": 16.597503, "y": 49.184612, "mesic": 1, "objectid": 286, "lehce_zran": 0}}, {"type": "Feature", "geometry": {"type": "Point", "coordinates": [16.639307, 49.185223]}, "properties": {"fid": 286, "den": 30, "usmrceno": 0, "druh": "sr\u00e1\u017eka s vozidlem zaparkovan\u00fdm, odstaven\u00fdm", "rok": 2015, "hmotna_sko": 80000, "cas": "0:00:00", "tezce_zran": 0, "pricina": "\u0159idi\u010d se pln\u011b nev\u011bnoval \u0159\u00edzen\u00ed vozidla", "x": 16.639307, "y": 49.185223, "mesic": 1, "objectid": 287, "lehce_zran": 0}}, {"type": "Feature", "geometry": {"type": "Point", "coordinates": [16.604379, 49.216585]}, "properties": {"fid": 289, "den": 21, "usmrceno": 0, "druh": "sr\u00e1\u017eka s jedouc\u00edm nekolejov\u00fdm vozidlem", "rok": 2015, "hmotna_sko": 20000, "cas": "0:00:00", "tezce_zran": 0, "pricina": "j\u00edzda na \"\u010dervenou\" 3-barevn\u00e9ho semaforu", "x": 16.604379, "y": 49.216585, "mesic": 1, "objectid": 290, "lehce_zran": 0}}, {"type": "Feature", "geometry": {"type": "Point", "coordinates": [16.693385, 49.203198]}, "properties": {"fid": 290, "den": 16, "usmrceno": 0, "druh": "sr\u00e1\u017eka s vozidlem zaparkovan\u00fdm, odstaven\u00fdm", "rok": 2015, "hmotna_sko": 10000, "cas": "0:00:00", "tezce_zran": 0, "pricina": "\u0159idi\u010d se pln\u011b nev\u011bnoval \u0159\u00edzen\u00ed vozidla", "x": 16.693385, "y": 49.203198, "mesic": 1, "objectid": 291, "lehce_zran": 0}}, {"type": "Feature", "geometry": {"type": "Point", "coordinates": [16.73342, 49.058006]}, "properties": {"fid": 291, "den": 27, "usmrceno": 0, "druh": "sr\u00e1\u017eka s jedouc\u00edm nekolejov\u00fdm vozidlem", "rok": 2015, "hmotna_sko": 5000, "cas": "0:00:00", "tezce_zran": 0, "pricina": "j\u00edzda po nespr\u00e1vn\u00e9 stran\u011b vozovky, vjet\u00ed do protism\u011bru", "x": 16.73342, "y": 49.058006, "mesic": 1, "objectid": 292, "lehce_zran": 0}}, {"type": "Feature", "geometry": {"type": "Point", "coordinates": [16.618674, 49.255054]}, "properties": {"fid": 292, "den": 1, "usmrceno": 0, "druh": "sr\u00e1\u017eka s pevnou p\u0159ek\u00e1\u017ekou", "rok": 2015, "hmotna_sko": 7000, "cas": "0:00:00", "tezce_zran": 0, "pricina": "\u0159idi\u010d se pln\u011b nev\u011bnoval \u0159\u00edzen\u00ed vozidla", "x": 16.618674, "y": 49.255054, "mesic": 1, "objectid": 293, "lehce_zran": 0}}, {"type": "Feature", "geometry": {"type": "Point", "coordinates": [16.603722, 49.177658]}, "properties": {"fid": 294, "den": 1, "usmrceno": 0, "druh": "sr\u00e1\u017eka s pevnou p\u0159ek\u00e1\u017ekou", "rok": 2015, "hmotna_sko": 5000, "cas": "0:00:00", "tezce_zran": 0, "pricina": "\u0159idi\u010d se pln\u011b nev\u011bnoval \u0159\u00edzen\u00ed vozidla", "x": 16.603722, "y": 49.177658, "mesic": 1, "objectid": 295, "lehce_zran": 0}}, {"type": "Feature", "geometry": {"type": "Point", "coordinates": [16.598451, 49.223659]}, "properties": {"fid": 295, "den": 27, "usmrceno": 0, "druh": "sr\u00e1\u017eka s pevnou p\u0159ek\u00e1\u017ekou", "rok": 2015, "hmotna_sko": 20000, "cas": "0:00:00", "tezce_zran": 0, "pricina": "\u0159idi\u010d se pln\u011b nev\u011bnoval \u0159\u00edzen\u00ed vozidla", "x": 16.598451, "y": 49.223659, "mesic": 1, "objectid": 296, "lehce_zran": 0}}, {"type": "Feature", "geometry": {"type": "Point", "coordinates": [16.514942, 49.172928]}, "properties": {"fid": 297, "den": 5, "usmrceno": 0, "druh": "sr\u00e1\u017eka s pevnou p\u0159ek\u00e1\u017ekou", "rok": 2015, "hmotna_sko": 5000, "cas": "0:00:00", "tezce_zran": 0, "pricina": "nespr\u00e1vn\u00e9 ulo\u017een\u00ed n\u00e1kladu", "x": 16.514942, "y": 49.172928, "mesic": 1, "objectid": 298, "lehce_zran": 0}}, {"type": "Feature", "geometry": {"type": "Point", "coordinates": [16.617889, 49.199264]}, "properties": {"fid": 300, "den": 27, "usmrceno": 0, "druh": "sr\u00e1\u017eka s vozidlem zaparkovan\u00fdm, odstaven\u00fdm", "rok": 2015, "hmotna_sko": 20000, "cas": "0:00:00", "tezce_zran": 0, "pricina": "\u0159idi\u010d se pln\u011b nev\u011bnoval \u0159\u00edzen\u00ed vozidla", "x": 16.617889, "y": 49.199264, "mesic": 1, "objectid": 301, "lehce_zran": 0}}, {"type": "Feature", "geometry": {"type": "Point", "coordinates": [16.657372, 49.19308]}, "properties": {"fid": 302, "den": 5, "usmrceno": 0, "druh": "sr\u00e1\u017eka s vozidlem zaparkovan\u00fdm, odstaven\u00fdm", "rok": 2015, "hmotna_sko": 50000, "cas": "0:00:00", "tezce_zran": 0, "pricina": "\u0159idi\u010d se pln\u011b nev\u011bnoval \u0159\u00edzen\u00ed vozidla", "x": 16.657372, "y": 49.19308, "mesic": 1, "objectid": 303, "lehce_zran": 0}}, {"type": "Feature", "geometry": {"type": "Point", "coordinates": [16.575179, 49.213162]}, "properties": {"fid": 303, "den": 22, "usmrceno": 0, "druh": "sr\u00e1\u017eka s pevnou p\u0159ek\u00e1\u017ekou", "rok": 2015, "hmotna_sko": 20000, "cas": "0:00:00", "tezce_zran": 0, "pricina": "\u0159idi\u010d se pln\u011b nev\u011bnoval \u0159\u00edzen\u00ed vozidla", "x": 16.575179, "y": 49.213162, "mesic": 1, "objectid": 304, "lehce_zran": 0}}, {"type": "Feature", "geometry": {"type": "Point", "coordinates": [16.626722, 49.197616]}, "properties": {"fid": 304, "den": 8, "usmrceno": 0, "druh": "sr\u00e1\u017eka s vozidlem zaparkovan\u00fdm, odstaven\u00fdm", "rok": 2015, "hmotna_sko": 40000, "cas": "0:00:00", "tezce_zran": 0, "pricina": "\u0159idi\u010d se pln\u011b nev\u011bnoval \u0159\u00edzen\u00ed vozidla", "x": 16.626722, "y": 49.197616, "mesic": 1, "objectid": 305, "lehce_zran": 0}}, {"type": "Feature", "geometry": {"type": "Point", "coordinates": [16.602943, 49.178253]}, "properties": {"fid": 305, "den": 6, "usmrceno": 0, "druh": "sr\u00e1\u017eka s vozidlem zaparkovan\u00fdm, odstaven\u00fdm", "rok": 2015, "hmotna_sko": 10000, "cas": "0:00:00", "tezce_zran": 0, "pricina": "\u0159idi\u010d se pln\u011b nev\u011bnoval \u0159\u00edzen\u00ed vozidla", "x": 16.602943, "y": 49.178253, "mesic": 1, "objectid": 306, "lehce_zran": 0}}, {"type": "Feature", "geometry": {"type": "Point", "coordinates": [16.616252, 49.192864]}, "properties": {"fid": 306, "den": 6, "usmrceno": 0, "druh": "sr\u00e1\u017eka s vozidlem zaparkovan\u00fdm, odstaven\u00fdm", "rok": 2015, "hmotna_sko": 10000, "cas": "0:00:00", "tezce_zran": 0, "pricina": "chyby p\u0159i ud\u00e1n\u00ed sm\u011bru j\u00edzdy", "x": 16.616252, "y": 49.192864, "mesic": 1, "objectid": 307, "lehce_zran": 0}}, {"type": "Feature", "geometry": {"type": "Point", "coordinates": [16.57899, 49.203022]}, "properties": {"fid": 307, "den": 5, "usmrceno": 0, "druh": "sr\u00e1\u017eka s vozidlem zaparkovan\u00fdm, odstaven\u00fdm", "rok": 2015, "hmotna_sko": 20000, "cas": "0:00:00", "tezce_zran": 0, "pricina": "\u0159idi\u010d se pln\u011b nev\u011bnoval \u0159\u00edzen\u00ed vozidla", "x": 16.57899, "y": 49.203022, "mesic": 1, "objectid": 308, "lehce_zran": 0}}, {"type": "Feature", "geometry": {"type": "Point", "coordinates": [16.555989, 49.223853]}, "properties": {"fid": 308, "den": 21, "usmrceno": 0, "druh": "sr\u00e1\u017eka s vozidlem zaparkovan\u00fdm, odstaven\u00fdm", "rok": 2015, "hmotna_sko": 20000, "cas": "0:00:00", "tezce_zran": 0, "pricina": "vyh\u00fdb\u00e1n\u00ed bez dostate\u010dn\u00e9ho bo\u010dn\u00edho odstupu (v\u016fle)", "x": 16.555989, "y": 49.223853, "mesic": 1, "objectid": 309, "lehce_zran": 0}}, {"type": "Feature", "geometry": {"type": "Point", "coordinates": [16.622033, 49.191245]}, "properties": {"fid": 309, "den": 16, "usmrceno": 0, "druh": "sr\u00e1\u017eka s vozidlem zaparkovan\u00fdm, odstaven\u00fdm", "rok": 2015, "hmotna_sko": 5000, "cas": "0:00:00", "tezce_zran": 0, "pricina": "\u0159idi\u010d se pln\u011b nev\u011bnoval \u0159\u00edzen\u00ed vozidla", "x": 16.622033, "y": 49.191245, "mesic": 1, "objectid": 310, "lehce_zran": 0}}, {"type": "Feature", "geometry": {"type": "Point", "coordinates": [16.685688, 49.173635]}, "properties": {"fid": 310, "den": 11, "usmrceno": 0, "druh": "sr\u00e1\u017eka s pevnou p\u0159ek\u00e1\u017ekou", "rok": 2015, "hmotna_sko": 2000, "cas": "0:00:00", "tezce_zran": 0, "pricina": "\u0159idi\u010d se pln\u011b nev\u011bnoval \u0159\u00edzen\u00ed vozidla", "x": 16.685688, "y": 49.173635, "mesic": 1, "objectid": 311, "lehce_zran": 0}}, {"type": "Feature", "geometry": {"type": "Point", "coordinates": [16.592779, 49.200398]}, "properties": {"fid": 311, "den": 11, "usmrceno": 0, "druh": "sr\u00e1\u017eka s vozidlem zaparkovan\u00fdm, odstaven\u00fdm", "rok": 2015, "hmotna_sko": 5000, "cas": "0:00:00", "tezce_zran": 0, "pricina": "\u0159idi\u010d se pln\u011b nev\u011bnoval \u0159\u00edzen\u00ed vozidla", "x": 16.592779, "y": 49.200398, "mesic": 1, "objectid": 312, "lehce_zran": 0}}, {"type": "Feature", "geometry": {"type": "Point", "coordinates": [16.656466, 49.203475]}, "properties": {"fid": 312, "den": 9, "usmrceno": 0, "druh": "sr\u00e1\u017eka s vozidlem zaparkovan\u00fdm, odstaven\u00fdm", "rok": 2015, "hmotna_sko": 10000, "cas": "0:00:00", "tezce_zran": 0, "pricina": "\u0159idi\u010d se pln\u011b nev\u011bnoval \u0159\u00edzen\u00ed vozidla", "x": 16.656466, "y": 49.203475, "mesic": 1, "objectid": 313, "lehce_zran": 0}}, {"type": "Feature", "geometry": {"type": "Point", "coordinates": [16.576939, 49.261433]}, "properties": {"fid": 316, "den": 4, "usmrceno": 0, "druh": "sr\u00e1\u017eka s vozidlem zaparkovan\u00fdm, odstaven\u00fdm", "rok": 2015, "hmotna_sko": 10000, "cas": "0:00:00", "tezce_zran": 0, "pricina": "\u0159idi\u010d se pln\u011b nev\u011bnoval \u0159\u00edzen\u00ed vozidla", "x": 16.576939, "y": 49.261433, "mesic": 1, "objectid": 317, "lehce_zran": 0}}, {"type": "Feature", "geometry": {"type": "Point", "coordinates": [16.605823, 49.200646]}, "properties": {"fid": 317, "den": 24, "usmrceno": 0, "druh": "sr\u00e1\u017eka s vozidlem zaparkovan\u00fdm, odstaven\u00fdm", "rok": 2015, "hmotna_sko": 10000, "cas": "0:00:00", "tezce_zran": 0, "pricina": "\u0159idi\u010d se pln\u011b nev\u011bnoval \u0159\u00edzen\u00ed vozidla", "x": 16.605823, "y": 49.200646, "mesic": 1, "objectid": 318, "lehce_zran": 0}}, {"type": "Feature", "geometry": {"type": "Point", "coordinates": [16.646814, 49.199485]}, "properties": {"fid": 318, "den": 21, "usmrceno": 0, "druh": "sr\u00e1\u017eka s vozidlem zaparkovan\u00fdm, odstaven\u00fdm", "rok": 2015, "hmotna_sko": 1000, "cas": "0:00:00", "tezce_zran": 0, "pricina": "\u0159idi\u010d se pln\u011b nev\u011bnoval \u0159\u00edzen\u00ed vozidla", "x": 16.646814, "y": 49.199485, "mesic": 1, "objectid": 319, "lehce_zran": 0}}, {"type": "Feature", "geometry": {"type": "Point", "coordinates": [16.592959, 49.203612]}, "properties": {"fid": 319, "den": 8, "usmrceno": 0, "druh": "sr\u00e1\u017eka s vozidlem zaparkovan\u00fdm, odstaven\u00fdm", "rok": 2015, "hmotna_sko": 6000, "cas": "0:00:00", "tezce_zran": 0, "pricina": "\u0159idi\u010d se pln\u011b nev\u011bnoval \u0159\u00edzen\u00ed vozidla", "x": 16.592959, "y": 49.203612, "mesic": 1, "objectid": 320, "lehce_zran": 0}}, {"type": "Feature", "geometry": {"type": "Point", "coordinates": [16.522511, 49.224488]}, "properties": {"fid": 320, "den": 8, "usmrceno": 0, "druh": "sr\u00e1\u017eka s vozidlem zaparkovan\u00fdm, odstaven\u00fdm", "rok": 2015, "hmotna_sko": 20000, "cas": "0:00:00", "tezce_zran": 0, "pricina": "\u0159idi\u010d se pln\u011b nev\u011bnoval \u0159\u00edzen\u00ed vozidla", "x": 16.522511, "y": 49.224488, "mesic": 1, "objectid": 321, "lehce_zran": 0}}, {"type": "Feature", "geometry": {"type": "Point", "coordinates": [16.604282, 49.17911]}, "properties": {"fid": 321, "den": 7, "usmrceno": 0, "druh": "sr\u00e1\u017eka s vozidlem zaparkovan\u00fdm, odstaven\u00fdm", "rok": 2015, "hmotna_sko": 10000, "cas": "0:00:00", "tezce_zran": 0, "pricina": "\u0159idi\u010d se pln\u011b nev\u011bnoval \u0159\u00edzen\u00ed vozidla", "x": 16.604282, "y": 49.17911, "mesic": 1, "objectid": 322, "lehce_zran": 0}}, {"type": "Feature", "geometry": {"type": "Point", "coordinates": [16.505394, 49.246693]}, "properties": {"fid": 323, "den": 29, "usmrceno": 0, "druh": "sr\u00e1\u017eka s vozidlem zaparkovan\u00fdm, odstaven\u00fdm", "rok": 2015, "hmotna_sko": 30000, "cas": "0:00:00", "tezce_zran": 0, "pricina": "vyh\u00fdb\u00e1n\u00ed bez dostate\u010dn\u00e9ho bo\u010dn\u00edho odstupu (v\u016fle)", "x": 16.505394, "y": 49.246693, "mesic": 1, "objectid": 324, "lehce_zran": 0}}, {"type": "Feature", "geometry": {"type": "Point", "coordinates": [16.613713, 49.187784]}, "properties": {"fid": 325, "den": 29, "usmrceno": 0, "druh": "sr\u00e1\u017eka s vozidlem zaparkovan\u00fdm, odstaven\u00fdm", "rok": 2015, "hmotna_sko": 10000, "cas": "0:00:00", "tezce_zran": 0, "pricina": "\u0159idi\u010d se pln\u011b nev\u011bnoval \u0159\u00edzen\u00ed vozidla", "x": 16.613713, "y": 49.187784, "mesic": 1, "objectid": 326, "lehce_zran": 0}}, {"type": "Feature", "geometry": {"type": "Point", "coordinates": [16.773567, 49.038829]}, "properties": {"fid": 326, "den": 26, "usmrceno": 0, "druh": "sr\u00e1\u017eka s pevnou p\u0159ek\u00e1\u017ekou", "rok": 2015, "hmotna_sko": 50000, "cas": "0:00:00", "tezce_zran": 0, "pricina": "\u0159idi\u010d se pln\u011b nev\u011bnoval \u0159\u00edzen\u00ed vozidla", "x": 16.773567, "y": 49.038829, "mesic": 1, "objectid": 327, "lehce_zran": 0}}, {"type": "Feature", "geometry": {"type": "Point", "coordinates": [16.592821, 49.204328]}, "properties": {"fid": 328, "den": 5, "usmrceno": 0, "druh": "sr\u00e1\u017eka s vozidlem zaparkovan\u00fdm, odstaven\u00fdm", "rok": 2015, "hmotna_sko": 20000, "cas": "0:00:00", "tezce_zran": 0, "pricina": "\u0159idi\u010d se pln\u011b nev\u011bnoval \u0159\u00edzen\u00ed vozidla", "x": 16.592821, "y": 49.204328, "mesic": 1, "objectid": 329, "lehce_zran": 0}}, {"type": "Feature", "geometry": {"type": "Point", "coordinates": [16.577208, 49.172543]}, "properties": {"fid": 329, "den": 5, "usmrceno": 0, "druh": "sr\u00e1\u017eka s vozidlem zaparkovan\u00fdm, odstaven\u00fdm", "rok": 2015, "hmotna_sko": 5000, "cas": "0:00:00", "tezce_zran": 0, "pricina": "\u0159idi\u010d se pln\u011b nev\u011bnoval \u0159\u00edzen\u00ed vozidla", "x": 16.577208, "y": 49.172543, "mesic": 1, "objectid": 330, "lehce_zran": 0}}, {"type": "Feature", "geometry": {"type": "Point", "coordinates": [16.612373, 49.199011]}, "properties": {"fid": 330, "den": 29, "usmrceno": 0, "druh": "sr\u00e1\u017eka s vozidlem zaparkovan\u00fdm, odstaven\u00fdm", "rok": 2015, "hmotna_sko": 16000, "cas": "0:00:00", "tezce_zran": 0, "pricina": "\u0159idi\u010d se pln\u011b nev\u011bnoval \u0159\u00edzen\u00ed vozidla", "x": 16.612373, "y": 49.199011, "mesic": 1, "objectid": 331, "lehce_zran": 0}}, {"type": "Feature", "geometry": {"type": "Point", "coordinates": [16.595484, 49.223013]}, "properties": {"fid": 331, "den": 30, "usmrceno": 0, "druh": "sr\u00e1\u017eka s vozidlem zaparkovan\u00fdm, odstaven\u00fdm", "rok": 2015, "hmotna_sko": 5000, "cas": "0:00:00", "tezce_zran": 0, "pricina": "\u0159idi\u010d se pln\u011b nev\u011bnoval \u0159\u00edzen\u00ed vozidla", "x": 16.595484, "y": 49.223013, "mesic": 1, "objectid": 332, "lehce_zran": 0}}, {"type": "Feature", "geometry": {"type": "Point", "coordinates": [16.633815, 49.212726]}, "properties": {"fid": 334, "den": 8, "usmrceno": 0, "druh": "sr\u00e1\u017eka s vozidlem zaparkovan\u00fdm, odstaven\u00fdm", "rok": 2015, "hmotna_sko": 5000, "cas": "0:00:00", "tezce_zran": 0, "pricina": "\u0159idi\u010d se pln\u011b nev\u011bnoval \u0159\u00edzen\u00ed vozidla", "x": 16.633815, "y": 49.212726, "mesic": 1, "objectid": 335, "lehce_zran": 0}}, {"type": "Feature", "geometry": {"type": "Point", "coordinates": [16.572402, 49.249413]}, "properties": {"fid": 335, "den": 11, "usmrceno": 0, "druh": "sr\u00e1\u017eka s vozidlem zaparkovan\u00fdm, odstaven\u00fdm", "rok": 2015, "hmotna_sko": 10000, "cas": "0:00:00", "tezce_zran": 0, "pricina": "\u0159idi\u010d se pln\u011b nev\u011bnoval \u0159\u00edzen\u00ed vozidla", "x": 16.572402, "y": 49.249413, "mesic": 1, "objectid": 336, "lehce_zran": 0}}, {"type": "Feature", "geometry": {"type": "Point", "coordinates": [16.600233, 49.205001]}, "properties": {"fid": 336, "den": 13, "usmrceno": 0, "druh": "sr\u00e1\u017eka s vozidlem zaparkovan\u00fdm, odstaven\u00fdm", "rok": 2015, "hmotna_sko": 70000, "cas": "0:00:00", "tezce_zran": 0, "pricina": "\u0159idi\u010d se pln\u011b nev\u011bnoval \u0159\u00edzen\u00ed vozidla", "x": 16.600233, "y": 49.205001, "mesic": 1, "objectid": 337, "lehce_zran": 0}}, {"type": "Feature", "geometry": {"type": "Point", "coordinates": [16.524491, 49.254298]}, "properties": {"fid": 337, "den": 27, "usmrceno": 0, "druh": "sr\u00e1\u017eka s jedouc\u00edm nekolejov\u00fdm vozidlem", "rok": 2015, "hmotna_sko": 7000, "cas": "0:00:00", "tezce_zran": 0, "pricina": "nep\u0159izp\u016fsoben\u00ed rychlosti stavu vozovky (n\u00e1led\u00ed, v\u00fdtluky, bl\u00e1to, mokr\u00fd povrch apod.)", "x": 16.524491, "y": 49.254298, "mesic": 1, "objectid": 338, "lehce_zran": 0}}, {"type": "Feature", "geometry": {"type": "Point", "coordinates": [16.597973, 49.175719]}, "properties": {"fid": 339, "den": 6, "usmrceno": 0, "druh": "sr\u00e1\u017eka s vozidlem zaparkovan\u00fdm, odstaven\u00fdm", "rok": 2015, "hmotna_sko": 5000, "cas": "0:00:00", "tezce_zran": 0, "pricina": "\u0159idi\u010d se pln\u011b nev\u011bnoval \u0159\u00edzen\u00ed vozidla", "x": 16.597973, "y": 49.175719, "mesic": 1, "objectid": 340, "lehce_zran": 0}}, {"type": "Feature", "geometry": {"type": "Point", "coordinates": [16.575154, 49.22626]}, "properties": {"fid": 340, "den": 5, "usmrceno": 0, "druh": "sr\u00e1\u017eka s vozidlem zaparkovan\u00fdm, odstaven\u00fdm", "rok": 2015, "hmotna_sko": 10000, "cas": "0:00:00", "tezce_zran": 0, "pricina": "\u0159idi\u010d se pln\u011b nev\u011bnoval \u0159\u00edzen\u00ed vozidla", "x": 16.575154, "y": 49.22626, "mesic": 1, "objectid": 341, "lehce_zran": 0}}, {"type": "Feature", "geometry": {"type": "Point", "coordinates": [16.673982, 49.04755]}, "properties": {"fid": 341, "den": 26, "usmrceno": 0, "druh": "sr\u00e1\u017eka s pevnou p\u0159ek\u00e1\u017ekou", "rok": 2015, "hmotna_sko": 20000, "cas": "0:00:00", "tezce_zran": 0, "pricina": "nep\u0159izp\u016fsoben\u00ed rychlosti stavu vozovky (n\u00e1led\u00ed, v\u00fdtluky, bl\u00e1to, mokr\u00fd povrch apod.)", "x": 16.673982, "y": 49.04755, "mesic": 1, "objectid": 342, "lehce_zran": 0}}, {"type": "Feature", "geometry": {"type": "Point", "coordinates": [16.643057, 49.211746]}, "properties": {"fid": 342, "den": 1, "usmrceno": 0, "druh": "sr\u00e1\u017eka s pevnou p\u0159ek\u00e1\u017ekou", "rok": 2015, "hmotna_sko": 25000, "cas": "0:00:00", "tezce_zran": 0, "pricina": "\u0159idi\u010d se pln\u011b nev\u011bnoval \u0159\u00edzen\u00ed vozidla", "x": 16.643057, "y": 49.211746, "mesic": 1, "objectid": 343, "lehce_zran": 0}}, {"type": "Feature", "geometry": {"type": "Point", "coordinates": [16.634242, 49.200633]}, "properties": {"fid": 343, "den": 27, "usmrceno": 0, "druh": "sr\u00e1\u017eka s vozidlem zaparkovan\u00fdm, odstaven\u00fdm", "rok": 2015, "hmotna_sko": 30000, "cas": "0:00:00", "tezce_zran": 0, "pricina": "\u0159idi\u010d se pln\u011b nev\u011bnoval \u0159\u00edzen\u00ed vozidla", "x": 16.634242, "y": 49.200633, "mesic": 1, "objectid": 344, "lehce_zran": 0}}, {"type": "Feature", "geometry": {"type": "Point", "coordinates": [16.561111, 49.175663]}, "properties": {"fid": 345, "den": 26, "usmrceno": 0, "druh": "sr\u00e1\u017eka s vozidlem zaparkovan\u00fdm, odstaven\u00fdm", "rok": 2015, "hmotna_sko": 20000, "cas": "0:00:00", "tezce_zran": 0, "pricina": "\u0159idi\u010d se pln\u011b nev\u011bnoval \u0159\u00edzen\u00ed vozidla", "x": 16.561111, "y": 49.175663, "mesic": 1, "objectid": 346, "lehce_zran": 0}}, {"type": "Feature", "geometry": {"type": "Point", "coordinates": [16.612584, 49.197715]}, "properties": {"fid": 346, "den": 27, "usmrceno": 0, "druh": "sr\u00e1\u017eka s vozidlem zaparkovan\u00fdm, odstaven\u00fdm", "rok": 2015, "hmotna_sko": 5000, "cas": "0:00:00", "tezce_zran": 0, "pricina": "\u0159idi\u010d se pln\u011b nev\u011bnoval \u0159\u00edzen\u00ed vozidla", "x": 16.612584, "y": 49.197715, "mesic": 1, "objectid": 347, "lehce_zran": 0}}, {"type": "Feature", "geometry": {"type": "Point", "coordinates": [16.605452, 49.188244]}, "properties": {"fid": 347, "den": 28, "usmrceno": 0, "druh": "sr\u00e1\u017eka s vozidlem zaparkovan\u00fdm, odstaven\u00fdm", "rok": 2015, "hmotna_sko": 10000, "cas": "0:00:00", "tezce_zran": 0, "pricina": "\u0159idi\u010d se pln\u011b nev\u011bnoval \u0159\u00edzen\u00ed vozidla", "x": 16.605452, "y": 49.188244, "mesic": 1, "objectid": 348, "lehce_zran": 0}}, {"type": "Feature", "geometry": {"type": "Point", "coordinates": [16.587391, 49.186253]}, "properties": {"fid": 348, "den": 12, "usmrceno": 0, "druh": "sr\u00e1\u017eka s vozidlem zaparkovan\u00fdm, odstaven\u00fdm", "rok": 2015, "hmotna_sko": 5000, "cas": "0:00:00", "tezce_zran": 0, "pricina": "\u0159idi\u010d se pln\u011b nev\u011bnoval \u0159\u00edzen\u00ed vozidla", "x": 16.587391, "y": 49.186253, "mesic": 1, "objectid": 349, "lehce_zran": 0}}, {"type": "Feature", "geometry": {"type": "Point", "coordinates": [16.599082, 49.204981]}, "properties": {"fid": 349, "den": 13, "usmrceno": 0, "druh": "sr\u00e1\u017eka s vozidlem zaparkovan\u00fdm, odstaven\u00fdm", "rok": 2015, "hmotna_sko": 2000, "cas": "0:00:00", "tezce_zran": 0, "pricina": "\u0159idi\u010d se pln\u011b nev\u011bnoval \u0159\u00edzen\u00ed vozidla", "x": 16.599082, "y": 49.204981, "mesic": 1, "objectid": 350, "lehce_zran": 0}}, {"type": "Feature", "geometry": {"type": "Point", "coordinates": [16.569588, 49.269576]}, "properties": {"fid": 351, "den": 25, "usmrceno": 0, "druh": "sr\u00e1\u017eka s pevnou p\u0159ek\u00e1\u017ekou", "rok": 2015, "hmotna_sko": 35000, "cas": "0:00:00", "tezce_zran": 0, "pricina": "\u0159idi\u010d se pln\u011b nev\u011bnoval \u0159\u00edzen\u00ed vozidla", "x": 16.569588, "y": 49.269576, "mesic": 1, "objectid": 352, "lehce_zran": 0}}, {"type": "Feature", "geometry": {"type": "Point", "coordinates": [16.655953, 49.19643]}, "properties": {"fid": 352, "den": 13, "usmrceno": 0, "druh": "sr\u00e1\u017eka s chodcem", "rok": 2015, "hmotna_sko": 0, "cas": "0:00:00", "tezce_zran": 1, "pricina": "\u0159idi\u010d se pln\u011b nev\u011bnoval \u0159\u00edzen\u00ed vozidla", "x": 16.655953, "y": 49.19643, "mesic": 2, "objectid": 353, "lehce_zran": 0}}, {"type": "Feature", "geometry": {"type": "Point", "coordinates": [16.567104, 49.193307]}, "properties": {"fid": 353, "den": 16, "usmrceno": 0, "druh": "sr\u00e1\u017eka s chodcem", "rok": 2015, "hmotna_sko": 0, "cas": "0:00:00", "tezce_zran": 1, "pricina": "chodci na vyzna\u010den\u00e9m p\u0159echodu", "x": 16.567104, "y": 49.193307, "mesic": 2, "objectid": 354, "lehce_zran": 0}}, {"type": "Feature", "geometry": {"type": "Point", "coordinates": [16.636121, 49.202149]}, "properties": {"fid": 355, "den": 11, "usmrceno": 0, "druh": "sr\u00e1\u017eka s chodcem", "rok": 2015, "hmotna_sko": 0, "cas": "0:00:00", "tezce_zran": 1, "pricina": "nespr\u00e1vn\u00e9 ot\u00e1\u010den\u00ed nebo couv\u00e1n\u00ed", "x": 16.636121, "y": 49.202149, "mesic": 2, "objectid": 356, "lehce_zran": 0}}, {"type": "Feature", "geometry": {"type": "Point", "coordinates": [16.586379, 49.2106]}, "properties": {"fid": 356, "den": 7, "usmrceno": 0, "druh": "sr\u00e1\u017eka s chodcem", "rok": 2015, "hmotna_sko": 0, "cas": "0:00:00", "tezce_zran": 1, "pricina": "\u0159idi\u010d se pln\u011b nev\u011bnoval \u0159\u00edzen\u00ed vozidla", "x": 16.586379, "y": 49.2106, "mesic": 2, "objectid": 357, "lehce_zran": 0}}, {"type": "Feature", "geometry": {"type": "Point", "coordinates": [16.587564, 49.234719]}, "properties": {"fid": 357, "den": 3, "usmrceno": 0, "druh": "sr\u00e1\u017eka s chodcem", "rok": 2015, "hmotna_sko": 10000, "cas": "0:00:00", "tezce_zran": 1, "pricina": "chodci na vyzna\u010den\u00e9m p\u0159echodu", "x": 16.587564, "y": 49.234719, "mesic": 2, "objectid": 358, "lehce_zran": 0}}, {"type": "Feature", "geometry": {"type": "Point", "coordinates": [16.629876, 49.208885]}, "properties": {"fid": 358, "den": 3, "usmrceno": 0, "druh": "sr\u00e1\u017eka s chodcem", "rok": 2015, "hmotna_sko": 5000, "cas": "0:00:00", "tezce_zran": 1, "pricina": "nezavin\u011bn\u00e1 \u0159idi\u010dem", "x": 16.629876, "y": 49.208885, "mesic": 2, "objectid": 359, "lehce_zran": 0}}, {"type": "Feature", "geometry": {"type": "Point", "coordinates": [16.592253, 49.213311]}, "properties": {"fid": 360, "den": 1, "usmrceno": 0, "druh": "sr\u00e1\u017eka s chodcem", "rok": 2015, "hmotna_sko": 20000, "cas": "0:00:00", "tezce_zran": 1, "pricina": "chodci na vyzna\u010den\u00e9m p\u0159echodu", "x": 16.592253, "y": 49.213311, "mesic": 2, "objectid": 361, "lehce_zran": 0}}, {"type": "Feature", "geometry": {"type": "Point", "coordinates": [16.626207, 49.187737]}, "properties": {"fid": 361, "den": 24, "usmrceno": 0, "druh": "sr\u00e1\u017eka s chodcem", "rok": 2015, "hmotna_sko": 0, "cas": "0:00:00", "tezce_zran": 1, "pricina": "chodci na vyzna\u010den\u00e9m p\u0159echodu", "x": 16.626207, "y": 49.187737, "mesic": 2, "objectid": 362, "lehce_zran": 0}}, {"type": "Feature", "geometry": {"type": "Point", "coordinates": [16.605472, 49.205932]}, "properties": {"fid": 363, "den": 23, "usmrceno": 0, "druh": "sr\u00e1\u017eka s tramvaj\u00ed", "rok": 2015, "hmotna_sko": 120000, "cas": "0:00:00", "tezce_zran": 0, "pricina": "p\u0159i odbo\u010dov\u00e1n\u00ed vlevo soub\u011b\u017en\u011b jedouc\u00edmu vozidlu", "x": 16.605472, "y": 49.205932, "mesic": 2, "objectid": 364, "lehce_zran": 1}}, {"type": "Feature", "geometry": {"type": "Point", "coordinates": [16.669142, 49.175276]}, "properties": {"fid": 364, "den": 26, "usmrceno": 0, "druh": "sr\u00e1\u017eka s jedouc\u00edm nekolejov\u00fdm vozidlem", "rok": 2015, "hmotna_sko": 315000, "cas": "0:00:00", "tezce_zran": 0, "pricina": "proti p\u0159\u00edkazu dopravn\u00ed zna\u010dky dej p\u0159ednost", "x": 16.669142, "y": 49.175276, "mesic": 2, "objectid": 365, "lehce_zran": 2}}, {"type": "Feature", "geometry": {"type": "Point", "coordinates": [16.640722, 49.176849]}, "properties": {"fid": 365, "den": 18, "usmrceno": 0, "druh": "sr\u00e1\u017eka s chodcem", "rok": 2015, "hmotna_sko": 0, "cas": "0:00:00", "tezce_zran": 0, "pricina": "chodci na vyzna\u010den\u00e9m p\u0159echodu", "x": 16.640722, "y": 49.176849, "mesic": 2, "objectid": 366, "lehce_zran": 1}}, {"type": "Feature", "geometry": {"type": "Point", "coordinates": [16.621791, 49.191221]}, "properties": {"fid": 366, "den": 20, "usmrceno": 0, "druh": "jin\u00fd druh nehody", "rok": 2015, "hmotna_sko": 0, "cas": "0:00:00", "tezce_zran": 0, "pricina": "p\u0159i odbo\u010dov\u00e1n\u00ed vlevo", "x": 16.621791, "y": 49.191221, "mesic": 2, "objectid": 367, "lehce_zran": 1}}, {"type": "Feature", "geometry": {"type": "Point", "coordinates": [16.644204, 49.173737]}, "properties": {"fid": 367, "den": 16, "usmrceno": 0, "druh": "sr\u00e1\u017eka s pevnou p\u0159ek\u00e1\u017ekou", "rok": 2015, "hmotna_sko": 20000, "cas": "0:00:00", "tezce_zran": 0, "pricina": "nep\u0159izp\u016fsoben\u00ed rychlosti dopravn\u011b technick\u00e9mu stavu vozovky (zat\u00e1\u010dka, kles\u00e1n\u00ed, stoup\u00e1n\u00ed, \u0161\u00ed\u0159ka vozovky apod.)", "x": 16.644204, "y": 49.173737, "mesic": 2, "objectid": 368, "lehce_zran": 1}}, {"type": "Feature", "geometry": {"type": "Point", "coordinates": [16.563595, 49.212379]}, "properties": {"fid": 368, "den": 18, "usmrceno": 0, "druh": "sr\u00e1\u017eka s chodcem", "rok": 2015, "hmotna_sko": 0, "cas": "0:00:00", "tezce_zran": 0, "pricina": "jin\u00e9 ned\u00e1n\u00ed p\u0159ednosti", "x": 16.563595, "y": 49.212379, "mesic": 2, "objectid": 369, "lehce_zran": 1}}, {"type": "Feature", "geometry": {"type": "Point", "coordinates": [16.798029, 49.115648]}, "properties": {"fid": 369, "den": 21, "usmrceno": 0, "druh": "sr\u00e1\u017eka s jedouc\u00edm nekolejov\u00fdm vozidlem", "rok": 2015, "hmotna_sko": 80000, "cas": "0:00:00", "tezce_zran": 0, "pricina": "j\u00edzda po nespr\u00e1vn\u00e9 stran\u011b vozovky, vjet\u00ed do protism\u011bru", "x": 16.798029, "y": 49.115648, "mesic": 2, "objectid": 370, "lehce_zran": 1}}, {"type": "Feature", "geometry": {"type": "Point", "coordinates": [16.521633, 49.215499]}, "properties": {"fid": 370, "den": 12, "usmrceno": 0, "druh": "sr\u00e1\u017eka s jedouc\u00edm nekolejov\u00fdm vozidlem", "rok": 2015, "hmotna_sko": 110000, "cas": "0:00:00", "tezce_zran": 0, "pricina": "p\u0159i odbo\u010dov\u00e1n\u00ed vlevo", "x": 16.521633, "y": 49.215499, "mesic": 2, "objectid": 371, "lehce_zran": 1}}, {"type": "Feature", "geometry": {"type": "Point", "coordinates": [16.585937, 49.224411]}, "properties": {"fid": 371, "den": 3, "usmrceno": 0, "druh": "sr\u00e1\u017eka s jedouc\u00edm nekolejov\u00fdm vozidlem", "rok": 2015, "hmotna_sko": 60000, "cas": "0:00:00", "tezce_zran": 0, "pricina": "vozidlu p\u0159ij\u00ed\u017ed\u011bj\u00edc\u00edmu zprava", "x": 16.585937, "y": 49.224411, "mesic": 2, "objectid": 372, "lehce_zran": 1}}, {"type": "Feature", "geometry": {"type": "Point", "coordinates": [16.599822, 49.215449]}, "properties": {"fid": 372, "den": 10, "usmrceno": 0, "druh": "sr\u00e1\u017eka s jedouc\u00edm nekolejov\u00fdm vozidlem", "rok": 2015, "hmotna_sko": 330000, "cas": "0:00:00", "tezce_zran": 0, "pricina": "p\u0159i odbo\u010dov\u00e1n\u00ed vlevo", "x": 16.599822, "y": 49.215449, "mesic": 2, "objectid": 373, "lehce_zran": 3}}, {"type": "Feature", "geometry": {"type": "Point", "coordinates": [16.601228, 49.182421]}, "properties": {"fid": 374, "den": 16, "usmrceno": 0, "druh": "sr\u00e1\u017eka s chodcem", "rok": 2015, "hmotna_sko": 0, "cas": "0:00:00", "tezce_zran": 0, "pricina": "nezavin\u011bn\u00e1 \u0159idi\u010dem", "x": 16.601228, "y": 49.182421, "mesic": 2, "objectid": 375, "lehce_zran": 1}}, {"type": "Feature", "geometry": {"type": "Point", "coordinates": [16.60754, 49.183733]}, "properties": {"fid": 375, "den": 3, "usmrceno": 0, "druh": "sr\u00e1\u017eka s jedouc\u00edm nekolejov\u00fdm vozidlem", "rok": 2015, "hmotna_sko": 480000, "cas": "0:00:00", "tezce_zran": 0, "pricina": "nedodr\u017een\u00ed bezpe\u010dn\u00e9 vzd\u00e1lenosti za vozidlem", "x": 16.60754, "y": 49.183733, "mesic": 2, "objectid": 376, "lehce_zran": 1}}, {"type": "Feature", "geometry": {"type": "Point", "coordinates": [16.723388, 49.114843]}, "properties": {"fid": 377, "den": 9, "usmrceno": 0, "druh": "sr\u00e1\u017eka s jedouc\u00edm nekolejov\u00fdm vozidlem", "rok": 2015, "hmotna_sko": 40000, "cas": "0:00:00", "tezce_zran": 0, "pricina": "vozidlu p\u0159ij\u00ed\u017ed\u011bj\u00edc\u00edmu zprava", "x": 16.723388, "y": 49.114843, "mesic": 2, "objectid": 378, "lehce_zran": 1}}, {"type": "Feature", "geometry": {"type": "Point", "coordinates": [16.62602, 49.200101]}, "properties": {"fid": 378, "den": 23, "usmrceno": 0, "druh": "sr\u00e1\u017eka s chodcem", "rok": 2015, "hmotna_sko": 0, "cas": "0:00:00", "tezce_zran": 0, "pricina": "nezavin\u011bn\u00e1 \u0159idi\u010dem", "x": 16.62602, "y": 49.200101, "mesic": 2, "objectid": 379, "lehce_zran": 1}}, {"type": "Feature", "geometry": {"type": "Point", "coordinates": [16.615534, 49.20794]}, "properties": {"fid": 382, "den": 20, "usmrceno": 0, "druh": "sr\u00e1\u017eka s tramvaj\u00ed", "rok": 2015, "hmotna_sko": 70000, "cas": "0:00:00", "tezce_zran": 0, "pricina": "proti p\u0159\u00edkazu dopravn\u00ed zna\u010dky dej p\u0159ednost", "x": 16.615534, "y": 49.20794, "mesic": 2, "objectid": 383, "lehce_zran": 1}}, {"type": "Feature", "geometry": {"type": "Point", "coordinates": [16.60795, 49.189185]}, "properties": {"fid": 383, "den": 5, "usmrceno": 0, "druh": "sr\u00e1\u017eka s jedouc\u00edm nekolejov\u00fdm vozidlem", "rok": 2015, "hmotna_sko": 30000, "cas": "0:00:00", "tezce_zran": 0, "pricina": "p\u0159i odbo\u010dov\u00e1n\u00ed vlevo", "x": 16.60795, "y": 49.189185, "mesic": 2, "objectid": 384, "lehce_zran": 1}}, {"type": "Feature", "geometry": {"type": "Point", "coordinates": [16.617067, 49.186558]}, "properties": {"fid": 384, "den": 1, "usmrceno": 0, "druh": "sr\u00e1\u017eka s jedouc\u00edm nekolejov\u00fdm vozidlem", "rok": 2015, "hmotna_sko": 130000, "cas": "0:00:00", "tezce_zran": 0, "pricina": "proti p\u0159\u00edkazu dopravn\u00ed zna\u010dky st\u016fj dej p\u0159ednost", "x": 16.617067, "y": 49.186558, "mesic": 2, "objectid": 385, "lehce_zran": 2}}, {"type": "Feature", "geometry": {"type": "Point", "coordinates": [16.555445, 49.208124]}, "properties": {"fid": 385, "den": 2, "usmrceno": 0, "druh": "sr\u00e1\u017eka s jedouc\u00edm nekolejov\u00fdm vozidlem", "rok": 2015, "hmotna_sko": 11000, "cas": "0:00:00", "tezce_zran": 0, "pricina": "p\u0159i ot\u00e1\u010den\u00ed nebo couv\u00e1n\u00ed", "x": 16.555445, "y": 49.208124, "mesic": 2, "objectid": 386, "lehce_zran": 1}}, {"type": "Feature", "geometry": {"type": "Point", "coordinates": [16.604579, 49.131912]}, "properties": {"fid": 386, "den": 6, "usmrceno": 0, "druh": "sr\u00e1\u017eka s jedouc\u00edm nekolejov\u00fdm vozidlem", "rok": 2015, "hmotna_sko": 253000, "cas": "0:00:00", "tezce_zran": 0, "pricina": "p\u0159i ot\u00e1\u010den\u00ed nebo couv\u00e1n\u00ed", "x": 16.604579, "y": 49.131912, "mesic": 2, "objectid": 387, "lehce_zran": 2}}, {"type": "Feature", "geometry": {"type": "Point", "coordinates": [16.512629, 49.069229]}, "properties": {"fid": 387, "den": 2, "usmrceno": 0, "druh": "sr\u00e1\u017eka s jedouc\u00edm nekolejov\u00fdm vozidlem", "rok": 2015, "hmotna_sko": 500000, "cas": "0:00:00", "tezce_zran": 0, "pricina": "proti p\u0159\u00edkazu dopravn\u00ed zna\u010dky dej p\u0159ednost", "x": 16.512629, "y": 49.069229, "mesic": 2, "objectid": 388, "lehce_zran": 1}}, {"type": "Feature", "geometry": {"type": "Point", "coordinates": [16.575377, 49.177446]}, "properties": {"fid": 388, "den": 2, "usmrceno": 0, "druh": "sr\u00e1\u017eka s jedouc\u00edm nekolejov\u00fdm vozidlem", "rok": 2015, "hmotna_sko": 80000, "cas": "0:00:00", "tezce_zran": 0, "pricina": "proti p\u0159\u00edkazu dopravn\u00ed zna\u010dky st\u016fj dej p\u0159ednost", "x": 16.575377, "y": 49.177446, "mesic": 2, "objectid": 389, "lehce_zran": 2}}, {"type": "Feature", "geometry": {"type": "Point", "coordinates": [16.601538, 49.172736]}, "properties": {"fid": 389, "den": 21, "usmrceno": 0, "druh": "sr\u00e1\u017eka s jedouc\u00edm nekolejov\u00fdm vozidlem", "rok": 2015, "hmotna_sko": 130000, "cas": "0:00:00", "tezce_zran": 0, "pricina": "nedodr\u017een\u00ed bezpe\u010dn\u00e9 vzd\u00e1lenosti za vozidlem", "x": 16.601538, "y": 49.172736, "mesic": 2, "objectid": 390, "lehce_zran": 1}}, {"type": "Feature", "geometry": {"type": "Point", "coordinates": [16.629513, 49.155418]}, "properties": {"fid": 390, "den": 22, "usmrceno": 0, "druh": "sr\u00e1\u017eka s jedouc\u00edm nekolejov\u00fdm vozidlem", "rok": 2015, "hmotna_sko": 200000, "cas": "0:00:00", "tezce_zran": 0, "pricina": "\u0159idi\u010d se pln\u011b nev\u011bnoval \u0159\u00edzen\u00ed vozidla", "x": 16.629513, "y": 49.155418, "mesic": 2, "objectid": 391, "lehce_zran": 1}}, {"type": "Feature", "geometry": {"type": "Point", "coordinates": [16.546047, 49.004245]}, "properties": {"fid": 392, "den": 3, "usmrceno": 0, "druh": "sr\u00e1\u017eka s pevnou p\u0159ek\u00e1\u017ekou", "rok": 2015, "hmotna_sko": 150000, "cas": "0:00:00", "tezce_zran": 0, "pricina": "\u0159idi\u010d se pln\u011b nev\u011bnoval \u0159\u00edzen\u00ed vozidla", "x": 16.546047, "y": 49.004245, "mesic": 2, "objectid": 393, "lehce_zran": 1}}, {"type": "Feature", "geometry": {"type": "Point", "coordinates": [16.619209, 49.213171]}, "properties": {"fid": 394, "den": 16, "usmrceno": 0, "druh": "sr\u00e1\u017eka s chodcem", "rok": 2015, "hmotna_sko": 0, "cas": "0:00:00", "tezce_zran": 0, "pricina": "nezavin\u011bn\u00e1 \u0159idi\u010dem", "x": 16.619209, "y": 49.213171, "mesic": 2, "objectid": 395, "lehce_zran": 1}}, {"type": "Feature", "geometry": {"type": "Point", "coordinates": [16.615866, 49.171215]}, "properties": {"fid": 395, "den": 27, "usmrceno": 0, "druh": "sr\u00e1\u017eka s jedouc\u00edm nekolejov\u00fdm vozidlem", "rok": 2015, "hmotna_sko": 35000, "cas": "0:00:00", "tezce_zran": 0, "pricina": "\u0159idi\u010d se pln\u011b nev\u011bnoval \u0159\u00edzen\u00ed vozidla", "x": 16.615866, "y": 49.171215, "mesic": 2, "objectid": 396, "lehce_zran": 1}}, {"type": "Feature", "geometry": {"type": "Point", "coordinates": [16.640326, 49.189392]}, "properties": {"fid": 397, "den": 13, "usmrceno": 0, "druh": "sr\u00e1\u017eka s jedouc\u00edm nekolejov\u00fdm vozidlem", "rok": 2015, "hmotna_sko": 70000, "cas": "0:00:00", "tezce_zran": 0, "pricina": "p\u0159i p\u0159ej\u00ed\u017ed\u011bn\u00ed z jednoho j\u00edzdn\u00edho pruhu do druh\u00e9ho", "x": 16.640326, "y": 49.189392, "mesic": 2, "objectid": 398, "lehce_zran": 1}}, {"type": "Feature", "geometry": {"type": "Point", "coordinates": [16.605252, 49.205916]}, "properties": {"fid": 398, "den": 4, "usmrceno": 0, "druh": "sr\u00e1\u017eka s jedouc\u00edm nekolejov\u00fdm vozidlem", "rok": 2015, "hmotna_sko": 80000, "cas": "0:00:00", "tezce_zran": 0, "pricina": "nedodr\u017een\u00ed bezpe\u010dn\u00e9 vzd\u00e1lenosti za vozidlem", "x": 16.605252, "y": 49.205916, "mesic": 2, "objectid": 399, "lehce_zran": 1}}, {"type": "Feature", "geometry": {"type": "Point", "coordinates": [16.550706, 49.17419]}, "properties": {"fid": 399, "den": 7, "usmrceno": 0, "druh": "sr\u00e1\u017eka s jedouc\u00edm nekolejov\u00fdm vozidlem", "rok": 2015, "hmotna_sko": 60000, "cas": "0:00:00", "tezce_zran": 0, "pricina": "\u0159idi\u010d se pln\u011b nev\u011bnoval \u0159\u00edzen\u00ed vozidla", "x": 16.550706, "y": 49.17419, "mesic": 2, "objectid": 400, "lehce_zran": 1}}, {"type": "Feature", "geometry": {"type": "Point", "coordinates": [16.558733, 49.151642]}, "properties": {"fid": 400, "den": 12, "usmrceno": 0, "druh": "nehoda", "rok": 2015, "hmotna_sko": 150000, "cas": "0:00:00", "tezce_zran": 0, "pricina": "nep\u0159izp\u016fsoben\u00ed rychlosti dopravn\u011b technick\u00e9mu stavu vozovky (zat\u00e1\u010dka, kles\u00e1n\u00ed, stoup\u00e1n\u00ed, \u0161\u00ed\u0159ka vozovky apod.)", "x": 16.558733, "y": 49.151642, "mesic": 2, "objectid": 401, "lehce_zran": 1}}, {"type": "Feature", "geometry": {"type": "Point", "coordinates": [16.724939, 49.245646]}, "properties": {"fid": 401, "den": 16, "usmrceno": 0, "druh": "nehoda", "rok": 2015, "hmotna_sko": 30000, "cas": "0:00:00", "tezce_zran": 0, "pricina": "nep\u0159izp\u016fsoben\u00ed rychlosti dopravn\u011b technick\u00e9mu stavu vozovky (zat\u00e1\u010dka, kles\u00e1n\u00ed, stoup\u00e1n\u00ed, \u0161\u00ed\u0159ka vozovky apod.)", "x": 16.724939, "y": 49.245646, "mesic": 2, "objectid": 402, "lehce_zran": 1}}, {"type": "Feature", "geometry": {"type": "Point", "coordinates": [16.520446, 49.171207]}, "properties": {"fid": 402, "den": 4, "usmrceno": 0, "druh": "sr\u00e1\u017eka s pevnou p\u0159ek\u00e1\u017ekou", "rok": 2015, "hmotna_sko": 120000, "cas": "0:00:00", "tezce_zran": 0, "pricina": "upadnut\u00ed, ztr\u00e1ta kola vozidla (i rezervn\u00edho)", "x": 16.520446, "y": 49.171207, "mesic": 2, "objectid": 403, "lehce_zran": 1}}, {"type": "Feature", "geometry": {"type": "Point", "coordinates": [16.621926, 49.176172]}, "properties": {"fid": 404, "den": 26, "usmrceno": 0, "druh": "sr\u00e1\u017eka s jedouc\u00edm nekolejov\u00fdm vozidlem", "rok": 2015, "hmotna_sko": 70000, "cas": "0:00:00", "tezce_zran": 0, "pricina": "nedodr\u017een\u00ed bezpe\u010dn\u00e9 vzd\u00e1lenosti za vozidlem", "x": 16.621926, "y": 49.176172, "mesic": 2, "objectid": 405, "lehce_zran": 1}}, {"type": "Feature", "geometry": {"type": "Point", "coordinates": [16.693917, 49.082552]}, "properties": {"fid": 405, "den": 5, "usmrceno": 0, "druh": "sr\u00e1\u017eka s chodcem", "rok": 2015, "hmotna_sko": 10000, "cas": "0:00:00", "tezce_zran": 0, "pricina": "nezavin\u011bn\u00e1 \u0159idi\u010dem", "x": 16.693917, "y": 49.082552, "mesic": 2, "objectid": 406, "lehce_zran": 1}}, {"type": "Feature", "geometry": {"type": "Point", "coordinates": [16.626173, 49.199987]}, "properties": {"fid": 406, "den": 13, "usmrceno": 0, "druh": "sr\u00e1\u017eka s chodcem", "rok": 2015, "hmotna_sko": 0, "cas": "0:00:00", "tezce_zran": 0, "pricina": "nezavin\u011bn\u00e1 \u0159idi\u010dem", "x": 16.626173, "y": 49.199987, "mesic": 2, "objectid": 407, "lehce_zran": 1}}, {"type": "Feature", "geometry": {"type": "Point", "coordinates": [16.564158, 49.174197]}, "properties": {"fid": 407, "den": 12, "usmrceno": 0, "druh": "sr\u00e1\u017eka s jedouc\u00edm nekolejov\u00fdm vozidlem", "rok": 2015, "hmotna_sko": 40000, "cas": "0:00:00", "tezce_zran": 0, "pricina": "p\u0159i odbo\u010dov\u00e1n\u00ed vlevo", "x": 16.564158, "y": 49.174197, "mesic": 2, "objectid": 408, "lehce_zran": 1}}, {"type": "Feature", "geometry": {"type": "Point", "coordinates": [16.61322, 49.048486]}, "properties": {"fid": 409, "den": 4, "usmrceno": 0, "druh": "sr\u00e1\u017eka s jedouc\u00edm nekolejov\u00fdm vozidlem", "rok": 2015, "hmotna_sko": 140000, "cas": "0:00:00", "tezce_zran": 0, "pricina": "j\u00edzda po nespr\u00e1vn\u00e9 stran\u011b vozovky, vjet\u00ed do protism\u011bru", "x": 16.61322, "y": 49.048486, "mesic": 2, "objectid": 410, "lehce_zran": 1}}, {"type": "Feature", "geometry": {"type": "Point", "coordinates": [16.747543, 49.199213]}, "properties": {"fid": 410, "den": 25, "usmrceno": 0, "druh": "sr\u00e1\u017eka s jedouc\u00edm nekolejov\u00fdm vozidlem", "rok": 2015, "hmotna_sko": 55000, "cas": "0:00:00", "tezce_zran": 0, "pricina": "proti p\u0159\u00edkazu dopravn\u00ed zna\u010dky dej p\u0159ednost", "x": 16.747543, "y": 49.199213, "mesic": 2, "objectid": 411, "lehce_zran": 1}}, {"type": "Feature", "geometry": {"type": "Point", "coordinates": [16.551888, 49.110802]}, "properties": {"fid": 411, "den": 24, "usmrceno": 0, "druh": "sr\u00e1\u017eka s pevnou p\u0159ek\u00e1\u017ekou", "rok": 2015, "hmotna_sko": 10000, "cas": "0:00:00", "tezce_zran": 0, "pricina": "nezvl\u00e1dnut\u00ed \u0159\u00edzen\u00ed vozidla", "x": 16.551888, "y": 49.110802, "mesic": 2, "objectid": 412, "lehce_zran": 1}}, {"type": "Feature", "geometry": {"type": "Point", "coordinates": [16.401428, 49.276944]}, "properties": {"fid": 412, "den": 21, "usmrceno": 0, "druh": "sr\u00e1\u017eka s pevnou p\u0159ek\u00e1\u017ekou", "rok": 2015, "hmotna_sko": 70000, "cas": "0:00:00", "tezce_zran": 0, "pricina": "nep\u0159izp\u016fsoben\u00ed rychlosti dopravn\u011b technick\u00e9mu stavu vozovky (zat\u00e1\u010dka, kles\u00e1n\u00ed, stoup\u00e1n\u00ed, \u0161\u00ed\u0159ka vozovky apod.)", "x": 16.401428, "y": 49.276944, "mesic": 2, "objectid": 413, "lehce_zran": 1}}, {"type": "Feature", "geometry": {"type": "Point", "coordinates": [16.566696, 49.193408]}, "properties": {"fid": 413, "den": 17, "usmrceno": 0, "druh": "sr\u00e1\u017eka s jedouc\u00edm nekolejov\u00fdm vozidlem", "rok": 2015, "hmotna_sko": 2000, "cas": "0:00:00", "tezce_zran": 0, "pricina": "jin\u00e9 ned\u00e1n\u00ed p\u0159ednosti", "x": 16.566696, "y": 49.193408, "mesic": 2, "objectid": 414, "lehce_zran": 1}}, {"type": "Feature", "geometry": {"type": "Point", "coordinates": [16.60194, 49.144005]}, "properties": {"fid": 414, "den": 15, "usmrceno": 0, "druh": "sr\u00e1\u017eka s pevnou p\u0159ek\u00e1\u017ekou", "rok": 2015, "hmotna_sko": 630000, "cas": "0:00:00", "tezce_zran": 0, "pricina": "p\u0159i odbo\u010dov\u00e1n\u00ed vlevo", "x": 16.60194, "y": 49.144005, "mesic": 2, "objectid": 415, "lehce_zran": 1}}, {"type": "Feature", "geometry": {"type": "Point", "coordinates": [16.597114, 49.193248]}, "properties": {"fid": 415, "den": 2, "usmrceno": 0, "druh": "sr\u00e1\u017eka s vozidlem zaparkovan\u00fdm, odstaven\u00fdm", "rok": 2015, "hmotna_sko": 11000, "cas": "0:00:00", "tezce_zran": 0, "pricina": "nezvl\u00e1dnut\u00ed \u0159\u00edzen\u00ed vozidla", "x": 16.597114, "y": 49.193248, "mesic": 2, "objectid": 416, "lehce_zran": 1}}, {"type": "Feature", "geometry": {"type": "Point", "coordinates": [16.437425, 49.165893]}, "properties": {"fid": 416, "den": 2, "usmrceno": 0, "druh": "nehoda", "rok": 2015, "hmotna_sko": 80000, "cas": "0:00:00", "tezce_zran": 0, "pricina": "nep\u0159izp\u016fsoben\u00ed rychlosti stavu vozovky (n\u00e1led\u00ed, v\u00fdtluky, bl\u00e1to, mokr\u00fd povrch apod.)", "x": 16.437425, "y": 49.165893, "mesic": 2, "objectid": 417, "lehce_zran": 1}}, {"type": "Feature", "geometry": {"type": "Point", "coordinates": [16.600417, 49.200717]}, "properties": {"fid": 417, "den": 13, "usmrceno": 0, "druh": "sr\u00e1\u017eka s chodcem", "rok": 2015, "hmotna_sko": 30000, "cas": "0:00:00", "tezce_zran": 0, "pricina": "chodci na vyzna\u010den\u00e9m p\u0159echodu", "x": 16.600417, "y": 49.200717, "mesic": 2, "objectid": 418, "lehce_zran": 1}}, {"type": "Feature", "geometry": {"type": "Point", "coordinates": [16.583648, 49.221006]}, "properties": {"fid": 418, "den": 23, "usmrceno": 0, "druh": "sr\u00e1\u017eka s chodcem", "rok": 2015, "hmotna_sko": 1000, "cas": "0:00:00", "tezce_zran": 0, "pricina": "chodci na vyzna\u010den\u00e9m p\u0159echodu", "x": 16.583648, "y": 49.221006, "mesic": 2, "objectid": 419, "lehce_zran": 1}}, {"type": "Feature", "geometry": {"type": "Point", "coordinates": [16.658532, 49.205875]}, "properties": {"fid": 420, "den": 1, "usmrceno": 0, "druh": "sr\u00e1\u017eka s vozidlem zaparkovan\u00fdm, odstaven\u00fdm", "rok": 2015, "hmotna_sko": 10000, "cas": "0:00:00", "tezce_zran": 0, "pricina": "\u0159idi\u010d se pln\u011b nev\u011bnoval \u0159\u00edzen\u00ed vozidla", "x": 16.658532, "y": 49.205875, "mesic": 2, "objectid": 421, "lehce_zran": 0}}, {"type": "Feature", "geometry": {"type": "Point", "coordinates": [16.582826, 49.236637]}, "properties": {"fid": 421, "den": 3, "usmrceno": 0, "druh": "sr\u00e1\u017eka s vozidlem zaparkovan\u00fdm, odstaven\u00fdm", "rok": 2015, "hmotna_sko": 10000, "cas": "0:00:00", "tezce_zran": 0, "pricina": "\u0159idi\u010d se pln\u011b nev\u011bnoval \u0159\u00edzen\u00ed vozidla", "x": 16.582826, "y": 49.236637, "mesic": 2, "objectid": 422, "lehce_zran": 0}}, {"type": "Feature", "geometry": {"type": "Point", "coordinates": [16.682558, 49.068103]}, "properties": {"fid": 422, "den": 23, "usmrceno": 0, "druh": "sr\u00e1\u017eka s vozidlem zaparkovan\u00fdm, odstaven\u00fdm", "rok": 2015, "hmotna_sko": 28000, "cas": "0:00:00", "tezce_zran": 0, "pricina": "nespr\u00e1vn\u00e9 ot\u00e1\u010den\u00ed nebo couv\u00e1n\u00ed", "x": 16.682558, "y": 49.068103, "mesic": 2, "objectid": 423, "lehce_zran": 0}}, {"type": "Feature", "geometry": {"type": "Point", "coordinates": [16.66623, 49.200835]}, "properties": {"fid": 423, "den": 27, "usmrceno": 0, "druh": "sr\u00e1\u017eka s jedouc\u00edm nekolejov\u00fdm vozidlem", "rok": 2015, "hmotna_sko": 110000, "cas": "0:00:00", "tezce_zran": 0, "pricina": "p\u0159i odbo\u010dov\u00e1n\u00ed vlevo", "x": 16.66623, "y": 49.200835, "mesic": 2, "objectid": 424, "lehce_zran": 0}}, {"type": "Feature", "geometry": {"type": "Point", "coordinates": [16.584216, 49.222462]}, "properties": {"fid": 424, "den": 5, "usmrceno": 0, "druh": "sr\u00e1\u017eka s vozidlem zaparkovan\u00fdm, odstaven\u00fdm", "rok": 2015, "hmotna_sko": 10000, "cas": "0:00:00", "tezce_zran": 0, "pricina": "\u0159idi\u010d se pln\u011b nev\u011bnoval \u0159\u00edzen\u00ed vozidla", "x": 16.584216, "y": 49.222462, "mesic": 2, "objectid": 425, "lehce_zran": 0}}, {"type": "Feature", "geometry": {"type": "Point", "coordinates": [16.61692, 49.226388]}, "properties": {"fid": 425, "den": 5, "usmrceno": 0, "druh": "sr\u00e1\u017eka s pevnou p\u0159ek\u00e1\u017ekou", "rok": 2015, "hmotna_sko": 20000, "cas": "0:00:00", "tezce_zran": 0, "pricina": "\u0159idi\u010d se pln\u011b nev\u011bnoval \u0159\u00edzen\u00ed vozidla", "x": 16.61692, "y": 49.226388, "mesic": 2, "objectid": 426, "lehce_zran": 0}}, {"type": "Feature", "geometry": {"type": "Point", "coordinates": [16.59538, 49.208518]}, "properties": {"fid": 426, "den": 9, "usmrceno": 0, "druh": "sr\u00e1\u017eka s vozidlem zaparkovan\u00fdm, odstaven\u00fdm", "rok": 2015, "hmotna_sko": 30000, "cas": "0:00:00", "tezce_zran": 0, "pricina": "\u0159idi\u010d se pln\u011b nev\u011bnoval \u0159\u00edzen\u00ed vozidla", "x": 16.59538, "y": 49.208518, "mesic": 2, "objectid": 427, "lehce_zran": 0}}, {"type": "Feature", "geometry": {"type": "Point", "coordinates": [16.62632, 49.222888]}, "properties": {"fid": 427, "den": 10, "usmrceno": 0, "druh": "sr\u00e1\u017eka s vozidlem zaparkovan\u00fdm, odstaven\u00fdm", "rok": 2015, "hmotna_sko": 5000, "cas": "0:00:00", "tezce_zran": 0, "pricina": "\u0159idi\u010d se pln\u011b nev\u011bnoval \u0159\u00edzen\u00ed vozidla", "x": 16.62632, "y": 49.222888, "mesic": 2, "objectid": 428, "lehce_zran": 0}}, {"type": "Feature", "geometry": {"type": "Point", "coordinates": [16.629491, 49.165402]}, "properties": {"fid": 428, "den": 11, "usmrceno": 0, "druh": "sr\u00e1\u017eka s vozidlem zaparkovan\u00fdm, odstaven\u00fdm", "rok": 2015, "hmotna_sko": 10000, "cas": "0:00:00", "tezce_zran": 0, "pricina": "\u0159idi\u010d se pln\u011b nev\u011bnoval \u0159\u00edzen\u00ed vozidla", "x": 16.629491, "y": 49.165402, "mesic": 2, "objectid": 429, "lehce_zran": 0}}, {"type": "Feature", "geometry": {"type": "Point", "coordinates": [16.604506, 49.207197]}, "properties": {"fid": 429, "den": 17, "usmrceno": 0, "druh": "sr\u00e1\u017eka s vozidlem zaparkovan\u00fdm, odstaven\u00fdm", "rok": 2015, "hmotna_sko": 7000, "cas": "0:00:00", "tezce_zran": 0, "pricina": "\u0159idi\u010d se pln\u011b nev\u011bnoval \u0159\u00edzen\u00ed vozidla", "x": 16.604506, "y": 49.207197, "mesic": 2, "objectid": 430, "lehce_zran": 0}}, {"type": "Feature", "geometry": {"type": "Point", "coordinates": [16.593894, 49.196692]}, "properties": {"fid": 430, "den": 11, "usmrceno": 0, "druh": "sr\u00e1\u017eka s vozidlem zaparkovan\u00fdm, odstaven\u00fdm", "rok": 2015, "hmotna_sko": 10000, "cas": "0:00:00", "tezce_zran": 0, "pricina": "\u0159idi\u010d se pln\u011b nev\u011bnoval \u0159\u00edzen\u00ed vozidla", "x": 16.593894, "y": 49.196692, "mesic": 2, "objectid": 431, "lehce_zran": 0}}, {"type": "Feature", "geometry": {"type": "Point", "coordinates": [16.523451, 49.170844]}, "properties": {"fid": 431, "den": 17, "usmrceno": 0, "druh": "sr\u00e1\u017eka s jedouc\u00edm nekolejov\u00fdm vozidlem", "rok": 2015, "hmotna_sko": 82000, "cas": "0:00:00", "tezce_zran": 0, "pricina": "p\u0159i p\u0159ej\u00ed\u017ed\u011bn\u00ed z jednoho j\u00edzdn\u00edho pruhu do druh\u00e9ho", "x": 16.523451, "y": 49.170844, "mesic": 2, "objectid": 432, "lehce_zran": 0}}, {"type": "Feature", "geometry": {"type": "Point", "coordinates": [16.461378, 49.185879]}, "properties": {"fid": 433, "den": 21, "usmrceno": 0, "druh": "jin\u00fd druh nehody", "rok": 2015, "hmotna_sko": 40000, "cas": "0:00:00", "tezce_zran": 0, "pricina": "defekt pneumatiky zp\u016fsoben\u00fd pr\u016frazem nebo n\u00e1hl\u00fdm \u00fanikem vzduchu", "x": 16.461378, "y": 49.185879, "mesic": 2, "objectid": 434, "lehce_zran": 0}}, {"type": "Feature", "geometry": {"type": "Point", "coordinates": [16.67851, 49.042436]}, "properties": {"fid": 435, "den": 3, "usmrceno": 0, "druh": "jin\u00fd druh nehody", "rok": 2015, "hmotna_sko": 10000, "cas": "0:00:00", "tezce_zran": 0, "pricina": "jin\u00fd druh nespr\u00e1vn\u00e9ho zp\u016fsobu j\u00edzdy", "x": 16.67851, "y": 49.042436, "mesic": 2, "objectid": 436, "lehce_zran": 0}}, {"type": "Feature", "geometry": {"type": "Point", "coordinates": [16.604418, 49.18354]}, "properties": {"fid": 436, "den": 18, "usmrceno": 0, "druh": "sr\u00e1\u017eka s jedouc\u00edm nekolejov\u00fdm vozidlem", "rok": 2015, "hmotna_sko": 61000, "cas": "0:00:00", "tezce_zran": 0, "pricina": "\u0159idi\u010d se pln\u011b nev\u011bnoval \u0159\u00edzen\u00ed vozidla", "x": 16.604418, "y": 49.18354, "mesic": 2, "objectid": 437, "lehce_zran": 0}}, {"type": "Feature", "geometry": {"type": "Point", "coordinates": [16.599315, 49.184602]}, "properties": {"fid": 438, "den": 16, "usmrceno": 0, "druh": "sr\u00e1\u017eka s pevnou p\u0159ek\u00e1\u017ekou", "rok": 2015, "hmotna_sko": 20000, "cas": "0:00:00", "tezce_zran": 0, "pricina": "vyh\u00fdb\u00e1n\u00ed bez dostate\u010dn\u00e9ho bo\u010dn\u00edho odstupu (v\u016fle)", "x": 16.599315, "y": 49.184602, "mesic": 2, "objectid": 439, "lehce_zran": 0}}, {"type": "Feature", "geometry": {"type": "Point", "coordinates": [16.617564, 49.199479]}, "properties": {"fid": 439, "den": 8, "usmrceno": 0, "druh": "sr\u00e1\u017eka s vozidlem zaparkovan\u00fdm, odstaven\u00fdm", "rok": 2015, "hmotna_sko": 20000, "cas": "0:00:00", "tezce_zran": 0, "pricina": "\u0159idi\u010d se pln\u011b nev\u011bnoval \u0159\u00edzen\u00ed vozidla", "x": 16.617564, "y": 49.199479, "mesic": 2, "objectid": 440, "lehce_zran": 0}}, {"type": "Feature", "geometry": {"type": "Point", "coordinates": [16.516192, 49.110999]}, "properties": {"fid": 440, "den": 19, "usmrceno": 0, "druh": "sr\u00e1\u017eka s vozidlem zaparkovan\u00fdm, odstaven\u00fdm", "rok": 2015, "hmotna_sko": 30000, "cas": "0:00:00", "tezce_zran": 0, "pricina": "\u0159idi\u010d se pln\u011b nev\u011bnoval \u0159\u00edzen\u00ed vozidla", "x": 16.516192, "y": 49.110999, "mesic": 2, "objectid": 441, "lehce_zran": 0}}, {"type": "Feature", "geometry": {"type": "Point", "coordinates": [16.536071, 49.174335]}, "properties": {"fid": 441, "den": 11, "usmrceno": 0, "druh": "sr\u00e1\u017eka s pevnou p\u0159ek\u00e1\u017ekou", "rok": 2015, "hmotna_sko": 11000, "cas": "0:00:00", "tezce_zran": 0, "pricina": "\u0159idi\u010d se pln\u011b nev\u011bnoval \u0159\u00edzen\u00ed vozidla", "x": 16.536071, "y": 49.174335, "mesic": 2, "objectid": 442, "lehce_zran": 0}}, {"type": "Feature", "geometry": {"type": "Point", "coordinates": [16.60222, 49.214277]}, "properties": {"fid": 442, "den": 5, "usmrceno": 0, "druh": "sr\u00e1\u017eka s vozidlem zaparkovan\u00fdm, odstaven\u00fdm", "rok": 2015, "hmotna_sko": 10000, "cas": "0:00:00", "tezce_zran": 0, "pricina": "\u0159idi\u010d se pln\u011b nev\u011bnoval \u0159\u00edzen\u00ed vozidla", "x": 16.60222, "y": 49.214277, "mesic": 2, "objectid": 443, "lehce_zran": 0}}, {"type": "Feature", "geometry": {"type": "Point", "coordinates": [16.65468, 49.187252]}, "properties": {"fid": 443, "den": 5, "usmrceno": 0, "druh": "sr\u00e1\u017eka s vozidlem zaparkovan\u00fdm, odstaven\u00fdm", "rok": 2015, "hmotna_sko": 30000, "cas": "0:00:00", "tezce_zran": 0, "pricina": "\u0159idi\u010d se pln\u011b nev\u011bnoval \u0159\u00edzen\u00ed vozidla", "x": 16.65468, "y": 49.187252, "mesic": 2, "objectid": 444, "lehce_zran": 0}}, {"type": "Feature", "geometry": {"type": "Point", "coordinates": [16.594216, 49.196531]}, "properties": {"fid": 444, "den": 1, "usmrceno": 0, "druh": "sr\u00e1\u017eka s vozidlem zaparkovan\u00fdm, odstaven\u00fdm", "rok": 2015, "hmotna_sko": 50000, "cas": "0:00:00", "tezce_zran": 0, "pricina": "\u0159idi\u010d se pln\u011b nev\u011bnoval \u0159\u00edzen\u00ed vozidla", "x": 16.594216, "y": 49.196531, "mesic": 2, "objectid": 445, "lehce_zran": 0}}, {"type": "Feature", "geometry": {"type": "Point", "coordinates": [16.611586, 49.195826]}, "properties": {"fid": 445, "den": 3, "usmrceno": 0, "druh": "sr\u00e1\u017eka s vozidlem zaparkovan\u00fdm, odstaven\u00fdm", "rok": 2015, "hmotna_sko": 10000, "cas": "0:00:00", "tezce_zran": 0, "pricina": "\u0159idi\u010d se pln\u011b nev\u011bnoval \u0159\u00edzen\u00ed vozidla", "x": 16.611586, "y": 49.195826, "mesic": 2, "objectid": 446, "lehce_zran": 0}}, {"type": "Feature", "geometry": {"type": "Point", "coordinates": [16.606082, 49.194314]}, "properties": {"fid": 446, "den": 1, "usmrceno": 0, "druh": "sr\u00e1\u017eka s vozidlem zaparkovan\u00fdm, odstaven\u00fdm", "rok": 2015, "hmotna_sko": 30000, "cas": "0:00:00", "tezce_zran": 0, "pricina": "\u0159idi\u010d se pln\u011b nev\u011bnoval \u0159\u00edzen\u00ed vozidla", "x": 16.606082, "y": 49.194314, "mesic": 2, "objectid": 447, "lehce_zran": 0}}, {"type": "Feature", "geometry": {"type": "Point", "coordinates": [16.57923, 49.247487]}, "properties": {"fid": 447, "den": 24, "usmrceno": 0, "druh": "sr\u00e1\u017eka s tramvaj\u00ed", "rok": 2015, "hmotna_sko": 50000, "cas": "0:00:00", "tezce_zran": 0, "pricina": "\u0159idi\u010d se pln\u011b nev\u011bnoval \u0159\u00edzen\u00ed vozidla", "x": 16.57923, "y": 49.247487, "mesic": 2, "objectid": 448, "lehce_zran": 0}}, {"type": "Feature", "geometry": {"type": "Point", "coordinates": [16.615534, 49.20794]}, "properties": {"fid": 448, "den": 19, "usmrceno": 0, "druh": "sr\u00e1\u017eka s vozidlem zaparkovan\u00fdm, odstaven\u00fdm", "rok": 2015, "hmotna_sko": 1000, "cas": "0:00:00", "tezce_zran": 0, "pricina": "\u0159idi\u010d se pln\u011b nev\u011bnoval \u0159\u00edzen\u00ed vozidla", "x": 16.615534, "y": 49.20794, "mesic": 2, "objectid": 449, "lehce_zran": 0}}, {"type": "Feature", "geometry": {"type": "Point", "coordinates": [16.577212, 49.170265]}, "properties": {"fid": 449, "den": 11, "usmrceno": 0, "druh": "sr\u00e1\u017eka s vozidlem zaparkovan\u00fdm, odstaven\u00fdm", "rok": 2015, "hmotna_sko": 5000, "cas": "0:00:00", "tezce_zran": 0, "pricina": "chyby p\u0159i ud\u00e1n\u00ed sm\u011bru j\u00edzdy", "x": 16.577212, "y": 49.170265, "mesic": 2, "objectid": 450, "lehce_zran": 0}}, {"type": "Feature", "geometry": {"type": "Point", "coordinates": [16.591666, 49.16223]}, "properties": {"fid": 450, "den": 6, "usmrceno": 0, "druh": "sr\u00e1\u017eka s pevnou p\u0159ek\u00e1\u017ekou", "rok": 2015, "hmotna_sko": 10000, "cas": "0:00:00", "tezce_zran": 0, "pricina": "\u0159idi\u010d se pln\u011b nev\u011bnoval \u0159\u00edzen\u00ed vozidla", "x": 16.591666, "y": 49.16223, "mesic": 2, "objectid": 451, "lehce_zran": 0}}, {"type": "Feature", "geometry": {"type": "Point", "coordinates": [16.655628, 49.198549]}, "properties": {"fid": 451, "den": 19, "usmrceno": 0, "druh": "sr\u00e1\u017eka s vozidlem zaparkovan\u00fdm, odstaven\u00fdm", "rok": 2015, "hmotna_sko": 20000, "cas": "0:00:00", "tezce_zran": 0, "pricina": "\u0159idi\u010d se pln\u011b nev\u011bnoval \u0159\u00edzen\u00ed vozidla", "x": 16.655628, "y": 49.198549, "mesic": 2, "objectid": 452, "lehce_zran": 0}}, {"type": "Feature", "geometry": {"type": "Point", "coordinates": [16.600364, 49.197238]}, "properties": {"fid": 452, "den": 14, "usmrceno": 0, "druh": "jin\u00fd druh nehody", "rok": 2015, "hmotna_sko": 12000, "cas": "0:00:00", "tezce_zran": 0, "pricina": "p\u0159i p\u0159edj\u00ed\u017ed\u011bn\u00ed do\u0161lo k ohro\u017een\u00ed p\u0159edj\u00ed\u017ed\u011bn\u00e9ho \u0159idi\u010de vozidla (vynucen\u00e9 za\u0159azen\u00ed, p\u0159edj\u00ed\u017ed\u011bn\u00fd \u0159idi\u010d musel prudce brzdit, m\u011bnit sm\u011br j\u00edzdy apod.)", "x": 16.600364, "y": 49.197238, "mesic": 2, "objectid": 453, "lehce_zran": 0}}, {"type": "Feature", "geometry": {"type": "Point", "coordinates": [16.618592, 49.205703]}, "properties": {"fid": 453, "den": 13, "usmrceno": 0, "druh": "sr\u00e1\u017eka s vozidlem zaparkovan\u00fdm, odstaven\u00fdm", "rok": 2015, "hmotna_sko": 20000, "cas": "0:00:00", "tezce_zran": 0, "pricina": "\u0159idi\u010d se pln\u011b nev\u011bnoval \u0159\u00edzen\u00ed vozidla", "x": 16.618592, "y": 49.205703, "mesic": 2, "objectid": 454, "lehce_zran": 0}}, {"type": "Feature", "geometry": {"type": "Point", "coordinates": [16.668423, 49.200598]}, "properties": {"fid": 454, "den": 12, "usmrceno": 0, "druh": "sr\u00e1\u017eka s vozidlem zaparkovan\u00fdm, odstaven\u00fdm", "rok": 2015, "hmotna_sko": 50000, "cas": "0:00:00", "tezce_zran": 0, "pricina": "\u0159idi\u010d se pln\u011b nev\u011bnoval \u0159\u00edzen\u00ed vozidla", "x": 16.668423, "y": 49.200598, "mesic": 2, "objectid": 455, "lehce_zran": 0}}, {"type": "Feature", "geometry": {"type": "Point", "coordinates": [16.552672, 49.176634]}, "properties": {"fid": 455, "den": 2, "usmrceno": 0, "druh": "sr\u00e1\u017eka s vozidlem zaparkovan\u00fdm, odstaven\u00fdm", "rok": 2015, "hmotna_sko": 20000, "cas": "0:00:00", "tezce_zran": 0, "pricina": "\u0159idi\u010d se pln\u011b nev\u011bnoval \u0159\u00edzen\u00ed vozidla", "x": 16.552672, "y": 49.176634, "mesic": 2, "objectid": 456, "lehce_zran": 0}}, {"type": "Feature", "geometry": {"type": "Point", "coordinates": [16.559332, 49.194428]}, "properties": {"fid": 457, "den": 4, "usmrceno": 0, "druh": "sr\u00e1\u017eka s vozidlem zaparkovan\u00fdm, odstaven\u00fdm", "rok": 2015, "hmotna_sko": 10000, "cas": "0:00:00", "tezce_zran": 0, "pricina": "\u0159idi\u010d se pln\u011b nev\u011bnoval \u0159\u00edzen\u00ed vozidla", "x": 16.559332, "y": 49.194428, "mesic": 2, "objectid": 458, "lehce_zran": 0}}, {"type": "Feature", "geometry": {"type": "Point", "coordinates": [16.565781, 49.17702]}, "properties": {"fid": 458, "den": 17, "usmrceno": 0, "druh": "sr\u00e1\u017eka s vozidlem zaparkovan\u00fdm, odstaven\u00fdm", "rok": 2015, "hmotna_sko": 10000, "cas": "0:00:00", "tezce_zran": 0, "pricina": "\u0159idi\u010d se pln\u011b nev\u011bnoval \u0159\u00edzen\u00ed vozidla", "x": 16.565781, "y": 49.17702, "mesic": 2, "objectid": 459, "lehce_zran": 0}}, {"type": "Feature", "geometry": {"type": "Point", "coordinates": [16.625481, 49.190642]}, "properties": {"fid": 459, "den": 11, "usmrceno": 0, "druh": "sr\u00e1\u017eka s vozidlem zaparkovan\u00fdm, odstaven\u00fdm", "rok": 2015, "hmotna_sko": 5000, "cas": "0:00:00", "tezce_zran": 0, "pricina": "\u0159idi\u010d se pln\u011b nev\u011bnoval \u0159\u00edzen\u00ed vozidla", "x": 16.625481, "y": 49.190642, "mesic": 2, "objectid": 460, "lehce_zran": 0}}, {"type": "Feature", "geometry": {"type": "Point", "coordinates": [16.598915, 49.204223]}, "properties": {"fid": 460, "den": 6, "usmrceno": 0, "druh": "sr\u00e1\u017eka s vozidlem zaparkovan\u00fdm, odstaven\u00fdm", "rok": 2015, "hmotna_sko": 3000, "cas": "0:00:00", "tezce_zran": 0, "pricina": "\u0159idi\u010d se pln\u011b nev\u011bnoval \u0159\u00edzen\u00ed vozidla", "x": 16.598915, "y": 49.204223, "mesic": 2, "objectid": 461, "lehce_zran": 0}}, {"type": "Feature", "geometry": {"type": "Point", "coordinates": [16.611667, 49.190929]}, "properties": {"fid": 461, "den": 23, "usmrceno": 0, "druh": "sr\u00e1\u017eka s vozidlem zaparkovan\u00fdm, odstaven\u00fdm", "rok": 2015, "hmotna_sko": 5000, "cas": "0:00:00", "tezce_zran": 0, "pricina": "\u0159idi\u010d se pln\u011b nev\u011bnoval \u0159\u00edzen\u00ed vozidla", "x": 16.611667, "y": 49.190929, "mesic": 2, "objectid": 462, "lehce_zran": 0}}, {"type": "Feature", "geometry": {"type": "Point", "coordinates": [16.678168, 49.20313]}, "properties": {"fid": 462, "den": 23, "usmrceno": 0, "druh": "sr\u00e1\u017eka s vozidlem zaparkovan\u00fdm, odstaven\u00fdm", "rok": 2015, "hmotna_sko": 15000, "cas": "0:00:00", "tezce_zran": 0, "pricina": "\u0159idi\u010d se pln\u011b nev\u011bnoval \u0159\u00edzen\u00ed vozidla", "x": 16.678168, "y": 49.20313, "mesic": 2, "objectid": 463, "lehce_zran": 0}}, {"type": "Feature", "geometry": {"type": "Point", "coordinates": [16.589754, 49.232383]}, "properties": {"fid": 463, "den": 21, "usmrceno": 0, "druh": "sr\u00e1\u017eka s vozidlem zaparkovan\u00fdm, odstaven\u00fdm", "rok": 2015, "hmotna_sko": 20000, "cas": "0:00:00", "tezce_zran": 0, "pricina": "\u0159idi\u010d se pln\u011b nev\u011bnoval \u0159\u00edzen\u00ed vozidla", "x": 16.589754, "y": 49.232383, "mesic": 2, "objectid": 464, "lehce_zran": 0}}, {"type": "Feature", "geometry": {"type": "Point", "coordinates": [16.625475, 49.223113]}, "properties": {"fid": 464, "den": 25, "usmrceno": 0, "druh": "sr\u00e1\u017eka s vozidlem zaparkovan\u00fdm, odstaven\u00fdm", "rok": 2015, "hmotna_sko": 40000, "cas": "0:00:00", "tezce_zran": 0, "pricina": "\u0159idi\u010d se pln\u011b nev\u011bnoval \u0159\u00edzen\u00ed vozidla", "x": 16.625475, "y": 49.223113, "mesic": 2, "objectid": 465, "lehce_zran": 0}}, {"type": "Feature", "geometry": {"type": "Point", "coordinates": [16.686543, 49.211928]}, "properties": {"fid": 465, "den": 14, "usmrceno": 0, "druh": "sr\u00e1\u017eka s vozidlem zaparkovan\u00fdm, odstaven\u00fdm", "rok": 2015, "hmotna_sko": 30000, "cas": "0:00:00", "tezce_zran": 0, "pricina": "\u0159idi\u010d se pln\u011b nev\u011bnoval \u0159\u00edzen\u00ed vozidla", "x": 16.686543, "y": 49.211928, "mesic": 2, "objectid": 466, "lehce_zran": 0}}, {"type": "Feature", "geometry": {"type": "Point", "coordinates": [16.599739, 49.21898]}, "properties": {"fid": 466, "den": 20, "usmrceno": 0, "druh": "sr\u00e1\u017eka s vozidlem zaparkovan\u00fdm, odstaven\u00fdm", "rok": 2015, "hmotna_sko": 3000, "cas": "0:00:00", "tezce_zran": 0, "pricina": "\u0159idi\u010d se pln\u011b nev\u011bnoval \u0159\u00edzen\u00ed vozidla", "x": 16.599739, "y": 49.21898, "mesic": 2, "objectid": 467, "lehce_zran": 0}}, {"type": "Feature", "geometry": {"type": "Point", "coordinates": [16.623563, 49.233077]}, "properties": {"fid": 467, "den": 27, "usmrceno": 0, "druh": "sr\u00e1\u017eka s vozidlem zaparkovan\u00fdm, odstaven\u00fdm", "rok": 2015, "hmotna_sko": 30000, "cas": "0:00:00", "tezce_zran": 0, "pricina": "\u0159idi\u010d se pln\u011b nev\u011bnoval \u0159\u00edzen\u00ed vozidla", "x": 16.623563, "y": 49.233077, "mesic": 2, "objectid": 468, "lehce_zran": 0}}, {"type": "Feature", "geometry": {"type": "Point", "coordinates": [16.509485, 49.219564]}, "properties": {"fid": 468, "den": 28, "usmrceno": 0, "druh": "sr\u00e1\u017eka s vozidlem zaparkovan\u00fdm, odstaven\u00fdm", "rok": 2015, "hmotna_sko": 5000, "cas": "0:00:00", "tezce_zran": 0, "pricina": "\u0159idi\u010d se pln\u011b nev\u011bnoval \u0159\u00edzen\u00ed vozidla", "x": 16.509485, "y": 49.219564, "mesic": 2, "objectid": 469, "lehce_zran": 0}}, {"type": "Feature", "geometry": {"type": "Point", "coordinates": [16.631357, 49.220812]}, "properties": {"fid": 469, "den": 24, "usmrceno": 0, "druh": "sr\u00e1\u017eka s vozidlem zaparkovan\u00fdm, odstaven\u00fdm", "rok": 2015, "hmotna_sko": 10000, "cas": "0:00:00", "tezce_zran": 0, "pricina": "\u0159idi\u010d se pln\u011b nev\u011bnoval \u0159\u00edzen\u00ed vozidla", "x": 16.631357, "y": 49.220812, "mesic": 2, "objectid": 470, "lehce_zran": 0}}, {"type": "Feature", "geometry": {"type": "Point", "coordinates": [16.643676, 49.201504]}, "properties": {"fid": 471, "den": 13, "usmrceno": 0, "druh": "sr\u00e1\u017eka s vozidlem zaparkovan\u00fdm, odstaven\u00fdm", "rok": 2015, "hmotna_sko": 10000, "cas": "0:00:00", "tezce_zran": 0, "pricina": "\u0159idi\u010d se pln\u011b nev\u011bnoval \u0159\u00edzen\u00ed vozidla", "x": 16.643676, "y": 49.201504, "mesic": 2, "objectid": 472, "lehce_zran": 0}}, {"type": "Feature", "geometry": {"type": "Point", "coordinates": [16.630025, 49.156214]}, "properties": {"fid": 472, "den": 26, "usmrceno": 0, "druh": "sr\u00e1\u017eka s jedouc\u00edm nekolejov\u00fdm vozidlem", "rok": 2015, "hmotna_sko": 10000, "cas": "0:00:00", "tezce_zran": 0, "pricina": "\u0159idi\u010d se pln\u011b nev\u011bnoval \u0159\u00edzen\u00ed vozidla", "x": 16.630025, "y": 49.156214, "mesic": 2, "objectid": 473, "lehce_zran": 0}}, {"type": "Feature", "geometry": {"type": "Point", "coordinates": [16.634096, 49.185604]}, "properties": {"fid": 473, "den": 8, "usmrceno": 0, "druh": "sr\u00e1\u017eka s vozidlem zaparkovan\u00fdm, odstaven\u00fdm", "rok": 2015, "hmotna_sko": 10000, "cas": "0:00:00", "tezce_zran": 0, "pricina": "\u0159idi\u010d se pln\u011b nev\u011bnoval \u0159\u00edzen\u00ed vozidla", "x": 16.634096, "y": 49.185604, "mesic": 2, "objectid": 474, "lehce_zran": 0}}, {"type": "Feature", "geometry": {"type": "Point", "coordinates": [16.560741, 49.112671]}, "properties": {"fid": 475, "den": 15, "usmrceno": 0, "druh": "sr\u00e1\u017eka s pevnou p\u0159ek\u00e1\u017ekou", "rok": 2015, "hmotna_sko": 10000, "cas": "0:00:00", "tezce_zran": 0, "pricina": "j\u00edzda po nespr\u00e1vn\u00e9 stran\u011b vozovky, vjet\u00ed do protism\u011bru", "x": 16.560741, "y": 49.112671, "mesic": 2, "objectid": 476, "lehce_zran": 0}}, {"type": "Feature", "geometry": {"type": "Point", "coordinates": [16.628479, 49.218525]}, "properties": {"fid": 476, "den": 22, "usmrceno": 0, "druh": "sr\u00e1\u017eka s pevnou p\u0159ek\u00e1\u017ekou", "rok": 2015, "hmotna_sko": 2000, "cas": "0:00:00", "tezce_zran": 0, "pricina": "proti p\u0159\u00edkazu dopravn\u00ed zna\u010dky dej p\u0159ednost", "x": 16.628479, "y": 49.218525, "mesic": 2, "objectid": 477, "lehce_zran": 0}}, {"type": "Feature", "geometry": {"type": "Point", "coordinates": [16.52779, 49.173495]}, "properties": {"fid": 477, "den": 28, "usmrceno": 0, "druh": "sr\u00e1\u017eka s vozidlem zaparkovan\u00fdm, odstaven\u00fdm", "rok": 2015, "hmotna_sko": 1000, "cas": "0:00:00", "tezce_zran": 0, "pricina": "\u0159idi\u010d se pln\u011b nev\u011bnoval \u0159\u00edzen\u00ed vozidla", "x": 16.52779, "y": 49.173495, "mesic": 2, "objectid": 478, "lehce_zran": 0}}, {"type": "Feature", "geometry": {"type": "Point", "coordinates": [16.580786, 49.243019]}, "properties": {"fid": 478, "den": 2, "usmrceno": 0, "druh": "sr\u00e1\u017eka s vozidlem zaparkovan\u00fdm, odstaven\u00fdm", "rok": 2015, "hmotna_sko": 10000, "cas": "0:00:00", "tezce_zran": 0, "pricina": "\u0159idi\u010d se pln\u011b nev\u011bnoval \u0159\u00edzen\u00ed vozidla", "x": 16.580786, "y": 49.243019, "mesic": 2, "objectid": 479, "lehce_zran": 0}}, {"type": "Feature", "geometry": {"type": "Point", "coordinates": [16.607124, 49.201288]}, "properties": {"fid": 479, "den": 23, "usmrceno": 0, "druh": "sr\u00e1\u017eka s vozidlem zaparkovan\u00fdm, odstaven\u00fdm", "rok": 2015, "hmotna_sko": 5000, "cas": "0:00:00", "tezce_zran": 0, "pricina": "vyh\u00fdb\u00e1n\u00ed bez dostate\u010dn\u00e9ho bo\u010dn\u00edho odstupu (v\u016fle)", "x": 16.607124, "y": 49.201288, "mesic": 2, "objectid": 480, "lehce_zran": 0}}, {"type": "Feature", "geometry": {"type": "Point", "coordinates": [16.565669, 49.212441]}, "properties": {"fid": 480, "den": 19, "usmrceno": 0, "druh": "sr\u00e1\u017eka s vozidlem zaparkovan\u00fdm, odstaven\u00fdm", "rok": 2015, "hmotna_sko": 40000, "cas": "0:00:00", "tezce_zran": 0, "pricina": "vyh\u00fdb\u00e1n\u00ed bez dostate\u010dn\u00e9ho bo\u010dn\u00edho odstupu (v\u016fle)", "x": 16.565669, "y": 49.212441, "mesic": 2, "objectid": 481, "lehce_zran": 0}}, {"type": "Feature", "geometry": {"type": "Point", "coordinates": [16.58774, 49.186306]}, "properties": {"fid": 481, "den": 28, "usmrceno": 0, "druh": "sr\u00e1\u017eka s vozidlem zaparkovan\u00fdm, odstaven\u00fdm", "rok": 2015, "hmotna_sko": 10000, "cas": "0:00:00", "tezce_zran": 0, "pricina": "chyby p\u0159i ud\u00e1n\u00ed sm\u011bru j\u00edzdy", "x": 16.58774, "y": 49.186306, "mesic": 2, "objectid": 482, "lehce_zran": 0}}, {"type": "Feature", "geometry": {"type": "Point", "coordinates": [16.673143, 49.2059]}, "properties": {"fid": 483, "den": 11, "usmrceno": 0, "druh": "sr\u00e1\u017eka s vozidlem zaparkovan\u00fdm, odstaven\u00fdm", "rok": 2015, "hmotna_sko": 5000, "cas": "0:00:00", "tezce_zran": 0, "pricina": "chyby p\u0159i ud\u00e1n\u00ed sm\u011bru j\u00edzdy", "x": 16.673143, "y": 49.2059, "mesic": 2, "objectid": 484, "lehce_zran": 0}}, {"type": "Feature", "geometry": {"type": "Point", "coordinates": [16.604354, 49.200804]}, "properties": {"fid": 484, "den": 11, "usmrceno": 0, "druh": "sr\u00e1\u017eka s vozidlem zaparkovan\u00fdm, odstaven\u00fdm", "rok": 2015, "hmotna_sko": 4000, "cas": "0:00:00", "tezce_zran": 0, "pricina": "\u0159idi\u010d se pln\u011b nev\u011bnoval \u0159\u00edzen\u00ed vozidla", "x": 16.604354, "y": 49.200804, "mesic": 2, "objectid": 485, "lehce_zran": 0}}, {"type": "Feature", "geometry": {"type": "Point", "coordinates": [16.596226, 49.191719]}, "properties": {"fid": 486, "den": 5, "usmrceno": 0, "druh": "sr\u00e1\u017eka s pevnou p\u0159ek\u00e1\u017ekou", "rok": 2015, "hmotna_sko": 10000, "cas": "0:00:00", "tezce_zran": 0, "pricina": "\u0159idi\u010d se pln\u011b nev\u011bnoval \u0159\u00edzen\u00ed vozidla", "x": 16.596226, "y": 49.191719, "mesic": 2, "objectid": 487, "lehce_zran": 0}}, {"type": "Feature", "geometry": {"type": "Point", "coordinates": [16.668723, 49.24818]}, "properties": {"fid": 487, "den": 16, "usmrceno": 0, "druh": "sr\u00e1\u017eka s pevnou p\u0159ek\u00e1\u017ekou", "rok": 2015, "hmotna_sko": 120000, "cas": "0:00:00", "tezce_zran": 0, "pricina": "\u0159idi\u010d se pln\u011b nev\u011bnoval \u0159\u00edzen\u00ed vozidla", "x": 16.668723, "y": 49.24818, "mesic": 2, "objectid": 488, "lehce_zran": 0}}, {"type": "Feature", "geometry": {"type": "Point", "coordinates": [16.679554, 49.182874]}, "properties": {"fid": 488, "den": 17, "usmrceno": 0, "druh": "sr\u00e1\u017eka s pevnou p\u0159ek\u00e1\u017ekou", "rok": 2015, "hmotna_sko": 20000, "cas": "0:00:00", "tezce_zran": 0, "pricina": "\u0159idi\u010d se pln\u011b nev\u011bnoval \u0159\u00edzen\u00ed vozidla", "x": 16.679554, "y": 49.182874, "mesic": 2, "objectid": 489, "lehce_zran": 0}}, {"type": "Feature", "geometry": {"type": "Point", "coordinates": [16.58681, 49.223163]}, "properties": {"fid": 490, "den": 25, "usmrceno": 0, "druh": "sr\u00e1\u017eka s jedouc\u00edm nekolejov\u00fdm vozidlem", "rok": 2015, "hmotna_sko": 50000, "cas": "0:00:00", "tezce_zran": 0, "pricina": "vozidlu p\u0159ij\u00ed\u017ed\u011bj\u00edc\u00edmu zprava", "x": 16.58681, "y": 49.223163, "mesic": 2, "objectid": 491, "lehce_zran": 0}}, {"type": "Feature", "geometry": {"type": "Point", "coordinates": [16.593678, 49.198351]}, "properties": {"fid": 491, "den": 25, "usmrceno": 0, "druh": "sr\u00e1\u017eka s pevnou p\u0159ek\u00e1\u017ekou", "rok": 2015, "hmotna_sko": 155000, "cas": "0:00:00", "tezce_zran": 0, "pricina": "j\u00edzda na \"\u010dervenou\" 3-barevn\u00e9ho semaforu", "x": 16.593678, "y": 49.198351, "mesic": 2, "objectid": 492, "lehce_zran": 0}}, {"type": "Feature", "geometry": {"type": "Point", "coordinates": [16.581893, 49.198784]}, "properties": {"fid": 492, "den": 23, "usmrceno": 0, "druh": "sr\u00e1\u017eka s jedouc\u00edm nekolejov\u00fdm vozidlem", "rok": 2015, "hmotna_sko": 5000, "cas": "0:00:00", "tezce_zran": 0, "pricina": "vozidlu p\u0159ij\u00ed\u017ed\u011bj\u00edc\u00edmu zprava", "x": 16.581893, "y": 49.198784, "mesic": 2, "objectid": 493, "lehce_zran": 0}}, {"type": "Feature", "geometry": {"type": "Point", "coordinates": [16.526207, 49.123751]}, "properties": {"fid": 493, "den": 17, "usmrceno": 0, "druh": "sr\u00e1\u017eka s pevnou p\u0159ek\u00e1\u017ekou", "rok": 2015, "hmotna_sko": 65000, "cas": "0:00:00", "tezce_zran": 0, "pricina": "nep\u0159izp\u016fsoben\u00ed rychlosti dopravn\u011b technick\u00e9mu stavu vozovky (zat\u00e1\u010dka, kles\u00e1n\u00ed, stoup\u00e1n\u00ed, \u0161\u00ed\u0159ka vozovky apod.)", "x": 16.526207, "y": 49.123751, "mesic": 2, "objectid": 494, "lehce_zran": 0}}, {"type": "Feature", "geometry": {"type": "Point", "coordinates": [16.651846, 49.214114]}, "properties": {"fid": 496, "den": 10, "usmrceno": 0, "druh": "sr\u00e1\u017eka s pevnou p\u0159ek\u00e1\u017ekou", "rok": 2015, "hmotna_sko": 27000, "cas": "0:00:00", "tezce_zran": 0, "pricina": "nep\u0159izp\u016fsoben\u00ed rychlosti dopravn\u011b technick\u00e9mu stavu vozovky (zat\u00e1\u010dka, kles\u00e1n\u00ed, stoup\u00e1n\u00ed, \u0161\u00ed\u0159ka vozovky apod.)", "x": 16.651846, "y": 49.214114, "mesic": 2, "objectid": 497, "lehce_zran": 0}}, {"type": "Feature", "geometry": {"type": "Point", "coordinates": [16.689954, 49.18055]}, "properties": {"fid": 497, "den": 12, "usmrceno": 0, "druh": "sr\u00e1\u017eka s pevnou p\u0159ek\u00e1\u017ekou", "rok": 2015, "hmotna_sko": 1000, "cas": "0:00:00", "tezce_zran": 0, "pricina": "\u0159idi\u010d se pln\u011b nev\u011bnoval \u0159\u00edzen\u00ed vozidla", "x": 16.689954, "y": 49.18055, "mesic": 2, "objectid": 498, "lehce_zran": 0}}, {"type": "Feature", "geometry": {"type": "Point", "coordinates": [16.61636, 49.196355]}, "properties": {"fid": 498, "den": 9, "usmrceno": 0, "druh": "sr\u00e1\u017eka s tramvaj\u00ed", "rok": 2015, "hmotna_sko": 20000, "cas": "0:00:00", "tezce_zran": 0, "pricina": "proti p\u0159\u00edkazu dopravn\u00ed zna\u010dky dej p\u0159ednost", "x": 16.61636, "y": 49.196355, "mesic": 2, "objectid": 499, "lehce_zran": 0}}, {"type": "Feature", "geometry": {"type": "Point", "coordinates": [16.578571, 49.216419]}, "properties": {"fid": 499, "den": 13, "usmrceno": 0, "druh": "jin\u00fd druh nehody", "rok": 2015, "hmotna_sko": 11000, "cas": "0:00:00", "tezce_zran": 0, "pricina": "nezavin\u011bn\u00e1 \u0159idi\u010dem", "x": 16.578571, "y": 49.216419, "mesic": 2, "objectid": 500, "lehce_zran": 0}}, {"type": "Feature", "geometry": {"type": "Point", "coordinates": [16.608154, 49.200177]}, "properties": {"fid": 500, "den": 14, "usmrceno": 0, "druh": "sr\u00e1\u017eka s jedouc\u00edm nekolejov\u00fdm vozidlem", "rok": 2015, "hmotna_sko": 127000, "cas": "0:00:00", "tezce_zran": 0, "pricina": "j\u00edzda po nespr\u00e1vn\u00e9 stran\u011b vozovky, vjet\u00ed do protism\u011bru", "x": 16.608154, "y": 49.200177, "mesic": 2, "objectid": 501, "lehce_zran": 0}}, {"type": "Feature", "geometry": {"type": "Point", "coordinates": [16.616271, 49.228359]}, "properties": {"fid": 501, "den": 15, "usmrceno": 0, "druh": "sr\u00e1\u017eka s pevnou p\u0159ek\u00e1\u017ekou", "rok": 2015, "hmotna_sko": 70500, "cas": "0:00:00", "tezce_zran": 0, "pricina": "\u0159idi\u010d se pln\u011b nev\u011bnoval \u0159\u00edzen\u00ed vozidla", "x": 16.616271, "y": 49.228359, "mesic": 2, "objectid": 502, "lehce_zran": 0}}, {"type": "Feature", "geometry": {"type": "Point", "coordinates": [16.645572, 49.152086]}, "properties": {"fid": 502, "den": 16, "usmrceno": 0, "druh": "sr\u00e1\u017eka s pevnou p\u0159ek\u00e1\u017ekou", "rok": 2015, "hmotna_sko": 20000, "cas": "0:00:00", "tezce_zran": 0, "pricina": "\u0159idi\u010d se pln\u011b nev\u011bnoval \u0159\u00edzen\u00ed vozidla", "x": 16.645572, "y": 49.152086, "mesic": 2, "objectid": 503, "lehce_zran": 0}}, {"type": "Feature", "geometry": {"type": "Point", "coordinates": [16.595717, 49.031822]}, "properties": {"fid": 505, "den": 2, "usmrceno": 0, "druh": "sr\u00e1\u017eka s vozidlem zaparkovan\u00fdm, odstaven\u00fdm", "rok": 2015, "hmotna_sko": 8000, "cas": "0:00:00", "tezce_zran": 0, "pricina": "\u0159idi\u010d se pln\u011b nev\u011bnoval \u0159\u00edzen\u00ed vozidla", "x": 16.595717, "y": 49.031822, "mesic": 2, "objectid": 506, "lehce_zran": 0}}, {"type": "Feature", "geometry": {"type": "Point", "coordinates": [16.605891, 49.19228]}, "properties": {"fid": 506, "den": 13, "usmrceno": 0, "druh": "sr\u00e1\u017eka s vozidlem zaparkovan\u00fdm, odstaven\u00fdm", "rok": 2015, "hmotna_sko": 15000, "cas": "0:00:00", "tezce_zran": 0, "pricina": "\u0159idi\u010d se pln\u011b nev\u011bnoval \u0159\u00edzen\u00ed vozidla", "x": 16.605891, "y": 49.19228, "mesic": 2, "objectid": 507, "lehce_zran": 0}}, {"type": "Feature", "geometry": {"type": "Point", "coordinates": [16.600103, 49.154672]}, "properties": {"fid": 507, "den": 24, "usmrceno": 0, "druh": "sr\u00e1\u017eka s pevnou p\u0159ek\u00e1\u017ekou", "rok": 2015, "hmotna_sko": 25000, "cas": "0:00:00", "tezce_zran": 0, "pricina": "\u0159idi\u010d se pln\u011b nev\u011bnoval \u0159\u00edzen\u00ed vozidla", "x": 16.600103, "y": 49.154672, "mesic": 2, "objectid": 508, "lehce_zran": 0}}, {"type": "Feature", "geometry": {"type": "Point", "coordinates": [16.658481, 49.151435]}, "properties": {"fid": 509, "den": 23, "usmrceno": 0, "druh": "sr\u00e1\u017eka s vozidlem zaparkovan\u00fdm, odstaven\u00fdm", "rok": 2015, "hmotna_sko": 35000, "cas": "0:00:00", "tezce_zran": 0, "pricina": "\u0159idi\u010d se pln\u011b nev\u011bnoval \u0159\u00edzen\u00ed vozidla", "x": 16.658481, "y": 49.151435, "mesic": 2, "objectid": 510, "lehce_zran": 0}}, {"type": "Feature", "geometry": {"type": "Point", "coordinates": [16.596859, 49.224395]}, "properties": {"fid": 511, "den": 21, "usmrceno": 0, "druh": "sr\u00e1\u017eka s vozidlem zaparkovan\u00fdm, odstaven\u00fdm", "rok": 2015, "hmotna_sko": 40000, "cas": "0:00:00", "tezce_zran": 0, "pricina": "\u0159idi\u010d se pln\u011b nev\u011bnoval \u0159\u00edzen\u00ed vozidla", "x": 16.596859, "y": 49.224395, "mesic": 2, "objectid": 512, "lehce_zran": 0}}, {"type": "Feature", "geometry": {"type": "Point", "coordinates": [16.632536, 49.163523]}, "properties": {"fid": 512, "den": 21, "usmrceno": 0, "druh": "sr\u00e1\u017eka s jedouc\u00edm nekolejov\u00fdm vozidlem", "rok": 2015, "hmotna_sko": 132000, "cas": "0:00:00", "tezce_zran": 0, "pricina": "j\u00edzda na \"\u010dervenou\" 3-barevn\u00e9ho semaforu", "x": 16.632536, "y": 49.163523, "mesic": 2, "objectid": 513, "lehce_zran": 0}}, {"type": "Feature", "geometry": {"type": "Point", "coordinates": [16.656097, 49.179584]}, "properties": {"fid": 513, "den": 23, "usmrceno": 0, "druh": "sr\u00e1\u017eka s lesn\u00ed zv\u011b\u0159\u00ed", "rok": 2015, "hmotna_sko": 15000, "cas": "0:00:00", "tezce_zran": 0, "pricina": "nezavin\u011bn\u00e1 \u0159idi\u010dem", "x": 16.656097, "y": 49.179584, "mesic": 2, "objectid": 514, "lehce_zran": 0}}, {"type": "Feature", "geometry": {"type": "Point", "coordinates": [16.581313, 49.116752]}, "properties": {"fid": 514, "den": 20, "usmrceno": 0, "druh": "sr\u00e1\u017eka s pevnou p\u0159ek\u00e1\u017ekou", "rok": 2015, "hmotna_sko": 140000, "cas": "0:00:00", "tezce_zran": 0, "pricina": "nep\u0159izp\u016fsoben\u00ed rychlosti dopravn\u011b technick\u00e9mu stavu vozovky (zat\u00e1\u010dka, kles\u00e1n\u00ed, stoup\u00e1n\u00ed, \u0161\u00ed\u0159ka vozovky apod.)", "x": 16.581313, "y": 49.116752, "mesic": 2, "objectid": 515, "lehce_zran": 0}}, {"type": "Feature", "geometry": {"type": "Point", "coordinates": [16.537035, 49.05601]}, "properties": {"fid": 515, "den": 17, "usmrceno": 0, "druh": "sr\u00e1\u017eka s jedouc\u00edm nekolejov\u00fdm vozidlem", "rok": 2015, "hmotna_sko": 165000, "cas": "0:00:00", "tezce_zran": 0, "pricina": "nedodr\u017een\u00ed bezpe\u010dn\u00e9 vzd\u00e1lenosti za vozidlem", "x": 16.537035, "y": 49.05601, "mesic": 2, "objectid": 516, "lehce_zran": 0}}, {"type": "Feature", "geometry": {"type": "Point", "coordinates": [16.57158, 49.1735]}, "properties": {"fid": 516, "den": 6, "usmrceno": 0, "druh": "sr\u00e1\u017eka s jedouc\u00edm nekolejov\u00fdm vozidlem", "rok": 2015, "hmotna_sko": 60000, "cas": "0:00:00", "tezce_zran": 0, "pricina": "\u0159idi\u010d se pln\u011b nev\u011bnoval \u0159\u00edzen\u00ed vozidla", "x": 16.57158, "y": 49.1735, "mesic": 2, "objectid": 517, "lehce_zran": 0}}, {"type": "Feature", "geometry": {"type": "Point", "coordinates": [16.645155, 49.188298]}, "properties": {"fid": 517, "den": 6, "usmrceno": 0, "druh": "sr\u00e1\u017eka s pevnou p\u0159ek\u00e1\u017ekou", "rok": 2015, "hmotna_sko": 10000, "cas": "0:00:00", "tezce_zran": 0, "pricina": "\u0159idi\u010d se pln\u011b nev\u011bnoval \u0159\u00edzen\u00ed vozidla", "x": 16.645155, "y": 49.188298, "mesic": 2, "objectid": 518, "lehce_zran": 0}}, {"type": "Feature", "geometry": {"type": "Point", "coordinates": [16.554221, 49.178073]}, "properties": {"fid": 518, "den": 8, "usmrceno": 0, "druh": "sr\u00e1\u017eka s vozidlem zaparkovan\u00fdm, odstaven\u00fdm", "rok": 2015, "hmotna_sko": 15000, "cas": "0:00:00", "tezce_zran": 0, "pricina": "\u0159idi\u010d se pln\u011b nev\u011bnoval \u0159\u00edzen\u00ed vozidla", "x": 16.554221, "y": 49.178073, "mesic": 2, "objectid": 519, "lehce_zran": 0}}, {"type": "Feature", "geometry": {"type": "Point", "coordinates": [16.56939, 49.194059]}, "properties": {"fid": 519, "den": 3, "usmrceno": 0, "druh": "sr\u00e1\u017eka s jedouc\u00edm nekolejov\u00fdm vozidlem", "rok": 2015, "hmotna_sko": 50000, "cas": "0:00:00", "tezce_zran": 0, "pricina": "proti p\u0159\u00edkazu dopravn\u00ed zna\u010dky dej p\u0159ednost", "x": 16.56939, "y": 49.194059, "mesic": 2, "objectid": 520, "lehce_zran": 0}}, {"type": "Feature", "geometry": {"type": "Point", "coordinates": [16.509213, 49.218428]}, "properties": {"fid": 521, "den": 13, "usmrceno": 0, "druh": "sr\u00e1\u017eka s pevnou p\u0159ek\u00e1\u017ekou", "rok": 2015, "hmotna_sko": 5500, "cas": "0:00:00", "tezce_zran": 0, "pricina": "\u0159idi\u010d se pln\u011b nev\u011bnoval \u0159\u00edzen\u00ed vozidla", "x": 16.509213, "y": 49.218428, "mesic": 2, "objectid": 522, "lehce_zran": 0}}, {"type": "Feature", "geometry": {"type": "Point", "coordinates": [16.582845, 49.229541]}, "properties": {"fid": 522, "den": 14, "usmrceno": 0, "druh": "sr\u00e1\u017eka s vozidlem zaparkovan\u00fdm, odstaven\u00fdm", "rok": 2015, "hmotna_sko": 5000, "cas": "0:00:00", "tezce_zran": 0, "pricina": "\u0159idi\u010d se pln\u011b nev\u011bnoval \u0159\u00edzen\u00ed vozidla", "x": 16.582845, "y": 49.229541, "mesic": 2, "objectid": 523, "lehce_zran": 0}}, {"type": "Feature", "geometry": {"type": "Point", "coordinates": [16.599377, 49.164221]}, "properties": {"fid": 523, "den": 15, "usmrceno": 0, "druh": "sr\u00e1\u017eka s jedouc\u00edm nekolejov\u00fdm vozidlem", "rok": 2015, "hmotna_sko": 30000, "cas": "0:00:00", "tezce_zran": 0, "pricina": "nedodr\u017een\u00ed bezpe\u010dn\u00e9 vzd\u00e1lenosti za vozidlem", "x": 16.599377, "y": 49.164221, "mesic": 2, "objectid": 524, "lehce_zran": 0}}, {"type": "Feature", "geometry": {"type": "Point", "coordinates": [16.567877, 49.147888]}, "properties": {"fid": 524, "den": 18, "usmrceno": 0, "druh": "sr\u00e1\u017eka s jedouc\u00edm nekolejov\u00fdm vozidlem", "rok": 2015, "hmotna_sko": 240000, "cas": "0:00:00", "tezce_zran": 0, "pricina": "proti p\u0159\u00edkazu dopravn\u00ed zna\u010dky dej p\u0159ednost", "x": 16.567877, "y": 49.147888, "mesic": 2, "objectid": 525, "lehce_zran": 0}}, {"type": "Feature", "geometry": {"type": "Point", "coordinates": [16.684094, 49.164539]}, "properties": {"fid": 525, "den": 5, "usmrceno": 0, "druh": "jin\u00fd druh nehody", "rok": 2015, "hmotna_sko": 15000, "cas": "0:00:00", "tezce_zran": 0, "pricina": "jin\u00fd druh nespr\u00e1vn\u00e9ho zp\u016fsobu j\u00edzdy", "x": 16.684094, "y": 49.164539, "mesic": 2, "objectid": 526, "lehce_zran": 0}}, {"type": "Feature", "geometry": {"type": "Point", "coordinates": [16.64843, 49.190685]}, "properties": {"fid": 526, "den": 9, "usmrceno": 0, "druh": "sr\u00e1\u017eka s jedouc\u00edm nekolejov\u00fdm vozidlem", "rok": 2015, "hmotna_sko": 3000, "cas": "0:00:00", "tezce_zran": 0, "pricina": "p\u0159i odbo\u010dov\u00e1n\u00ed vlevo", "x": 16.64843, "y": 49.190685, "mesic": 2, "objectid": 527, "lehce_zran": 0}}, {"type": "Feature", "geometry": {"type": "Point", "coordinates": [16.510023, 49.219122]}, "properties": {"fid": 528, "den": 6, "usmrceno": 0, "druh": "sr\u00e1\u017eka s vozidlem zaparkovan\u00fdm, odstaven\u00fdm", "rok": 2015, "hmotna_sko": 1000, "cas": "0:00:00", "tezce_zran": 0, "pricina": "\u0159idi\u010d se pln\u011b nev\u011bnoval \u0159\u00edzen\u00ed vozidla", "x": 16.510023, "y": 49.219122, "mesic": 2, "objectid": 529, "lehce_zran": 0}}, {"type": "Feature", "geometry": {"type": "Point", "coordinates": [16.536071, 49.174335]}, "properties": {"fid": 529, "den": 11, "usmrceno": 0, "druh": "sr\u00e1\u017eka s pevnou p\u0159ek\u00e1\u017ekou", "rok": 2015, "hmotna_sko": 60000, "cas": "0:00:00", "tezce_zran": 0, "pricina": "nep\u0159izp\u016fsoben\u00ed rychlosti stavu vozovky (n\u00e1led\u00ed, v\u00fdtluky, bl\u00e1to, mokr\u00fd povrch apod.)", "x": 16.536071, "y": 49.174335, "mesic": 2, "objectid": 530, "lehce_zran": 0}}, {"type": "Feature", "geometry": {"type": "Point", "coordinates": [16.607061, 49.191296]}, "properties": {"fid": 530, "den": 11, "usmrceno": 0, "druh": "sr\u00e1\u017eka s pevnou p\u0159ek\u00e1\u017ekou", "rok": 2015, "hmotna_sko": 70000, "cas": "0:00:00", "tezce_zran": 0, "pricina": "\u0159idi\u010d se pln\u011b nev\u011bnoval \u0159\u00edzen\u00ed vozidla", "x": 16.607061, "y": 49.191296, "mesic": 2, "objectid": 531, "lehce_zran": 0}}, {"type": "Feature", "geometry": {"type": "Point", "coordinates": [16.52678, 49.272852]}, "properties": {"fid": 531, "den": 11, "usmrceno": 0, "druh": "sr\u00e1\u017eka s lesn\u00ed zv\u011b\u0159\u00ed", "rok": 2015, "hmotna_sko": 81000, "cas": "0:00:00", "tezce_zran": 0, "pricina": "nezavin\u011bn\u00e1 \u0159idi\u010dem", "x": 16.52678, "y": 49.272852, "mesic": 2, "objectid": 532, "lehce_zran": 0}}, {"type": "Feature", "geometry": {"type": "Point", "coordinates": [16.716015, 49.096796]}, "properties": {"fid": 533, "den": 8, "usmrceno": 0, "druh": "sr\u00e1\u017eka s jedouc\u00edm nekolejov\u00fdm vozidlem", "rok": 2015, "hmotna_sko": 50000, "cas": "0:00:00", "tezce_zran": 0, "pricina": "nedodr\u017een\u00ed bezpe\u010dn\u00e9 vzd\u00e1lenosti za vozidlem", "x": 16.716015, "y": 49.096796, "mesic": 2, "objectid": 534, "lehce_zran": 0}}, {"type": "Feature", "geometry": {"type": "Point", "coordinates": [16.597379, 49.202682]}, "properties": {"fid": 534, "den": 17, "usmrceno": 0, "druh": "sr\u00e1\u017eka s vozidlem zaparkovan\u00fdm, odstaven\u00fdm", "rok": 2015, "hmotna_sko": 15000, "cas": "0:00:00", "tezce_zran": 0, "pricina": "\u0159idi\u010d se pln\u011b nev\u011bnoval \u0159\u00edzen\u00ed vozidla", "x": 16.597379, "y": 49.202682, "mesic": 2, "objectid": 535, "lehce_zran": 0}}, {"type": "Feature", "geometry": {"type": "Point", "coordinates": [16.549421, 49.179755]}, "properties": {"fid": 535, "den": 19, "usmrceno": 0, "druh": "sr\u00e1\u017eka s vozidlem zaparkovan\u00fdm, odstaven\u00fdm", "rok": 2015, "hmotna_sko": 15000, "cas": "0:00:00", "tezce_zran": 0, "pricina": "\u0159idi\u010d se pln\u011b nev\u011bnoval \u0159\u00edzen\u00ed vozidla", "x": 16.549421, "y": 49.179755, "mesic": 2, "objectid": 536, "lehce_zran": 0}}, {"type": "Feature", "geometry": {"type": "Point", "coordinates": [16.608129, 49.211664]}, "properties": {"fid": 536, "den": 4, "usmrceno": 0, "druh": "sr\u00e1\u017eka s pevnou p\u0159ek\u00e1\u017ekou", "rok": 2015, "hmotna_sko": 21000, "cas": "0:00:00", "tezce_zran": 0, "pricina": "nespr\u00e1vn\u00e9 ot\u00e1\u010den\u00ed nebo couv\u00e1n\u00ed", "x": 16.608129, "y": 49.211664, "mesic": 2, "objectid": 537, "lehce_zran": 0}}, {"type": "Feature", "geometry": {"type": "Point", "coordinates": [16.725004, 49.245529]}, "properties": {"fid": 537, "den": 7, "usmrceno": 0, "druh": "sr\u00e1\u017eka s vozidlem zaparkovan\u00fdm, odstaven\u00fdm", "rok": 2015, "hmotna_sko": 15000, "cas": "0:00:00", "tezce_zran": 0, "pricina": "nespr\u00e1vn\u00e9 ot\u00e1\u010den\u00ed nebo couv\u00e1n\u00ed", "x": 16.725004, "y": 49.245529, "mesic": 2, "objectid": 538, "lehce_zran": 0}}, {"type": "Feature", "geometry": {"type": "Point", "coordinates": [16.579008, 49.215546]}, "properties": {"fid": 539, "den": 6, "usmrceno": 0, "druh": "sr\u00e1\u017eka s jedouc\u00edm nekolejov\u00fdm vozidlem", "rok": 2015, "hmotna_sko": 21000, "cas": "0:00:00", "tezce_zran": 0, "pricina": "p\u0159i p\u0159ej\u00ed\u017ed\u011bn\u00ed z jednoho j\u00edzdn\u00edho pruhu do druh\u00e9ho", "x": 16.579008, "y": 49.215546, "mesic": 2, "objectid": 540, "lehce_zran": 0}}, {"type": "Feature", "geometry": {"type": "Point", "coordinates": [16.6465, 49.195279]}, "properties": {"fid": 540, "den": 7, "usmrceno": 0, "druh": "sr\u00e1\u017eka s jedouc\u00edm nekolejov\u00fdm vozidlem", "rok": 2015, "hmotna_sko": 29000, "cas": "0:00:00", "tezce_zran": 0, "pricina": "proti p\u0159\u00edkazu dopravn\u00ed zna\u010dky dej p\u0159ednost", "x": 16.6465, "y": 49.195279, "mesic": 2, "objectid": 541, "lehce_zran": 0}}, {"type": "Feature", "geometry": {"type": "Point", "coordinates": [16.402899, 49.184481]}, "properties": {"fid": 541, "den": 11, "usmrceno": 0, "druh": "sr\u00e1\u017eka s pevnou p\u0159ek\u00e1\u017ekou", "rok": 2015, "hmotna_sko": 11000, "cas": "0:00:00", "tezce_zran": 0, "pricina": "vyh\u00fdb\u00e1n\u00ed bez dostate\u010dn\u00e9ho bo\u010dn\u00edho odstupu (v\u016fle)", "x": 16.402899, "y": 49.184481, "mesic": 2, "objectid": 542, "lehce_zran": 0}}, {"type": "Feature", "geometry": {"type": "Point", "coordinates": [16.6188, 49.205841]}, "properties": {"fid": 542, "den": 5, "usmrceno": 0, "druh": "sr\u00e1\u017eka s pevnou p\u0159ek\u00e1\u017ekou", "rok": 2015, "hmotna_sko": 12000, "cas": "0:00:00", "tezce_zran": 0, "pricina": "vyh\u00fdb\u00e1n\u00ed bez dostate\u010dn\u00e9ho bo\u010dn\u00edho odstupu (v\u016fle)", "x": 16.6188, "y": 49.205841, "mesic": 2, "objectid": 543, "lehce_zran": 0}}, {"type": "Feature", "geometry": {"type": "Point", "coordinates": [16.643036, 49.187522]}, "properties": {"fid": 544, "den": 18, "usmrceno": 0, "druh": "sr\u00e1\u017eka s vozidlem zaparkovan\u00fdm, odstaven\u00fdm", "rok": 2015, "hmotna_sko": 20000, "cas": "0:00:00", "tezce_zran": 0, "pricina": "\u0159idi\u010d se pln\u011b nev\u011bnoval \u0159\u00edzen\u00ed vozidla", "x": 16.643036, "y": 49.187522, "mesic": 2, "objectid": 545, "lehce_zran": 0}}, {"type": "Feature", "geometry": {"type": "Point", "coordinates": [16.607093, 49.191337]}, "properties": {"fid": 545, "den": 5, "usmrceno": 0, "druh": "sr\u00e1\u017eka s pevnou p\u0159ek\u00e1\u017ekou", "rok": 2015, "hmotna_sko": 21000, "cas": "0:00:00", "tezce_zran": 0, "pricina": "nezavin\u011bn\u00e1 \u0159idi\u010dem", "x": 16.607093, "y": 49.191337, "mesic": 2, "objectid": 546, "lehce_zran": 0}}, {"type": "Feature", "geometry": {"type": "Point", "coordinates": [16.65318, 49.013477]}, "properties": {"fid": 546, "den": 9, "usmrceno": 0, "druh": "sr\u00e1\u017eka s jedouc\u00edm nekolejov\u00fdm vozidlem", "rok": 2015, "hmotna_sko": 60000, "cas": "0:00:00", "tezce_zran": 0, "pricina": "p\u0159edj\u00ed\u017ed\u011bn\u00ed vlevo vozidla odbo\u010duj\u00edc\u00edho vlevo", "x": 16.65318, "y": 49.013477, "mesic": 2, "objectid": 547, "lehce_zran": 0}}, {"type": "Feature", "geometry": {"type": "Point", "coordinates": [16.622018, 49.223477]}, "properties": {"fid": 547, "den": 19, "usmrceno": 0, "druh": "sr\u00e1\u017eka s chodcem", "rok": 2015, "hmotna_sko": 15000, "cas": "0:00:00", "tezce_zran": 0, "pricina": "nezavin\u011bn\u00e1 \u0159idi\u010dem", "x": 16.622018, "y": 49.223477, "mesic": 2, "objectid": 548, "lehce_zran": 0}}, {"type": "Feature", "geometry": {"type": "Point", "coordinates": [16.75728, 49.16989]}, "properties": {"fid": 548, "den": 23, "usmrceno": 0, "druh": "sr\u00e1\u017eka s pevnou p\u0159ek\u00e1\u017ekou", "rok": 2015, "hmotna_sko": 20000, "cas": "0:00:00", "tezce_zran": 0, "pricina": "nespr\u00e1vn\u00e9 ot\u00e1\u010den\u00ed nebo couv\u00e1n\u00ed", "x": 16.75728, "y": 49.16989, "mesic": 2, "objectid": 549, "lehce_zran": 0}}, {"type": "Feature", "geometry": {"type": "Point", "coordinates": [16.725763, 49.166431]}, "properties": {"fid": 549, "den": 5, "usmrceno": 0, "druh": "sr\u00e1\u017eka s pevnou p\u0159ek\u00e1\u017ekou", "rok": 2015, "hmotna_sko": 7000, "cas": "0:00:00", "tezce_zran": 0, "pricina": "\u0159idi\u010d se pln\u011b nev\u011bnoval \u0159\u00edzen\u00ed vozidla", "x": 16.725763, "y": 49.166431, "mesic": 2, "objectid": 550, "lehce_zran": 0}}, {"type": "Feature", "geometry": {"type": "Point", "coordinates": [16.729687, 49.119219]}, "properties": {"fid": 551, "den": 4, "usmrceno": 0, "druh": "sr\u00e1\u017eka s pevnou p\u0159ek\u00e1\u017ekou", "rok": 2015, "hmotna_sko": 80000, "cas": "0:00:00", "tezce_zran": 0, "pricina": "j\u00edzda po nespr\u00e1vn\u00e9 stran\u011b vozovky, vjet\u00ed do protism\u011bru", "x": 16.729687, "y": 49.119219, "mesic": 2, "objectid": 552, "lehce_zran": 0}}, {"type": "Feature", "geometry": {"type": "Point", "coordinates": [16.564429, 49.185924]}, "properties": {"fid": 552, "den": 3, "usmrceno": 0, "druh": "sr\u00e1\u017eka s jedouc\u00edm nekolejov\u00fdm vozidlem", "rok": 2015, "hmotna_sko": 170000, "cas": "0:00:00", "tezce_zran": 0, "pricina": "\u0159idi\u010d se pln\u011b nev\u011bnoval \u0159\u00edzen\u00ed vozidla", "x": 16.564429, "y": 49.185924, "mesic": 2, "objectid": 553, "lehce_zran": 0}}, {"type": "Feature", "geometry": {"type": "Point", "coordinates": [16.573354, 49.214335]}, "properties": {"fid": 553, "den": 2, "usmrceno": 0, "druh": "sr\u00e1\u017eka s vozidlem zaparkovan\u00fdm, odstaven\u00fdm", "rok": 2015, "hmotna_sko": 10000, "cas": "0:00:00", "tezce_zran": 0, "pricina": "\u0159idi\u010d se pln\u011b nev\u011bnoval \u0159\u00edzen\u00ed vozidla", "x": 16.573354, "y": 49.214335, "mesic": 2, "objectid": 554, "lehce_zran": 0}}, {"type": "Feature", "geometry": {"type": "Point", "coordinates": [16.60135, 49.14615]}, "properties": {"fid": 554, "den": 27, "usmrceno": 0, "druh": "sr\u00e1\u017eka s dom\u00e1c\u00edm zv\u00ed\u0159etem", "rok": 2015, "hmotna_sko": 20000, "cas": "0:00:00", "tezce_zran": 0, "pricina": "nezavin\u011bn\u00e1 \u0159idi\u010dem", "x": 16.60135, "y": 49.14615, "mesic": 2, "objectid": 555, "lehce_zran": 0}}, {"type": "Feature", "geometry": {"type": "Point", "coordinates": [16.617501, 49.186645]}, "properties": {"fid": 555, "den": 24, "usmrceno": 0, "druh": "sr\u00e1\u017eka s jedouc\u00edm nekolejov\u00fdm vozidlem", "rok": 2015, "hmotna_sko": 180000, "cas": "0:00:00", "tezce_zran": 0, "pricina": "j\u00edzda na \"\u010dervenou\" 3-barevn\u00e9ho semaforu", "x": 16.617501, "y": 49.186645, "mesic": 2, "objectid": 556, "lehce_zran": 0}}, {"type": "Feature", "geometry": {"type": "Point", "coordinates": [16.637088, 49.185777]}, "properties": {"fid": 556, "den": 26, "usmrceno": 0, "druh": "sr\u00e1\u017eka s vozidlem zaparkovan\u00fdm, odstaven\u00fdm", "rok": 2015, "hmotna_sko": 120000, "cas": "0:00:00", "tezce_zran": 0, "pricina": "\u0159idi\u010d se pln\u011b nev\u011bnoval \u0159\u00edzen\u00ed vozidla", "x": 16.637088, "y": 49.185777, "mesic": 2, "objectid": 557, "lehce_zran": 0}}, {"type": "Feature", "geometry": {"type": "Point", "coordinates": [16.737013, 49.109917]}, "properties": {"fid": 558, "den": 18, "usmrceno": 0, "druh": "sr\u00e1\u017eka s jedouc\u00edm nekolejov\u00fdm vozidlem", "rok": 2015, "hmotna_sko": 180000, "cas": "0:00:00", "tezce_zran": 0, "pricina": "proti p\u0159\u00edkazu dopravn\u00ed zna\u010dky dej p\u0159ednost", "x": 16.737013, "y": 49.109917, "mesic": 2, "objectid": 559, "lehce_zran": 0}}, {"type": "Feature", "geometry": {"type": "Point", "coordinates": [16.405232, 49.219038]}, "properties": {"fid": 559, "den": 8, "usmrceno": 0, "druh": "sr\u00e1\u017eka s jedouc\u00edm nekolejov\u00fdm vozidlem", "rok": 2015, "hmotna_sko": 150000, "cas": "0:00:00", "tezce_zran": 0, "pricina": "nep\u0159izp\u016fsoben\u00ed rychlosti stavu vozovky (n\u00e1led\u00ed, v\u00fdtluky, bl\u00e1to, mokr\u00fd povrch apod.)", "x": 16.405232, "y": 49.219038, "mesic": 2, "objectid": 560, "lehce_zran": 0}}, {"type": "Feature", "geometry": {"type": "Point", "coordinates": [16.621781, 49.191216]}, "properties": {"fid": 560, "den": 8, "usmrceno": 0, "druh": "sr\u00e1\u017eka s pevnou p\u0159ek\u00e1\u017ekou", "rok": 2015, "hmotna_sko": 90000, "cas": "0:00:00", "tezce_zran": 0, "pricina": "nep\u0159izp\u016fsoben\u00ed rychlosti stavu vozovky (n\u00e1led\u00ed, v\u00fdtluky, bl\u00e1to, mokr\u00fd povrch apod.)", "x": 16.621781, "y": 49.191216, "mesic": 2, "objectid": 561, "lehce_zran": 0}}, {"type": "Feature", "geometry": {"type": "Point", "coordinates": [16.593252, 49.210648]}, "properties": {"fid": 561, "den": 19, "usmrceno": 0, "druh": "sr\u00e1\u017eka s vozidlem zaparkovan\u00fdm, odstaven\u00fdm", "rok": 2015, "hmotna_sko": 20000, "cas": "0:00:00", "tezce_zran": 0, "pricina": "\u0159idi\u010d se pln\u011b nev\u011bnoval \u0159\u00edzen\u00ed vozidla", "x": 16.593252, "y": 49.210648, "mesic": 2, "objectid": 562, "lehce_zran": 0}}, {"type": "Feature", "geometry": {"type": "Point", "coordinates": [16.593145, 49.180248]}, "properties": {"fid": 562, "den": 18, "usmrceno": 0, "druh": "sr\u00e1\u017eka s vozidlem zaparkovan\u00fdm, odstaven\u00fdm", "rok": 2015, "hmotna_sko": 21000, "cas": "0:00:00", "tezce_zran": 0, "pricina": "\u0159idi\u010d se pln\u011b nev\u011bnoval \u0159\u00edzen\u00ed vozidla", "x": 16.593145, "y": 49.180248, "mesic": 2, "objectid": 563, "lehce_zran": 0}}, {"type": "Feature", "geometry": {"type": "Point", "coordinates": [16.493533, 49.220322]}, "properties": {"fid": 563, "den": 17, "usmrceno": 0, "druh": "sr\u00e1\u017eka s lesn\u00ed zv\u011b\u0159\u00ed", "rok": 2015, "hmotna_sko": 25000, "cas": "0:00:00", "tezce_zran": 0, "pricina": "nezavin\u011bn\u00e1 \u0159idi\u010dem", "x": 16.493533, "y": 49.220322, "mesic": 2, "objectid": 564, "lehce_zran": 0}}, {"type": "Feature", "geometry": {"type": "Point", "coordinates": [16.617646, 49.205594]}, "properties": {"fid": 564, "den": 17, "usmrceno": 0, "druh": "sr\u00e1\u017eka s jedouc\u00edm nekolejov\u00fdm vozidlem", "rok": 2015, "hmotna_sko": 80000, "cas": "0:00:00", "tezce_zran": 0, "pricina": "vozidlu p\u0159ij\u00ed\u017ed\u011bj\u00edc\u00edmu zprava", "x": 16.617646, "y": 49.205594, "mesic": 2, "objectid": 565, "lehce_zran": 0}}, {"type": "Feature", "geometry": {"type": "Point", "coordinates": [16.614731, 49.199968]}, "properties": {"fid": 565, "den": 19, "usmrceno": 0, "druh": "sr\u00e1\u017eka s vozidlem zaparkovan\u00fdm, odstaven\u00fdm", "rok": 2015, "hmotna_sko": 15000, "cas": "0:00:00", "tezce_zran": 0, "pricina": "chyby p\u0159i ud\u00e1n\u00ed sm\u011bru j\u00edzdy", "x": 16.614731, "y": 49.199968, "mesic": 2, "objectid": 566, "lehce_zran": 0}}, {"type": "Feature", "geometry": {"type": "Point", "coordinates": [16.542777, 49.219511]}, "properties": {"fid": 566, "den": 14, "usmrceno": 0, "druh": "sr\u00e1\u017eka s jedouc\u00edm nekolejov\u00fdm vozidlem", "rok": 2015, "hmotna_sko": 201000, "cas": "0:00:00", "tezce_zran": 0, "pricina": "vozidlu p\u0159ij\u00ed\u017ed\u011bj\u00edc\u00edmu zprava", "x": 16.542777, "y": 49.219511, "mesic": 2, "objectid": 567, "lehce_zran": 0}}, {"type": "Feature", "geometry": {"type": "Point", "coordinates": [16.605066, 49.190617]}, "properties": {"fid": 567, "den": 5, "usmrceno": 0, "druh": "sr\u00e1\u017eka s pevnou p\u0159ek\u00e1\u017ekou", "rok": 2015, "hmotna_sko": 51000, "cas": "0:00:00", "tezce_zran": 0, "pricina": "\u0159idi\u010d se pln\u011b nev\u011bnoval \u0159\u00edzen\u00ed vozidla", "x": 16.605066, "y": 49.190617, "mesic": 2, "objectid": 568, "lehce_zran": 0}}, {"type": "Feature", "geometry": {"type": "Point", "coordinates": [16.603675, 49.089256]}, "properties": {"fid": 569, "den": 14, "usmrceno": 0, "druh": "sr\u00e1\u017eka s vozidlem zaparkovan\u00fdm, odstaven\u00fdm", "rok": 2015, "hmotna_sko": 25000, "cas": "0:00:00", "tezce_zran": 0, "pricina": "\u0159idi\u010d se pln\u011b nev\u011bnoval \u0159\u00edzen\u00ed vozidla", "x": 16.603675, "y": 49.089256, "mesic": 2, "objectid": 570, "lehce_zran": 0}}, {"type": "Feature", "geometry": {"type": "Point", "coordinates": [16.409912, 49.172944]}, "properties": {"fid": 571, "den": 18, "usmrceno": 0, "druh": "sr\u00e1\u017eka s jedouc\u00edm nekolejov\u00fdm vozidlem", "rok": 2015, "hmotna_sko": 270000, "cas": "0:00:00", "tezce_zran": 0, "pricina": "\u0159idi\u010d se pln\u011b nev\u011bnoval \u0159\u00edzen\u00ed vozidla", "x": 16.409912, "y": 49.172944, "mesic": 2, "objectid": 572, "lehce_zran": 0}}, {"type": "Feature", "geometry": {"type": "Point", "coordinates": [16.559851, 49.208379]}, "properties": {"fid": 572, "den": 13, "usmrceno": 0, "druh": "sr\u00e1\u017eka s pevnou p\u0159ek\u00e1\u017ekou", "rok": 2015, "hmotna_sko": 305000, "cas": "0:00:00", "tezce_zran": 0, "pricina": "nep\u0159izp\u016fsoben\u00ed rychlosti dopravn\u011b technick\u00e9mu stavu vozovky (zat\u00e1\u010dka, kles\u00e1n\u00ed, stoup\u00e1n\u00ed, \u0161\u00ed\u0159ka vozovky apod.)", "x": 16.559851, "y": 49.208379, "mesic": 2, "objectid": 573, "lehce_zran": 0}}, {"type": "Feature", "geometry": {"type": "Point", "coordinates": [16.56999, 49.173835]}, "properties": {"fid": 573, "den": 22, "usmrceno": 0, "druh": "sr\u00e1\u017eka s jedouc\u00edm nekolejov\u00fdm vozidlem", "rok": 2015, "hmotna_sko": 35000, "cas": "0:00:00", "tezce_zran": 0, "pricina": "\u0159idi\u010d se pln\u011b nev\u011bnoval \u0159\u00edzen\u00ed vozidla", "x": 16.56999, "y": 49.173835, "mesic": 2, "objectid": 574, "lehce_zran": 0}}, {"type": "Feature", "geometry": {"type": "Point", "coordinates": [16.543325, 49.043388]}, "properties": {"fid": 575, "den": 26, "usmrceno": 0, "druh": "sr\u00e1\u017eka s lesn\u00ed zv\u011b\u0159\u00ed", "rok": 2015, "hmotna_sko": 51000, "cas": "0:00:00", "tezce_zran": 0, "pricina": "nezavin\u011bn\u00e1 \u0159idi\u010dem", "x": 16.543325, "y": 49.043388, "mesic": 2, "objectid": 576, "lehce_zran": 0}}, {"type": "Feature", "geometry": {"type": "Point", "coordinates": [16.604394, 49.088352]}, "properties": {"fid": 576, "den": 5, "usmrceno": 0, "druh": "sr\u00e1\u017eka s vozidlem zaparkovan\u00fdm, odstaven\u00fdm", "rok": 2015, "hmotna_sko": 90000, "cas": "0:00:00", "tezce_zran": 0, "pricina": "nezaji\u0161t\u011bn\u00e1 nebo po\u0161kozen\u00e1 bo\u010dnice (i u p\u0159\u00edv\u011bsu)", "x": 16.604394, "y": 49.088352, "mesic": 2, "objectid": 577, "lehce_zran": 0}}, {"type": "Feature", "geometry": {"type": "Point", "coordinates": [16.577367, 49.262186]}, "properties": {"fid": 577, "den": 13, "usmrceno": 0, "druh": "sr\u00e1\u017eka s vozidlem zaparkovan\u00fdm, odstaven\u00fdm", "rok": 2015, "hmotna_sko": 13000, "cas": "0:00:00", "tezce_zran": 0, "pricina": "\u0159idi\u010d se pln\u011b nev\u011bnoval \u0159\u00edzen\u00ed vozidla", "x": 16.577367, "y": 49.262186, "mesic": 2, "objectid": 578, "lehce_zran": 0}}, {"type": "Feature", "geometry": {"type": "Point", "coordinates": [16.561139, 49.182307]}, "properties": {"fid": 579, "den": 3, "usmrceno": 0, "druh": "sr\u00e1\u017eka s vozidlem zaparkovan\u00fdm, odstaven\u00fdm", "rok": 2015, "hmotna_sko": 6000, "cas": "0:00:00", "tezce_zran": 0, "pricina": "\u0159idi\u010d se pln\u011b nev\u011bnoval \u0159\u00edzen\u00ed vozidla", "x": 16.561139, "y": 49.182307, "mesic": 2, "objectid": 580, "lehce_zran": 0}}, {"type": "Feature", "geometry": {"type": "Point", "coordinates": [16.59843, 49.186209]}, "properties": {"fid": 580, "den": 24, "usmrceno": 0, "druh": "sr\u00e1\u017eka s jedouc\u00edm nekolejov\u00fdm vozidlem", "rok": 2015, "hmotna_sko": 15000, "cas": "0:00:00", "tezce_zran": 0, "pricina": "nedodr\u017een\u00ed bezpe\u010dn\u00e9 vzd\u00e1lenosti za vozidlem", "x": 16.59843, "y": 49.186209, "mesic": 2, "objectid": 581, "lehce_zran": 0}}, {"type": "Feature", "geometry": {"type": "Point", "coordinates": [16.585476, 49.23797]}, "properties": {"fid": 581, "den": 3, "usmrceno": 0, "druh": "sr\u00e1\u017eka s jedouc\u00edm nekolejov\u00fdm vozidlem", "rok": 2015, "hmotna_sko": 65000, "cas": "0:00:00", "tezce_zran": 0, "pricina": "p\u0159i vj\u00ed\u017ed\u011bn\u00ed na silnici", "x": 16.585476, "y": 49.23797, "mesic": 2, "objectid": 582, "lehce_zran": 0}}, {"type": "Feature", "geometry": {"type": "Point", "coordinates": [16.626223, 49.235636]}, "properties": {"fid": 582, "den": 18, "usmrceno": 0, "druh": "sr\u00e1\u017eka s vozidlem zaparkovan\u00fdm, odstaven\u00fdm", "rok": 2015, "hmotna_sko": 15000, "cas": "0:00:00", "tezce_zran": 0, "pricina": "\u0159idi\u010d se pln\u011b nev\u011bnoval \u0159\u00edzen\u00ed vozidla", "x": 16.626223, "y": 49.235636, "mesic": 2, "objectid": 583, "lehce_zran": 0}}, {"type": "Feature", "geometry": {"type": "Point", "coordinates": [16.623127, 49.215726]}, "properties": {"fid": 583, "den": 20, "usmrceno": 0, "druh": "jin\u00fd druh nehody", "rok": 2015, "hmotna_sko": 30000, "cas": "0:00:00", "tezce_zran": 0, "pricina": "nezavin\u011bn\u00e1 \u0159idi\u010dem", "x": 16.623127, "y": 49.215726, "mesic": 2, "objectid": 584, "lehce_zran": 0}}, {"type": "Feature", "geometry": {"type": "Point", "coordinates": [16.577358, 49.173419]}, "properties": {"fid": 584, "den": 21, "usmrceno": 0, "druh": "sr\u00e1\u017eka s pevnou p\u0159ek\u00e1\u017ekou", "rok": 2015, "hmotna_sko": 43000, "cas": "0:00:00", "tezce_zran": 0, "pricina": "samovoln\u00e9 rozjet\u00ed nezaji\u0161t\u011bn\u00e9ho vozidla", "x": 16.577358, "y": 49.173419, "mesic": 2, "objectid": 585, "lehce_zran": 0}}, {"type": "Feature", "geometry": {"type": "Point", "coordinates": [16.602086, 49.210559]}, "properties": {"fid": 585, "den": 12, "usmrceno": 0, "druh": "sr\u00e1\u017eka s vozidlem zaparkovan\u00fdm, odstaven\u00fdm", "rok": 2015, "hmotna_sko": 11000, "cas": "0:00:00", "tezce_zran": 0, "pricina": "\u0159idi\u010d se pln\u011b nev\u011bnoval \u0159\u00edzen\u00ed vozidla", "x": 16.602086, "y": 49.210559, "mesic": 2, "objectid": 586, "lehce_zran": 0}}, {"type": "Feature", "geometry": {"type": "Point", "coordinates": [16.411282, 49.269106]}, "properties": {"fid": 586, "den": 20, "usmrceno": 0, "druh": "sr\u00e1\u017eka s pevnou p\u0159ek\u00e1\u017ekou", "rok": 2015, "hmotna_sko": 120000, "cas": "0:00:00", "tezce_zran": 0, "pricina": "\u0159idi\u010d se pln\u011b nev\u011bnoval \u0159\u00edzen\u00ed vozidla", "x": 16.411282, "y": 49.269106, "mesic": 2, "objectid": 587, "lehce_zran": 0}}, {"type": "Feature", "geometry": {"type": "Point", "coordinates": [16.541256, 49.110254]}, "properties": {"fid": 587, "den": 22, "usmrceno": 0, "druh": "sr\u00e1\u017eka s lesn\u00ed zv\u011b\u0159\u00ed", "rok": 2015, "hmotna_sko": 50000, "cas": "0:00:00", "tezce_zran": 0, "pricina": "nezavin\u011bn\u00e1 \u0159idi\u010dem", "x": 16.541256, "y": 49.110254, "mesic": 2, "objectid": 588, "lehce_zran": 0}}, {"type": "Feature", "geometry": {"type": "Point", "coordinates": [16.64112, 49.174796]}, "properties": {"fid": 588, "den": 11, "usmrceno": 0, "druh": "sr\u00e1\u017eka s jedouc\u00edm nekolejov\u00fdm vozidlem", "rok": 2015, "hmotna_sko": 60000, "cas": "0:00:00", "tezce_zran": 0, "pricina": "proti p\u0159\u00edkazu dopravn\u00ed zna\u010dky dej p\u0159ednost", "x": 16.64112, "y": 49.174796, "mesic": 2, "objectid": 589, "lehce_zran": 0}}, {"type": "Feature", "geometry": {"type": "Point", "coordinates": [16.687893, 49.165696]}, "properties": {"fid": 590, "den": 18, "usmrceno": 0, "druh": "sr\u00e1\u017eka s jedouc\u00edm nekolejov\u00fdm vozidlem", "rok": 2015, "hmotna_sko": 380000, "cas": "0:00:00", "tezce_zran": 0, "pricina": "p\u0159i p\u0159ej\u00ed\u017ed\u011bn\u00ed z jednoho j\u00edzdn\u00edho pruhu do druh\u00e9ho", "x": 16.687893, "y": 49.165696, "mesic": 2, "objectid": 591, "lehce_zran": 0}}, {"type": "Feature", "geometry": {"type": "Point", "coordinates": [16.578001, 49.218388]}, "properties": {"fid": 591, "den": 8, "usmrceno": 0, "druh": "sr\u00e1\u017eka s vozidlem zaparkovan\u00fdm, odstaven\u00fdm", "rok": 2015, "hmotna_sko": 10000, "cas": "0:00:00", "tezce_zran": 0, "pricina": "\u0159idi\u010d se pln\u011b nev\u011bnoval \u0159\u00edzen\u00ed vozidla", "x": 16.578001, "y": 49.218388, "mesic": 2, "objectid": 592, "lehce_zran": 0}}, {"type": "Feature", "geometry": {"type": "Point", "coordinates": [16.680547, 49.212222]}, "properties": {"fid": 592, "den": 17, "usmrceno": 0, "druh": "sr\u00e1\u017eka s vozidlem zaparkovan\u00fdm, odstaven\u00fdm", "rok": 2015, "hmotna_sko": 35000, "cas": "0:00:00", "tezce_zran": 0, "pricina": "\u0159idi\u010d se pln\u011b nev\u011bnoval \u0159\u00edzen\u00ed vozidla", "x": 16.680547, "y": 49.212222, "mesic": 2, "objectid": 593, "lehce_zran": 0}}, {"type": "Feature", "geometry": {"type": "Point", "coordinates": [16.617818, 49.040537]}, "properties": {"fid": 593, "den": 23, "usmrceno": 0, "druh": "sr\u00e1\u017eka s pevnou p\u0159ek\u00e1\u017ekou", "rok": 2015, "hmotna_sko": 3000, "cas": "0:00:00", "tezce_zran": 0, "pricina": "nespr\u00e1vn\u00e9 ot\u00e1\u010den\u00ed nebo couv\u00e1n\u00ed", "x": 16.617818, "y": 49.040537, "mesic": 2, "objectid": 594, "lehce_zran": 0}}, {"type": "Feature", "geometry": {"type": "Point", "coordinates": [16.465819, 49.185293]}, "properties": {"fid": 594, "den": 8, "usmrceno": 0, "druh": "sr\u00e1\u017eka s jedouc\u00edm nekolejov\u00fdm vozidlem", "rok": 2015, "hmotna_sko": 130000, "cas": "0:00:00", "tezce_zran": 0, "pricina": "nep\u0159izp\u016fsoben\u00ed rychlosti stavu vozovky (n\u00e1led\u00ed, v\u00fdtluky, bl\u00e1to, mokr\u00fd povrch apod.)", "x": 16.465819, "y": 49.185293, "mesic": 2, "objectid": 595, "lehce_zran": 0}}, {"type": "Feature", "geometry": {"type": "Point", "coordinates": [16.559677, 49.293865]}, "properties": {"fid": 595, "den": 13, "usmrceno": 0, "druh": "sr\u00e1\u017eka s jedouc\u00edm nekolejov\u00fdm vozidlem", "rok": 2015, "hmotna_sko": 250000, "cas": "0:00:00", "tezce_zran": 0, "pricina": "nedodr\u017een\u00ed bezpe\u010dn\u00e9 vzd\u00e1lenosti za vozidlem", "x": 16.559677, "y": 49.293865, "mesic": 2, "objectid": 596, "lehce_zran": 0}}, {"type": "Feature", "geometry": {"type": "Point", "coordinates": [16.6019, 49.184811]}, "properties": {"fid": 596, "den": 19, "usmrceno": 0, "druh": "sr\u00e1\u017eka s jedouc\u00edm nekolejov\u00fdm vozidlem", "rok": 2015, "hmotna_sko": 16000, "cas": "0:00:00", "tezce_zran": 0, "pricina": "p\u0159i p\u0159ej\u00ed\u017ed\u011bn\u00ed z jednoho j\u00edzdn\u00edho pruhu do druh\u00e9ho", "x": 16.6019, "y": 49.184811, "mesic": 2, "objectid": 597, "lehce_zran": 0}}, {"type": "Feature", "geometry": {"type": "Point", "coordinates": [16.587852, 49.225196]}, "properties": {"fid": 597, "den": 17, "usmrceno": 0, "druh": "sr\u00e1\u017eka s vozidlem zaparkovan\u00fdm, odstaven\u00fdm", "rok": 2015, "hmotna_sko": 31000, "cas": "0:00:00", "tezce_zran": 0, "pricina": "vyh\u00fdb\u00e1n\u00ed bez dostate\u010dn\u00e9ho bo\u010dn\u00edho odstupu (v\u016fle)", "x": 16.587852, "y": 49.225196, "mesic": 2, "objectid": 598, "lehce_zran": 0}}, {"type": "Feature", "geometry": {"type": "Point", "coordinates": [16.627387, 49.166632]}, "properties": {"fid": 598, "den": 15, "usmrceno": 0, "druh": "sr\u00e1\u017eka s jedouc\u00edm nekolejov\u00fdm vozidlem", "rok": 2015, "hmotna_sko": 95000, "cas": "0:00:00", "tezce_zran": 0, "pricina": "nep\u0159izp\u016fsoben\u00ed rychlosti dopravn\u011b technick\u00e9mu stavu vozovky (zat\u00e1\u010dka, kles\u00e1n\u00ed, stoup\u00e1n\u00ed, \u0161\u00ed\u0159ka vozovky apod.)", "x": 16.627387, "y": 49.166632, "mesic": 2, "objectid": 599, "lehce_zran": 0}}, {"type": "Feature", "geometry": {"type": "Point", "coordinates": [16.601976, 49.221632]}, "properties": {"fid": 599, "den": 9, "usmrceno": 0, "druh": "sr\u00e1\u017eka s jedouc\u00edm nekolejov\u00fdm vozidlem", "rok": 2015, "hmotna_sko": 11000, "cas": "0:00:00", "tezce_zran": 0, "pricina": "p\u0159i p\u0159ej\u00ed\u017ed\u011bn\u00ed z jednoho j\u00edzdn\u00edho pruhu do druh\u00e9ho", "x": 16.601976, "y": 49.221632, "mesic": 2, "objectid": 600, "lehce_zran": 0}}, {"type": "Feature", "geometry": {"type": "Point", "coordinates": [16.645508, 49.208694]}, "properties": {"fid": 601, "den": 4, "usmrceno": 0, "druh": "sr\u00e1\u017eka s jedouc\u00edm nekolejov\u00fdm vozidlem", "rok": 2015, "hmotna_sko": 60000, "cas": "0:00:00", "tezce_zran": 0, "pricina": "proti p\u0159\u00edkazu dopravn\u00ed zna\u010dky dej p\u0159ednost", "x": 16.645508, "y": 49.208694, "mesic": 2, "objectid": 602, "lehce_zran": 0}}, {"type": "Feature", "geometry": {"type": "Point", "coordinates": [16.586012, 49.220321]}, "properties": {"fid": 602, "den": 10, "usmrceno": 0, "druh": "sr\u00e1\u017eka s pevnou p\u0159ek\u00e1\u017ekou", "rok": 2015, "hmotna_sko": 5000, "cas": "0:00:00", "tezce_zran": 0, "pricina": "\u0159idi\u010d se pln\u011b nev\u011bnoval \u0159\u00edzen\u00ed vozidla", "x": 16.586012, "y": 49.220321, "mesic": 2, "objectid": 603, "lehce_zran": 0}}, {"type": "Feature", "geometry": {"type": "Point", "coordinates": [16.591764, 49.228678]}, "properties": {"fid": 603, "den": 7, "usmrceno": 0, "druh": "sr\u00e1\u017eka s vozidlem zaparkovan\u00fdm, odstaven\u00fdm", "rok": 2015, "hmotna_sko": 70000, "cas": "0:00:00", "tezce_zran": 0, "pricina": "nep\u0159izp\u016fsoben\u00ed rychlosti vlastnostem vozidla a n\u00e1kladu", "x": 16.591764, "y": 49.228678, "mesic": 2, "objectid": 604, "lehce_zran": 0}}, {"type": "Feature", "geometry": {"type": "Point", "coordinates": [16.597708, 49.158803]}, "properties": {"fid": 604, "den": 7, "usmrceno": 0, "druh": "sr\u00e1\u017eka s pevnou p\u0159ek\u00e1\u017ekou", "rok": 2015, "hmotna_sko": 50000, "cas": "0:00:00", "tezce_zran": 0, "pricina": "z\u00e1vada provozn\u00ed brzdy", "x": 16.597708, "y": 49.158803, "mesic": 2, "objectid": 605, "lehce_zran": 0}}, {"type": "Feature", "geometry": {"type": "Point", "coordinates": [16.584757, 49.217554]}, "properties": {"fid": 605, "den": 7, "usmrceno": 0, "druh": "sr\u00e1\u017eka s pevnou p\u0159ek\u00e1\u017ekou", "rok": 2015, "hmotna_sko": 190000, "cas": "0:00:00", "tezce_zran": 0, "pricina": "nep\u0159izp\u016fsoben\u00ed rychlosti dopravn\u011b technick\u00e9mu stavu vozovky (zat\u00e1\u010dka, kles\u00e1n\u00ed, stoup\u00e1n\u00ed, \u0161\u00ed\u0159ka vozovky apod.)", "x": 16.584757, "y": 49.217554, "mesic": 2, "objectid": 606, "lehce_zran": 0}}, {"type": "Feature", "geometry": {"type": "Point", "coordinates": [16.600597, 49.117235]}, "properties": {"fid": 606, "den": 27, "usmrceno": 0, "druh": "sr\u00e1\u017eka s jedouc\u00edm nekolejov\u00fdm vozidlem", "rok": 2015, "hmotna_sko": 125000, "cas": "0:00:00", "tezce_zran": 0, "pricina": "p\u0159i odbo\u010dov\u00e1n\u00ed vlevo", "x": 16.600597, "y": 49.117235, "mesic": 2, "objectid": 607, "lehce_zran": 0}}, {"type": "Feature", "geometry": {"type": "Point", "coordinates": [16.614233, 49.190858]}, "properties": {"fid": 610, "den": 20, "usmrceno": 0, "druh": "sr\u00e1\u017eka s pevnou p\u0159ek\u00e1\u017ekou", "rok": 2015, "hmotna_sko": 313000, "cas": "0:00:00", "tezce_zran": 0, "pricina": "nep\u0159izp\u016fsoben\u00ed rychlosti dopravn\u011b technick\u00e9mu stavu vozovky (zat\u00e1\u010dka, kles\u00e1n\u00ed, stoup\u00e1n\u00ed, \u0161\u00ed\u0159ka vozovky apod.)", "x": 16.614233, "y": 49.190858, "mesic": 2, "objectid": 611, "lehce_zran": 0}}, {"type": "Feature", "geometry": {"type": "Point", "coordinates": [16.594241, 49.18775]}, "properties": {"fid": 611, "den": 23, "usmrceno": 0, "druh": "sr\u00e1\u017eka s jedouc\u00edm nekolejov\u00fdm vozidlem", "rok": 2015, "hmotna_sko": 230000, "cas": "0:00:00", "tezce_zran": 0, "pricina": "proti p\u0159\u00edkazu dopravn\u00ed zna\u010dky dej p\u0159ednost", "x": 16.594241, "y": 49.18775, "mesic": 2, "objectid": 612, "lehce_zran": 0}}, {"type": "Feature", "geometry": {"type": "Point", "coordinates": [16.660288, 49.011161]}, "properties": {"fid": 613, "den": 26, "usmrceno": 0, "druh": "sr\u00e1\u017eka s vozidlem zaparkovan\u00fdm, odstaven\u00fdm", "rok": 2015, "hmotna_sko": 150000, "cas": "0:00:00", "tezce_zran": 0, "pricina": "\u0159idi\u010d se pln\u011b nev\u011bnoval \u0159\u00edzen\u00ed vozidla", "x": 16.660288, "y": 49.011161, "mesic": 2, "objectid": 614, "lehce_zran": 0}}, {"type": "Feature", "geometry": {"type": "Point", "coordinates": [16.563488, 49.169633]}, "properties": {"fid": 614, "den": 22, "usmrceno": 0, "druh": "sr\u00e1\u017eka s pevnou p\u0159ek\u00e1\u017ekou", "rok": 2015, "hmotna_sko": 21000, "cas": "0:00:00", "tezce_zran": 0, "pricina": "nep\u0159izp\u016fsoben\u00ed rychlosti dopravn\u011b technick\u00e9mu stavu vozovky (zat\u00e1\u010dka, kles\u00e1n\u00ed, stoup\u00e1n\u00ed, \u0161\u00ed\u0159ka vozovky apod.)", "x": 16.563488, "y": 49.169633, "mesic": 2, "objectid": 615, "lehce_zran": 0}}, {"type": "Feature", "geometry": {"type": "Point", "coordinates": [16.582235, 49.150501]}, "properties": {"fid": 615, "den": 17, "usmrceno": 0, "druh": "sr\u00e1\u017eka s vozidlem zaparkovan\u00fdm, odstaven\u00fdm", "rok": 2015, "hmotna_sko": 50000, "cas": "0:00:00", "tezce_zran": 0, "pricina": "nezvl\u00e1dnut\u00ed \u0159\u00edzen\u00ed vozidla", "x": 16.582235, "y": 49.150501, "mesic": 2, "objectid": 616, "lehce_zran": 0}}, {"type": "Feature", "geometry": {"type": "Point", "coordinates": [16.603572, 49.208727]}, "properties": {"fid": 619, "den": 8, "usmrceno": 0, "druh": "sr\u00e1\u017eka s jedouc\u00edm nekolejov\u00fdm vozidlem", "rok": 2015, "hmotna_sko": 240000, "cas": "0:00:00", "tezce_zran": 0, "pricina": "nespr\u00e1vn\u00e9 ot\u00e1\u010den\u00ed nebo couv\u00e1n\u00ed", "x": 16.603572, "y": 49.208727, "mesic": 2, "objectid": 620, "lehce_zran": 0}}, {"type": "Feature", "geometry": {"type": "Point", "coordinates": [16.671543, 49.207493]}, "properties": {"fid": 620, "den": 12, "usmrceno": 0, "druh": "sr\u00e1\u017eka s lesn\u00ed zv\u011b\u0159\u00ed", "rok": 2015, "hmotna_sko": 91000, "cas": "0:00:00", "tezce_zran": 0, "pricina": "nezavin\u011bn\u00e1 \u0159idi\u010dem", "x": 16.671543, "y": 49.207493, "mesic": 2, "objectid": 621, "lehce_zran": 0}}, {"type": "Feature", "geometry": {"type": "Point", "coordinates": [16.616243, 49.195149]}, "properties": {"fid": 622, "den": 4, "usmrceno": 0, "druh": "sr\u00e1\u017eka s jedouc\u00edm nekolejov\u00fdm vozidlem", "rok": 2015, "hmotna_sko": 20000, "cas": "0:00:00", "tezce_zran": 0, "pricina": "\u0159idi\u010d se pln\u011b nev\u011bnoval \u0159\u00edzen\u00ed vozidla", "x": 16.616243, "y": 49.195149, "mesic": 2, "objectid": 623, "lehce_zran": 0}}, {"type": "Feature", "geometry": {"type": "Point", "coordinates": [16.602249, 49.200573]}, "properties": {"fid": 623, "den": 5, "usmrceno": 0, "druh": "sr\u00e1\u017eka s vozidlem zaparkovan\u00fdm, odstaven\u00fdm", "rok": 2015, "hmotna_sko": 4000, "cas": "0:00:00", "tezce_zran": 0, "pricina": "vyh\u00fdb\u00e1n\u00ed bez dostate\u010dn\u00e9ho bo\u010dn\u00edho odstupu (v\u016fle)", "x": 16.602249, "y": 49.200573, "mesic": 2, "objectid": 624, "lehce_zran": 0}}, {"type": "Feature", "geometry": {"type": "Point", "coordinates": [16.790392, 49.034743]}, "properties": {"fid": 625, "den": 2, "usmrceno": 0, "druh": "sr\u00e1\u017eka s jedouc\u00edm nekolejov\u00fdm vozidlem", "rok": 2015, "hmotna_sko": 220000, "cas": "0:00:00", "tezce_zran": 0, "pricina": "proti p\u0159\u00edkazu dopravn\u00ed zna\u010dky st\u016fj dej p\u0159ednost", "x": 16.790392, "y": 49.034743, "mesic": 2, "objectid": 626, "lehce_zran": 0}}, {"type": "Feature", "geometry": {"type": "Point", "coordinates": [16.583043, 49.174815]}, "properties": {"fid": 626, "den": 15, "usmrceno": 0, "druh": "sr\u00e1\u017eka s vozidlem zaparkovan\u00fdm, odstaven\u00fdm", "rok": 2015, "hmotna_sko": 11000, "cas": "0:00:00", "tezce_zran": 0, "pricina": "\u0159idi\u010d se pln\u011b nev\u011bnoval \u0159\u00edzen\u00ed vozidla", "x": 16.583043, "y": 49.174815, "mesic": 2, "objectid": 627, "lehce_zran": 0}}, {"type": "Feature", "geometry": {"type": "Point", "coordinates": [16.527738, 49.173458]}, "properties": {"fid": 627, "den": 26, "usmrceno": 0, "druh": "nehoda", "rok": 2015, "hmotna_sko": 11000, "cas": "0:00:00", "tezce_zran": 0, "pricina": "\u0159idi\u010d se pln\u011b nev\u011bnoval \u0159\u00edzen\u00ed vozidla", "x": 16.527738, "y": 49.173458, "mesic": 2, "objectid": 628, "lehce_zran": 0}}, {"type": "Feature", "geometry": {"type": "Point", "coordinates": [16.652282, 49.19812]}, "properties": {"fid": 628, "den": 16, "usmrceno": 0, "druh": "sr\u00e1\u017eka s vozidlem zaparkovan\u00fdm, odstaven\u00fdm", "rok": 2015, "hmotna_sko": 5000, "cas": "0:00:00", "tezce_zran": 0, "pricina": "\u0159idi\u010d se pln\u011b nev\u011bnoval \u0159\u00edzen\u00ed vozidla", "x": 16.652282, "y": 49.19812, "mesic": 2, "objectid": 629, "lehce_zran": 0}}, {"type": "Feature", "geometry": {"type": "Point", "coordinates": [16.645083, 49.205678]}, "properties": {"fid": 629, "den": 1, "usmrceno": 0, "druh": "sr\u00e1\u017eka s vozidlem zaparkovan\u00fdm, odstaven\u00fdm", "rok": 2015, "hmotna_sko": 10000, "cas": "0:00:00", "tezce_zran": 0, "pricina": "nespr\u00e1vn\u00e9 ot\u00e1\u010den\u00ed nebo couv\u00e1n\u00ed", "x": 16.645083, "y": 49.205678, "mesic": 2, "objectid": 630, "lehce_zran": 0}}, {"type": "Feature", "geometry": {"type": "Point", "coordinates": [16.641955, 49.205766]}, "properties": {"fid": 630, "den": 6, "usmrceno": 0, "druh": "sr\u00e1\u017eka s jedouc\u00edm nekolejov\u00fdm vozidlem", "rok": 2015, "hmotna_sko": 15000, "cas": "0:00:00", "tezce_zran": 0, "pricina": "proti p\u0159\u00edkazu dopravn\u00ed zna\u010dky dej p\u0159ednost", "x": 16.641955, "y": 49.205766, "mesic": 2, "objectid": 631, "lehce_zran": 0}}, {"type": "Feature", "geometry": {"type": "Point", "coordinates": [16.608375, 49.188412]}, "properties": {"fid": 631, "den": 2, "usmrceno": 0, "druh": "sr\u00e1\u017eka s jedouc\u00edm nekolejov\u00fdm vozidlem", "rok": 2015, "hmotna_sko": 12000, "cas": "0:00:00", "tezce_zran": 0, "pricina": "\u0159idi\u010d se pln\u011b nev\u011bnoval \u0159\u00edzen\u00ed vozidla", "x": 16.608375, "y": 49.188412, "mesic": 2, "objectid": 632, "lehce_zran": 0}}, {"type": "Feature", "geometry": {"type": "Point", "coordinates": [16.530901, 49.225797]}, "properties": {"fid": 633, "den": 2, "usmrceno": 0, "druh": "sr\u00e1\u017eka s vozidlem zaparkovan\u00fdm, odstaven\u00fdm", "rok": 2015, "hmotna_sko": 15000, "cas": "0:00:00", "tezce_zran": 0, "pricina": "\u0159idi\u010d se pln\u011b nev\u011bnoval \u0159\u00edzen\u00ed vozidla", "x": 16.530901, "y": 49.225797, "mesic": 2, "objectid": 634, "lehce_zran": 0}}, {"type": "Feature", "geometry": {"type": "Point", "coordinates": [16.67851, 49.042436]}, "properties": {"fid": 634, "den": 6, "usmrceno": 0, "druh": "nehoda", "rok": 2015, "hmotna_sko": 160000, "cas": "0:00:00", "tezce_zran": 0, "pricina": "\u0159idi\u010d se pln\u011b nev\u011bnoval \u0159\u00edzen\u00ed vozidla", "x": 16.67851, "y": 49.042436, "mesic": 2, "objectid": 635, "lehce_zran": 0}}, {"type": "Feature", "geometry": {"type": "Point", "coordinates": [16.648665, 49.114994]}, "properties": {"fid": 635, "den": 5, "usmrceno": 0, "druh": "sr\u00e1\u017eka s pevnou p\u0159ek\u00e1\u017ekou", "rok": 2015, "hmotna_sko": 60000, "cas": "0:00:00", "tezce_zran": 0, "pricina": "\u0159idi\u010d se pln\u011b nev\u011bnoval \u0159\u00edzen\u00ed vozidla", "x": 16.648665, "y": 49.114994, "mesic": 2, "objectid": 636, "lehce_zran": 0}}, {"type": "Feature", "geometry": {"type": "Point", "coordinates": [16.687126, 49.209114]}, "properties": {"fid": 636, "den": 24, "usmrceno": 0, "druh": "sr\u00e1\u017eka s pevnou p\u0159ek\u00e1\u017ekou", "rok": 2015, "hmotna_sko": 5000, "cas": "0:00:00", "tezce_zran": 0, "pricina": "\u0159idi\u010d se pln\u011b nev\u011bnoval \u0159\u00edzen\u00ed vozidla", "x": 16.687126, "y": 49.209114, "mesic": 2, "objectid": 637, "lehce_zran": 0}}, {"type": "Feature", "geometry": {"type": "Point", "coordinates": [16.591625, 49.190846]}, "properties": {"fid": 638, "den": 14, "usmrceno": 0, "druh": "sr\u00e1\u017eka s vozidlem zaparkovan\u00fdm, odstaven\u00fdm", "rok": 2015, "hmotna_sko": 20000, "cas": "0:00:00", "tezce_zran": 0, "pricina": "\u0159idi\u010d se pln\u011b nev\u011bnoval \u0159\u00edzen\u00ed vozidla", "x": 16.591625, "y": 49.190846, "mesic": 2, "objectid": 639, "lehce_zran": 0}}, {"type": "Feature", "geometry": {"type": "Point", "coordinates": [16.647716, 49.164358]}, "properties": {"fid": 639, "den": 19, "usmrceno": 0, "druh": "sr\u00e1\u017eka s chodcem", "rok": 2015, "hmotna_sko": 1000, "cas": "0:00:00", "tezce_zran": 1, "pricina": "nezavin\u011bn\u00e1 \u0159idi\u010dem", "x": 16.647716, "y": 49.164358, "mesic": 3, "objectid": 640, "lehce_zran": 0}}, {"type": "Feature", "geometry": {"type": "Point", "coordinates": [16.614824, 49.191607]}, "properties": {"fid": 640, "den": 24, "usmrceno": 0, "druh": "sr\u00e1\u017eka s chodcem", "rok": 2015, "hmotna_sko": 0, "cas": "0:00:00", "tezce_zran": 1, "pricina": "nezavin\u011bn\u00e1 \u0159idi\u010dem", "x": 16.614824, "y": 49.191607, "mesic": 3, "objectid": 641, "lehce_zran": 0}}, {"type": "Feature", "geometry": {"type": "Point", "coordinates": [16.582189, 49.174501]}, "properties": {"fid": 641, "den": 14, "usmrceno": 0, "druh": "sr\u00e1\u017eka s chodcem", "rok": 2015, "hmotna_sko": 3000, "cas": "0:00:00", "tezce_zran": 1, "pricina": "chodci na vyzna\u010den\u00e9m p\u0159echodu", "x": 16.582189, "y": 49.174501, "mesic": 3, "objectid": 642, "lehce_zran": 0}}, {"type": "Feature", "geometry": {"type": "Point", "coordinates": [16.599028, 49.161498]}, "properties": {"fid": 642, "den": 20, "usmrceno": 0, "druh": "sr\u00e1\u017eka s chodcem", "rok": 2015, "hmotna_sko": 50000, "cas": "0:00:00", "tezce_zran": 1, "pricina": "nezavin\u011bn\u00e1 \u0159idi\u010dem", "x": 16.599028, "y": 49.161498, "mesic": 3, "objectid": 643, "lehce_zran": 0}}, {"type": "Feature", "geometry": {"type": "Point", "coordinates": [16.75761, 49.184017]}, "properties": {"fid": 643, "den": 14, "usmrceno": 0, "druh": "sr\u00e1\u017eka s jedouc\u00edm nekolejov\u00fdm vozidlem", "rok": 2015, "hmotna_sko": 200000, "cas": "0:00:00", "tezce_zran": 1, "pricina": "proti p\u0159\u00edkazu dopravn\u00ed zna\u010dky dej p\u0159ednost", "x": 16.75761, "y": 49.184017, "mesic": 3, "objectid": 644, "lehce_zran": 2}}, {"type": "Feature", "geometry": {"type": "Point", "coordinates": [16.635608, 49.19281]}, "properties": {"fid": 645, "den": 2, "usmrceno": 0, "druh": "sr\u00e1\u017eka s jedouc\u00edm nekolejov\u00fdm vozidlem", "rok": 2015, "hmotna_sko": 0, "cas": "0:00:00", "tezce_zran": 1, "pricina": "\u0159idi\u010d se pln\u011b nev\u011bnoval \u0159\u00edzen\u00ed vozidla", "x": 16.635608, "y": 49.19281, "mesic": 3, "objectid": 646, "lehce_zran": 0}}, {"type": "Feature", "geometry": {"type": "Point", "coordinates": [16.637785, 49.219344]}, "properties": {"fid": 646, "den": 1, "usmrceno": 0, "druh": "nehoda", "rok": 2015, "hmotna_sko": 5000, "cas": "0:00:00", "tezce_zran": 1, "pricina": "\u0159idi\u010d se pln\u011b nev\u011bnoval \u0159\u00edzen\u00ed vozidla", "x": 16.637785, "y": 49.219344, "mesic": 3, "objectid": 647, "lehce_zran": 0}}, {"type": "Feature", "geometry": {"type": "Point", "coordinates": [16.601241, 49.202322]}, "properties": {"fid": 648, "den": 18, "usmrceno": 0, "druh": "sr\u00e1\u017eka s chodcem", "rok": 2015, "hmotna_sko": 5000, "cas": "0:00:00", "tezce_zran": 0, "pricina": "chodci na vyzna\u010den\u00e9m p\u0159echodu", "x": 16.601241, "y": 49.202322, "mesic": 3, "objectid": 649, "lehce_zran": 1}}, {"type": "Feature", "geometry": {"type": "Point", "coordinates": [16.57141, 49.17379]}, "properties": {"fid": 649, "den": 30, "usmrceno": 0, "druh": "sr\u00e1\u017eka s jedouc\u00edm nekolejov\u00fdm vozidlem", "rok": 2015, "hmotna_sko": 330000, "cas": "0:00:00", "tezce_zran": 0, "pricina": "p\u0159i odbo\u010dov\u00e1n\u00ed vlevo", "x": 16.57141, "y": 49.17379, "mesic": 3, "objectid": 650, "lehce_zran": 3}}, {"type": "Feature", "geometry": {"type": "Point", "coordinates": [16.530086, 49.196696]}, "properties": {"fid": 652, "den": 26, "usmrceno": 0, "druh": "nehoda", "rok": 2015, "hmotna_sko": 20000, "cas": "0:00:00", "tezce_zran": 0, "pricina": "nep\u0159izp\u016fsoben\u00ed rychlosti stavu vozovky (n\u00e1led\u00ed, v\u00fdtluky, bl\u00e1to, mokr\u00fd povrch apod.)", "x": 16.530086, "y": 49.196696, "mesic": 3, "objectid": 653, "lehce_zran": 1}}, {"type": "Feature", "geometry": {"type": "Point", "coordinates": [16.603272, 49.185485]}, "properties": {"fid": 654, "den": 1, "usmrceno": 0, "druh": "sr\u00e1\u017eka s chodcem", "rok": 2015, "hmotna_sko": 0, "cas": "0:00:00", "tezce_zran": 0, "pricina": "chodci na vyzna\u010den\u00e9m p\u0159echodu", "x": 16.603272, "y": 49.185485, "mesic": 3, "objectid": 655, "lehce_zran": 1}}, {"type": "Feature", "geometry": {"type": "Point", "coordinates": [16.64505, 49.225701]}, "properties": {"fid": 655, "den": 8, "usmrceno": 0, "druh": "sr\u00e1\u017eka s pevnou p\u0159ek\u00e1\u017ekou", "rok": 2015, "hmotna_sko": 49000, "cas": "0:00:00", "tezce_zran": 0, "pricina": "\u0159idi\u010d se pln\u011b nev\u011bnoval \u0159\u00edzen\u00ed vozidla", "x": 16.64505, "y": 49.225701, "mesic": 3, "objectid": 656, "lehce_zran": 2}}, {"type": "Feature", "geometry": {"type": "Point", "coordinates": [16.428455, 49.193201]}, "properties": {"fid": 656, "den": 13, "usmrceno": 0, "druh": "sr\u00e1\u017eka s jedouc\u00edm nekolejov\u00fdm vozidlem", "rok": 2015, "hmotna_sko": 170000, "cas": "0:00:00", "tezce_zran": 0, "pricina": "\u0159idi\u010d se pln\u011b nev\u011bnoval \u0159\u00edzen\u00ed vozidla", "x": 16.428455, "y": 49.193201, "mesic": 3, "objectid": 657, "lehce_zran": 1}}, {"type": "Feature", "geometry": {"type": "Point", "coordinates": [16.585177, 49.221512]}, "properties": {"fid": 657, "den": 9, "usmrceno": 0, "druh": "sr\u00e1\u017eka s chodcem", "rok": 2015, "hmotna_sko": 0, "cas": "0:00:00", "tezce_zran": 0, "pricina": "chodci na vyzna\u010den\u00e9m p\u0159echodu", "x": 16.585177, "y": 49.221512, "mesic": 3, "objectid": 658, "lehce_zran": 1}}, {"type": "Feature", "geometry": {"type": "Point", "coordinates": [16.698437, 49.206538]}, "properties": {"fid": 658, "den": 7, "usmrceno": 0, "druh": "sr\u00e1\u017eka s vozidlem zaparkovan\u00fdm, odstaven\u00fdm", "rok": 2015, "hmotna_sko": 42000, "cas": "0:00:00", "tezce_zran": 0, "pricina": "\u0159idi\u010d se pln\u011b nev\u011bnoval \u0159\u00edzen\u00ed vozidla", "x": 16.698437, "y": 49.206538, "mesic": 3, "objectid": 659, "lehce_zran": 1}}, {"type": "Feature", "geometry": {"type": "Point", "coordinates": [16.597819, 49.202574]}, "properties": {"fid": 659, "den": 30, "usmrceno": 0, "druh": "sr\u00e1\u017eka s chodcem", "rok": 2015, "hmotna_sko": 0, "cas": "0:00:00", "tezce_zran": 0, "pricina": "nezavin\u011bn\u00e1 \u0159idi\u010dem", "x": 16.597819, "y": 49.202574, "mesic": 3, "objectid": 660, "lehce_zran": 1}}, {"type": "Feature", "geometry": {"type": "Point", "coordinates": [16.72871, 49.143577]}, "properties": {"fid": 662, "den": 20, "usmrceno": 0, "druh": "sr\u00e1\u017eka s pevnou p\u0159ek\u00e1\u017ekou", "rok": 2015, "hmotna_sko": 55000, "cas": "0:00:00", "tezce_zran": 0, "pricina": "nep\u0159izp\u016fsoben\u00ed rychlosti dopravn\u011b technick\u00e9mu stavu vozovky (zat\u00e1\u010dka, kles\u00e1n\u00ed, stoup\u00e1n\u00ed, \u0161\u00ed\u0159ka vozovky apod.)", "x": 16.72871, "y": 49.143577, "mesic": 3, "objectid": 663, "lehce_zran": 1}}, {"type": "Feature", "geometry": {"type": "Point", "coordinates": [16.571263, 49.173839]}, "properties": {"fid": 664, "den": 29, "usmrceno": 0, "druh": "sr\u00e1\u017eka s pevnou p\u0159ek\u00e1\u017ekou", "rok": 2015, "hmotna_sko": 11000, "cas": "0:00:00", "tezce_zran": 0, "pricina": "\u0159idi\u010d se pln\u011b nev\u011bnoval \u0159\u00edzen\u00ed vozidla", "x": 16.571263, "y": 49.173839, "mesic": 3, "objectid": 665, "lehce_zran": 1}}, {"type": "Feature", "geometry": {"type": "Point", "coordinates": [16.744424, 49.183214]}, "properties": {"fid": 665, "den": 11, "usmrceno": 0, "druh": "sr\u00e1\u017eka s jedouc\u00edm nekolejov\u00fdm vozidlem", "rok": 2015, "hmotna_sko": 170000, "cas": "0:00:00", "tezce_zran": 0, "pricina": "proti p\u0159\u00edkazu dopravn\u00ed zna\u010dky dej p\u0159ednost", "x": 16.744424, "y": 49.183214, "mesic": 3, "objectid": 666, "lehce_zran": 3}}, {"type": "Feature", "geometry": {"type": "Point", "coordinates": [16.532201, 49.145946]}, "properties": {"fid": 667, "den": 29, "usmrceno": 0, "druh": "sr\u00e1\u017eka s pevnou p\u0159ek\u00e1\u017ekou", "rok": 2015, "hmotna_sko": 40000, "cas": "0:00:00", "tezce_zran": 0, "pricina": "nep\u0159izp\u016fsoben\u00ed rychlosti vlastnostem vozidla a n\u00e1kladu", "x": 16.532201, "y": 49.145946, "mesic": 3, "objectid": 668, "lehce_zran": 1}}, {"type": "Feature", "geometry": {"type": "Point", "coordinates": [16.605706, 49.205499]}, "properties": {"fid": 671, "den": 16, "usmrceno": 0, "druh": "sr\u00e1\u017eka s tramvaj\u00ed", "rok": 2015, "hmotna_sko": 80000, "cas": "0:00:00", "tezce_zran": 0, "pricina": "p\u0159i ot\u00e1\u010den\u00ed nebo couv\u00e1n\u00ed", "x": 16.605706, "y": 49.205499, "mesic": 3, "objectid": 672, "lehce_zran": 1}}, {"type": "Feature", "geometry": {"type": "Point", "coordinates": [16.619192, 49.183665]}, "properties": {"fid": 672, "den": 26, "usmrceno": 0, "druh": "sr\u00e1\u017eka s jedouc\u00edm nekolejov\u00fdm vozidlem", "rok": 2015, "hmotna_sko": 130000, "cas": "0:00:00", "tezce_zran": 0, "pricina": "samovoln\u00e9 rozjet\u00ed nezaji\u0161t\u011bn\u00e9ho vozidla", "x": 16.619192, "y": 49.183665, "mesic": 3, "objectid": 673, "lehce_zran": 1}}, {"type": "Feature", "geometry": {"type": "Point", "coordinates": [16.770041, 49.182568]}, "properties": {"fid": 673, "den": 20, "usmrceno": 0, "druh": "sr\u00e1\u017eka s jedouc\u00edm nekolejov\u00fdm vozidlem", "rok": 2015, "hmotna_sko": 60000, "cas": "0:00:00", "tezce_zran": 0, "pricina": "nedodr\u017een\u00ed bezpe\u010dn\u00e9 vzd\u00e1lenosti za vozidlem", "x": 16.770041, "y": 49.182568, "mesic": 3, "objectid": 674, "lehce_zran": 1}}, {"type": "Feature", "geometry": {"type": "Point", "coordinates": [16.61397, 49.205082]}, "properties": {"fid": 674, "den": 2, "usmrceno": 0, "druh": "sr\u00e1\u017eka s jedouc\u00edm nekolejov\u00fdm vozidlem", "rok": 2015, "hmotna_sko": 8000, "cas": "0:00:00", "tezce_zran": 0, "pricina": "nedodr\u017een\u00ed bezpe\u010dn\u00e9 vzd\u00e1lenosti za vozidlem", "x": 16.61397, "y": 49.205082, "mesic": 3, "objectid": 675, "lehce_zran": 1}}, {"type": "Feature", "geometry": {"type": "Point", "coordinates": [16.604305, 49.194734]}, "properties": {"fid": 675, "den": 25, "usmrceno": 0, "druh": "sr\u00e1\u017eka s jedouc\u00edm nekolejov\u00fdm vozidlem", "rok": 2015, "hmotna_sko": 15000, "cas": "0:00:00", "tezce_zran": 0, "pricina": "nedodr\u017een\u00ed bezpe\u010dn\u00e9 vzd\u00e1lenosti za vozidlem", "x": 16.604305, "y": 49.194734, "mesic": 3, "objectid": 676, "lehce_zran": 2}}, {"type": "Feature", "geometry": {"type": "Point", "coordinates": [16.570782, 49.18969]}, "properties": {"fid": 676, "den": 24, "usmrceno": 0, "druh": "sr\u00e1\u017eka s jedouc\u00edm nekolejov\u00fdm vozidlem", "rok": 2015, "hmotna_sko": 200000, "cas": "0:00:00", "tezce_zran": 0, "pricina": "vozidlu p\u0159ij\u00ed\u017ed\u011bj\u00edc\u00edmu zprava", "x": 16.570782, "y": 49.18969, "mesic": 3, "objectid": 677, "lehce_zran": 1}}, {"type": "Feature", "geometry": {"type": "Point", "coordinates": [16.598821, 49.16495]}, "properties": {"fid": 677, "den": 18, "usmrceno": 0, "druh": "sr\u00e1\u017eka s jedouc\u00edm nekolejov\u00fdm vozidlem", "rok": 2015, "hmotna_sko": 45000, "cas": "0:00:00", "tezce_zran": 0, "pricina": "\u0159idi\u010d se pln\u011b nev\u011bnoval \u0159\u00edzen\u00ed vozidla", "x": 16.598821, "y": 49.16495, "mesic": 3, "objectid": 678, "lehce_zran": 1}}, {"type": "Feature", "geometry": {"type": "Point", "coordinates": [16.602515, 49.189257]}, "properties": {"fid": 678, "den": 21, "usmrceno": 0, "druh": "sr\u00e1\u017eka s jedouc\u00edm nekolejov\u00fdm vozidlem", "rok": 2015, "hmotna_sko": 82000, "cas": "0:00:00", "tezce_zran": 0, "pricina": "proti p\u0159\u00edkazu dopravn\u00ed zna\u010dky dej p\u0159ednost", "x": 16.602515, "y": 49.189257, "mesic": 3, "objectid": 679, "lehce_zran": 1}}, {"type": "Feature", "geometry": {"type": "Point", "coordinates": [16.588172, 49.086756]}, "properties": {"fid": 679, "den": 23, "usmrceno": 0, "druh": "sr\u00e1\u017eka s jedouc\u00edm nekolejov\u00fdm vozidlem", "rok": 2015, "hmotna_sko": 260000, "cas": "0:00:00", "tezce_zran": 0, "pricina": "p\u0159i odbo\u010dov\u00e1n\u00ed vlevo soub\u011b\u017en\u011b jedouc\u00edmu vozidlu", "x": 16.588172, "y": 49.086756, "mesic": 3, "objectid": 680, "lehce_zran": 2}}, {"type": "Feature", "geometry": {"type": "Point", "coordinates": [16.531849, 49.169708]}, "properties": {"fid": 680, "den": 23, "usmrceno": 0, "druh": "sr\u00e1\u017eka s jedouc\u00edm nekolejov\u00fdm vozidlem", "rok": 2015, "hmotna_sko": 180000, "cas": "0:00:00", "tezce_zran": 0, "pricina": "\u0159idi\u010d se pln\u011b nev\u011bnoval \u0159\u00edzen\u00ed vozidla", "x": 16.531849, "y": 49.169708, "mesic": 3, "objectid": 681, "lehce_zran": 1}}, {"type": "Feature", "geometry": {"type": "Point", "coordinates": [16.737566, 49.186576]}, "properties": {"fid": 681, "den": 9, "usmrceno": 0, "druh": "sr\u00e1\u017eka s jedouc\u00edm nekolejov\u00fdm vozidlem", "rok": 2015, "hmotna_sko": 251000, "cas": "0:00:00", "tezce_zran": 0, "pricina": "z\u00e1vada \u0159\u00edzen\u00ed", "x": 16.737566, "y": 49.186576, "mesic": 3, "objectid": 682, "lehce_zran": 2}}, {"type": "Feature", "geometry": {"type": "Point", "coordinates": [16.599905, 49.201079]}, "properties": {"fid": 682, "den": 20, "usmrceno": 0, "druh": "sr\u00e1\u017eka s chodcem", "rok": 2015, "hmotna_sko": 0, "cas": "0:00:00", "tezce_zran": 0, "pricina": "\u0159idi\u010d se pln\u011b nev\u011bnoval \u0159\u00edzen\u00ed vozidla", "x": 16.599905, "y": 49.201079, "mesic": 3, "objectid": 683, "lehce_zran": 1}}, {"type": "Feature", "geometry": {"type": "Point", "coordinates": [16.595209, 49.207968]}, "properties": {"fid": 684, "den": 26, "usmrceno": 0, "druh": "sr\u00e1\u017eka s tramvaj\u00ed", "rok": 2015, "hmotna_sko": 171000, "cas": "0:00:00", "tezce_zran": 0, "pricina": "p\u0159i odbo\u010dov\u00e1n\u00ed vlevo", "x": 16.595209, "y": 49.207968, "mesic": 3, "objectid": 685, "lehce_zran": 1}}, {"type": "Feature", "geometry": {"type": "Point", "coordinates": [16.668546, 49.202831]}, "properties": {"fid": 686, "den": 13, "usmrceno": 0, "druh": "sr\u00e1\u017eka s chodcem", "rok": 2015, "hmotna_sko": 5000, "cas": "0:00:00", "tezce_zran": 0, "pricina": "nezavin\u011bn\u00e1 \u0159idi\u010dem", "x": 16.668546, "y": 49.202831, "mesic": 3, "objectid": 687, "lehce_zran": 1}}, {"type": "Feature", "geometry": {"type": "Point", "coordinates": [16.54341, 49.167754]}, "properties": {"fid": 687, "den": 2, "usmrceno": 0, "druh": "sr\u00e1\u017eka s jedouc\u00edm nekolejov\u00fdm vozidlem", "rok": 2015, "hmotna_sko": 65000, "cas": "0:00:00", "tezce_zran": 0, "pricina": "\u0159idi\u010d se pln\u011b nev\u011bnoval \u0159\u00edzen\u00ed vozidla", "x": 16.54341, "y": 49.167754, "mesic": 3, "objectid": 688, "lehce_zran": 1}}, {"type": "Feature", "geometry": {"type": "Point", "coordinates": [16.611366, 49.188989]}, "properties": {"fid": 688, "den": 18, "usmrceno": 0, "druh": "sr\u00e1\u017eka s jedouc\u00edm nekolejov\u00fdm vozidlem", "rok": 2015, "hmotna_sko": 50000, "cas": "0:00:00", "tezce_zran": 0, "pricina": "\u0159idi\u010d se pln\u011b nev\u011bnoval \u0159\u00edzen\u00ed vozidla", "x": 16.611366, "y": 49.188989, "mesic": 3, "objectid": 689, "lehce_zran": 1}}, {"type": "Feature", "geometry": {"type": "Point", "coordinates": [16.658712, 49.191035]}, "properties": {"fid": 689, "den": 30, "usmrceno": 0, "druh": "sr\u00e1\u017eka s chodcem", "rok": 2015, "hmotna_sko": 5000, "cas": "0:00:00", "tezce_zran": 0, "pricina": "nezavin\u011bn\u00e1 \u0159idi\u010dem", "x": 16.658712, "y": 49.191035, "mesic": 3, "objectid": 690, "lehce_zran": 1}}, {"type": "Feature", "geometry": {"type": "Point", "coordinates": [16.621105, 49.199984]}, "properties": {"fid": 691, "den": 31, "usmrceno": 0, "druh": "sr\u00e1\u017eka s jedouc\u00edm nekolejov\u00fdm vozidlem", "rok": 2015, "hmotna_sko": 15000, "cas": "0:00:00", "tezce_zran": 0, "pricina": "nedodr\u017een\u00ed bezpe\u010dn\u00e9 vzd\u00e1lenosti za vozidlem", "x": 16.621105, "y": 49.199984, "mesic": 3, "objectid": 692, "lehce_zran": 1}}, {"type": "Feature", "geometry": {"type": "Point", "coordinates": [16.572452, 49.249361]}, "properties": {"fid": 692, "den": 11, "usmrceno": 0, "druh": "sr\u00e1\u017eka s jedouc\u00edm nekolejov\u00fdm vozidlem", "rok": 2015, "hmotna_sko": 90000, "cas": "0:00:00", "tezce_zran": 0, "pricina": "p\u0159i p\u0159ej\u00ed\u017ed\u011bn\u00ed z jednoho j\u00edzdn\u00edho pruhu do druh\u00e9ho", "x": 16.572452, "y": 49.249361, "mesic": 3, "objectid": 693, "lehce_zran": 1}}, {"type": "Feature", "geometry": {"type": "Point", "coordinates": [16.570819, 49.266362]}, "properties": {"fid": 694, "den": 26, "usmrceno": 0, "druh": "sr\u00e1\u017eka s jedouc\u00edm nekolejov\u00fdm vozidlem", "rok": 2015, "hmotna_sko": 141000, "cas": "0:00:00", "tezce_zran": 0, "pricina": "j\u00edzda po nespr\u00e1vn\u00e9 stran\u011b vozovky, vjet\u00ed do protism\u011bru", "x": 16.570819, "y": 49.266362, "mesic": 3, "objectid": 695, "lehce_zran": 2}}, {"type": "Feature", "geometry": {"type": "Point", "coordinates": [16.581925, 49.236698]}, "properties": {"fid": 695, "den": 19, "usmrceno": 0, "druh": "sr\u00e1\u017eka s vozidlem zaparkovan\u00fdm, odstaven\u00fdm", "rok": 2015, "hmotna_sko": 597000, "cas": "0:00:00", "tezce_zran": 0, "pricina": "p\u0159ekro\u010den\u00ed p\u0159edepsan\u00e9 rychlosti stanoven\u00e9 pravidly", "x": 16.581925, "y": 49.236698, "mesic": 3, "objectid": 696, "lehce_zran": 1}}, {"type": "Feature", "geometry": {"type": "Point", "coordinates": [16.606855, 49.188354]}, "properties": {"fid": 696, "den": 3, "usmrceno": 0, "druh": "sr\u00e1\u017eka s chodcem", "rok": 2015, "hmotna_sko": 15000, "cas": "0:00:00", "tezce_zran": 0, "pricina": "chodci na vyzna\u010den\u00e9m p\u0159echodu", "x": 16.606855, "y": 49.188354, "mesic": 3, "objectid": 697, "lehce_zran": 2}}, {"type": "Feature", "geometry": {"type": "Point", "coordinates": [16.653861, 49.125215]}, "properties": {"fid": 697, "den": 4, "usmrceno": 0, "druh": "sr\u00e1\u017eka s jedouc\u00edm nekolejov\u00fdm vozidlem", "rok": 2015, "hmotna_sko": 100000, "cas": "0:00:00", "tezce_zran": 0, "pricina": "proti p\u0159\u00edkazu dopravn\u00ed zna\u010dky st\u016fj dej p\u0159ednost", "x": 16.653861, "y": 49.125215, "mesic": 3, "objectid": 698, "lehce_zran": 2}}, {"type": "Feature", "geometry": {"type": "Point", "coordinates": [16.618957, 49.192013]}, "properties": {"fid": 699, "den": 24, "usmrceno": 0, "druh": "sr\u00e1\u017eka s chodcem", "rok": 2015, "hmotna_sko": 0, "cas": "0:00:00", "tezce_zran": 0, "pricina": "\u0159idi\u010d se pln\u011b nev\u011bnoval \u0159\u00edzen\u00ed vozidla", "x": 16.618957, "y": 49.192013, "mesic": 3, "objectid": 700, "lehce_zran": 1}}, {"type": "Feature", "geometry": {"type": "Point", "coordinates": [16.791379, 49.144879]}, "properties": {"fid": 701, "den": 26, "usmrceno": 0, "druh": "sr\u00e1\u017eka s jedouc\u00edm nekolejov\u00fdm vozidlem", "rok": 2015, "hmotna_sko": 90000, "cas": "0:00:00", "tezce_zran": 0, "pricina": "proti p\u0159\u00edkazu dopravn\u00ed zna\u010dky st\u016fj dej p\u0159ednost", "x": 16.791379, "y": 49.144879, "mesic": 3, "objectid": 702, "lehce_zran": 1}}, {"type": "Feature", "geometry": {"type": "Point", "coordinates": [16.582189, 49.174501]}, "properties": {"fid": 702, "den": 13, "usmrceno": 0, "druh": "sr\u00e1\u017eka s chodcem", "rok": 2015, "hmotna_sko": 0, "cas": "0:00:00", "tezce_zran": 0, "pricina": "nezavin\u011bn\u00e1 \u0159idi\u010dem", "x": 16.582189, "y": 49.174501, "mesic": 3, "objectid": 703, "lehce_zran": 1}}, {"type": "Feature", "geometry": {"type": "Point", "coordinates": [16.579614, 49.215577]}, "properties": {"fid": 703, "den": 15, "usmrceno": 0, "druh": "sr\u00e1\u017eka s jedouc\u00edm nekolejov\u00fdm vozidlem", "rok": 2015, "hmotna_sko": 125000, "cas": "0:00:00", "tezce_zran": 0, "pricina": "nedodr\u017een\u00ed bezpe\u010dn\u00e9 vzd\u00e1lenosti za vozidlem", "x": 16.579614, "y": 49.215577, "mesic": 3, "objectid": 704, "lehce_zran": 1}}, {"type": "Feature", "geometry": {"type": "Point", "coordinates": [16.558224, 49.173616]}, "properties": {"fid": 704, "den": 2, "usmrceno": 0, "druh": "sr\u00e1\u017eka s jedouc\u00edm nekolejov\u00fdm vozidlem", "rok": 2015, "hmotna_sko": 210000, "cas": "0:00:00", "tezce_zran": 0, "pricina": "p\u0159i odbo\u010dov\u00e1n\u00ed vlevo", "x": 16.558224, "y": 49.173616, "mesic": 3, "objectid": 705, "lehce_zran": 2}}, {"type": "Feature", "geometry": {"type": "Point", "coordinates": [16.595731, 49.191553]}, "properties": {"fid": 706, "den": 4, "usmrceno": 0, "druh": "sr\u00e1\u017eka s jedouc\u00edm nekolejov\u00fdm vozidlem", "rok": 2015, "hmotna_sko": 335000, "cas": "0:00:00", "tezce_zran": 0, "pricina": "p\u0159i odbo\u010dov\u00e1n\u00ed vlevo", "x": 16.595731, "y": 49.191553, "mesic": 3, "objectid": 707, "lehce_zran": 1}}, {"type": "Feature", "geometry": {"type": "Point", "coordinates": [16.675716, 49.166069]}, "properties": {"fid": 707, "den": 2, "usmrceno": 0, "druh": "sr\u00e1\u017eka s vozidlem zaparkovan\u00fdm, odstaven\u00fdm", "rok": 2015, "hmotna_sko": 75000, "cas": "0:00:00", "tezce_zran": 0, "pricina": "\u0159idi\u010d se pln\u011b nev\u011bnoval \u0159\u00edzen\u00ed vozidla", "x": 16.675716, "y": 49.166069, "mesic": 3, "objectid": 708, "lehce_zran": 1}}, {"type": "Feature", "geometry": {"type": "Point", "coordinates": [16.470491, 49.293419]}, "properties": {"fid": 708, "den": 4, "usmrceno": 0, "druh": "sr\u00e1\u017eka s jedouc\u00edm nekolejov\u00fdm vozidlem", "rok": 2015, "hmotna_sko": 110000, "cas": "0:00:00", "tezce_zran": 0, "pricina": "p\u0159ehl\u00e9dnut\u00ed ji\u017e p\u0159edj\u00ed\u017ed\u011bj\u00edc\u00edcho soub\u011b\u017en\u011b jedouc\u00edho vozidla", "x": 16.470491, "y": 49.293419, "mesic": 3, "objectid": 709, "lehce_zran": 1}}, {"type": "Feature", "geometry": {"type": "Point", "coordinates": [16.62289, 49.222908]}, "properties": {"fid": 709, "den": 7, "usmrceno": 0, "druh": "sr\u00e1\u017eka s pevnou p\u0159ek\u00e1\u017ekou", "rok": 2015, "hmotna_sko": 170000, "cas": "0:00:00", "tezce_zran": 0, "pricina": "nep\u0159izp\u016fsoben\u00ed rychlosti dopravn\u011b technick\u00e9mu stavu vozovky (zat\u00e1\u010dka, kles\u00e1n\u00ed, stoup\u00e1n\u00ed, \u0161\u00ed\u0159ka vozovky apod.)", "x": 16.62289, "y": 49.222908, "mesic": 3, "objectid": 710, "lehce_zran": 2}}, {"type": "Feature", "geometry": {"type": "Point", "coordinates": [16.444074, 49.189543]}, "properties": {"fid": 710, "den": 20, "usmrceno": 0, "druh": "sr\u00e1\u017eka s jedouc\u00edm nekolejov\u00fdm vozidlem", "rok": 2015, "hmotna_sko": 205000, "cas": "0:00:00", "tezce_zran": 0, "pricina": "j\u00edzda po nespr\u00e1vn\u00e9 stran\u011b vozovky, vjet\u00ed do protism\u011bru", "x": 16.444074, "y": 49.189543, "mesic": 3, "objectid": 711, "lehce_zran": 5}}, {"type": "Feature", "geometry": {"type": "Point", "coordinates": [16.697595, 49.25867]}, "properties": {"fid": 711, "den": 18, "usmrceno": 0, "druh": "sr\u00e1\u017eka s jedouc\u00edm nekolejov\u00fdm vozidlem", "rok": 2015, "hmotna_sko": 81000, "cas": "0:00:00", "tezce_zran": 0, "pricina": "nep\u0159izp\u016fsoben\u00ed rychlosti vlastnostem vozidla a n\u00e1kladu", "x": 16.697595, "y": 49.25867, "mesic": 3, "objectid": 712, "lehce_zran": 1}}, {"type": "Feature", "geometry": {"type": "Point", "coordinates": [16.646238, 49.195019]}, "properties": {"fid": 714, "den": 8, "usmrceno": 0, "druh": "sr\u00e1\u017eka s chodcem", "rok": 2015, "hmotna_sko": 5000, "cas": "0:00:00", "tezce_zran": 0, "pricina": "chodci na vyzna\u010den\u00e9m p\u0159echodu", "x": 16.646238, "y": 49.195019, "mesic": 3, "objectid": 715, "lehce_zran": 1}}, {"type": "Feature", "geometry": {"type": "Point", "coordinates": [16.61466, 49.195059]}, "properties": {"fid": 715, "den": 7, "usmrceno": 0, "druh": "sr\u00e1\u017eka s jedouc\u00edm nekolejov\u00fdm vozidlem", "rok": 2015, "hmotna_sko": 19000, "cas": "0:00:00", "tezce_zran": 0, "pricina": "p\u0159i vj\u00ed\u017ed\u011bn\u00ed na silnici", "x": 16.61466, "y": 49.195059, "mesic": 3, "objectid": 716, "lehce_zran": 1}}, {"type": "Feature", "geometry": {"type": "Point", "coordinates": [16.570051, 49.244845]}, "properties": {"fid": 716, "den": 4, "usmrceno": 0, "druh": "jin\u00fd druh nehody", "rok": 2015, "hmotna_sko": 0, "cas": "0:00:00", "tezce_zran": 0, "pricina": "nezavin\u011bn\u00e1 \u0159idi\u010dem", "x": 16.570051, "y": 49.244845, "mesic": 3, "objectid": 717, "lehce_zran": 1}}, {"type": "Feature", "geometry": {"type": "Point", "coordinates": [16.666203, 49.183608]}, "properties": {"fid": 717, "den": 6, "usmrceno": 0, "druh": "sr\u00e1\u017eka s jedouc\u00edm nekolejov\u00fdm vozidlem", "rok": 2015, "hmotna_sko": 162000, "cas": "0:00:00", "tezce_zran": 0, "pricina": "p\u0159i odbo\u010dov\u00e1n\u00ed vlevo soub\u011b\u017en\u011b jedouc\u00edmu vozidlu", "x": 16.666203, "y": 49.183608, "mesic": 3, "objectid": 718, "lehce_zran": 2}}, {"type": "Feature", "geometry": {"type": "Point", "coordinates": [16.644254, 49.20044]}, "properties": {"fid": 718, "den": 25, "usmrceno": 0, "druh": "sr\u00e1\u017eka s jedouc\u00edm nekolejov\u00fdm vozidlem", "rok": 2015, "hmotna_sko": 0, "cas": "0:00:00", "tezce_zran": 0, "pricina": "p\u0159i p\u0159ej\u00ed\u017ed\u011bn\u00ed z jednoho j\u00edzdn\u00edho pruhu do druh\u00e9ho", "x": 16.644254, "y": 49.20044, "mesic": 3, "objectid": 719, "lehce_zran": 1}}, {"type": "Feature", "geometry": {"type": "Point", "coordinates": [16.60447, 49.183589]}, "properties": {"fid": 719, "den": 3, "usmrceno": 0, "druh": "jin\u00fd druh nehody", "rok": 2015, "hmotna_sko": 0, "cas": "0:00:00", "tezce_zran": 0, "pricina": "\u0159idi\u010d se pln\u011b nev\u011bnoval \u0159\u00edzen\u00ed vozidla", "x": 16.60447, "y": 49.183589, "mesic": 3, "objectid": 720, "lehce_zran": 1}}, {"type": "Feature", "geometry": {"type": "Point", "coordinates": [16.548325, 49.196628]}, "properties": {"fid": 720, "den": 17, "usmrceno": 0, "druh": "sr\u00e1\u017eka s jedouc\u00edm nekolejov\u00fdm vozidlem", "rok": 2015, "hmotna_sko": 12000, "cas": "0:00:00", "tezce_zran": 0, "pricina": "\u0159idi\u010d se pln\u011b nev\u011bnoval \u0159\u00edzen\u00ed vozidla", "x": 16.548325, "y": 49.196628, "mesic": 3, "objectid": 721, "lehce_zran": 1}}, {"type": "Feature", "geometry": {"type": "Point", "coordinates": [16.450635, 49.153774]}, "properties": {"fid": 722, "den": 18, "usmrceno": 0, "druh": "sr\u00e1\u017eka s lesn\u00ed zv\u011b\u0159\u00ed", "rok": 2015, "hmotna_sko": 30000, "cas": "0:00:00", "tezce_zran": 0, "pricina": "nezavin\u011bn\u00e1 \u0159idi\u010dem", "x": 16.450635, "y": 49.153774, "mesic": 3, "objectid": 723, "lehce_zran": 0}}, {"type": "Feature", "geometry": {"type": "Point", "coordinates": [16.518803, 49.231708]}, "properties": {"fid": 724, "den": 21, "usmrceno": 0, "druh": "sr\u00e1\u017eka s pevnou p\u0159ek\u00e1\u017ekou", "rok": 2015, "hmotna_sko": 160000, "cas": "0:00:00", "tezce_zran": 0, "pricina": "nep\u0159izp\u016fsoben\u00ed rychlosti dopravn\u011b technick\u00e9mu stavu vozovky (zat\u00e1\u010dka, kles\u00e1n\u00ed, stoup\u00e1n\u00ed, \u0161\u00ed\u0159ka vozovky apod.)", "x": 16.518803, "y": 49.231708, "mesic": 3, "objectid": 725, "lehce_zran": 0}}, {"type": "Feature", "geometry": {"type": "Point", "coordinates": [16.623148, 49.191239]}, "properties": {"fid": 726, "den": 16, "usmrceno": 0, "druh": "sr\u00e1\u017eka s jedouc\u00edm nekolejov\u00fdm vozidlem", "rok": 2015, "hmotna_sko": 10000, "cas": "0:00:00", "tezce_zran": 0, "pricina": "nedodr\u017een\u00ed bezpe\u010dn\u00e9 vzd\u00e1lenosti za vozidlem", "x": 16.623148, "y": 49.191239, "mesic": 3, "objectid": 727, "lehce_zran": 0}}, {"type": "Feature", "geometry": {"type": "Point", "coordinates": [16.476265, 49.184333]}, "properties": {"fid": 728, "den": 19, "usmrceno": 0, "druh": "sr\u00e1\u017eka s jedouc\u00edm nekolejov\u00fdm vozidlem", "rok": 2015, "hmotna_sko": 140000, "cas": "0:00:00", "tezce_zran": 0, "pricina": "\u0159idi\u010d se pln\u011b nev\u011bnoval \u0159\u00edzen\u00ed vozidla", "x": 16.476265, "y": 49.184333, "mesic": 3, "objectid": 729, "lehce_zran": 0}}, {"type": "Feature", "geometry": {"type": "Point", "coordinates": [16.580661, 49.183826]}, "properties": {"fid": 729, "den": 6, "usmrceno": 0, "druh": "sr\u00e1\u017eka s vozidlem zaparkovan\u00fdm, odstaven\u00fdm", "rok": 2015, "hmotna_sko": 10000, "cas": "0:00:00", "tezce_zran": 0, "pricina": "\u0159idi\u010d se pln\u011b nev\u011bnoval \u0159\u00edzen\u00ed vozidla", "x": 16.580661, "y": 49.183826, "mesic": 3, "objectid": 730, "lehce_zran": 0}}, {"type": "Feature", "geometry": {"type": "Point", "coordinates": [16.68915, 49.179331]}, "properties": {"fid": 730, "den": 7, "usmrceno": 0, "druh": "sr\u00e1\u017eka s pevnou p\u0159ek\u00e1\u017ekou", "rok": 2015, "hmotna_sko": 6000, "cas": "0:00:00", "tezce_zran": 0, "pricina": "nep\u0159izp\u016fsoben\u00ed rychlosti dopravn\u011b technick\u00e9mu stavu vozovky (zat\u00e1\u010dka, kles\u00e1n\u00ed, stoup\u00e1n\u00ed, \u0161\u00ed\u0159ka vozovky apod.)", "x": 16.68915, "y": 49.179331, "mesic": 3, "objectid": 731, "lehce_zran": 0}}, {"type": "Feature", "geometry": {"type": "Point", "coordinates": [16.568843, 49.081615]}, "properties": {"fid": 731, "den": 16, "usmrceno": 0, "druh": "sr\u00e1\u017eka s lesn\u00ed zv\u011b\u0159\u00ed", "rok": 2015, "hmotna_sko": 58000, "cas": "0:00:00", "tezce_zran": 0, "pricina": "nezavin\u011bn\u00e1 \u0159idi\u010dem", "x": 16.568843, "y": 49.081615, "mesic": 3, "objectid": 732, "lehce_zran": 0}}, {"type": "Feature", "geometry": {"type": "Point", "coordinates": [16.589274, 49.251956]}, "properties": {"fid": 732, "den": 15, "usmrceno": 0, "druh": "sr\u00e1\u017eka s pevnou p\u0159ek\u00e1\u017ekou", "rok": 2015, "hmotna_sko": 21000, "cas": "0:00:00", "tezce_zran": 0, "pricina": "nep\u0159izp\u016fsoben\u00ed rychlosti dopravn\u011b technick\u00e9mu stavu vozovky (zat\u00e1\u010dka, kles\u00e1n\u00ed, stoup\u00e1n\u00ed, \u0161\u00ed\u0159ka vozovky apod.)", "x": 16.589274, "y": 49.251956, "mesic": 3, "objectid": 733, "lehce_zran": 0}}, {"type": "Feature", "geometry": {"type": "Point", "coordinates": [16.776997, 49.109597]}, "properties": {"fid": 733, "den": 18, "usmrceno": 0, "druh": "jin\u00fd druh nehody", "rok": 2015, "hmotna_sko": 15000, "cas": "0:00:00", "tezce_zran": 0, "pricina": "nep\u0159izp\u016fsoben\u00ed rychlosti dopravn\u011b technick\u00e9mu stavu vozovky (zat\u00e1\u010dka, kles\u00e1n\u00ed, stoup\u00e1n\u00ed, \u0161\u00ed\u0159ka vozovky apod.)", "x": 16.776997, "y": 49.109597, "mesic": 3, "objectid": 734, "lehce_zran": 0}}, {"type": "Feature", "geometry": {"type": "Point", "coordinates": [16.480741, 49.292171]}, "properties": {"fid": 736, "den": 23, "usmrceno": 0, "druh": "sr\u00e1\u017eka s lesn\u00ed zv\u011b\u0159\u00ed", "rok": 2015, "hmotna_sko": 52000, "cas": "0:00:00", "tezce_zran": 0, "pricina": "nezavin\u011bn\u00e1 \u0159idi\u010dem", "x": 16.480741, "y": 49.292171, "mesic": 3, "objectid": 737, "lehce_zran": 0}}, {"type": "Feature", "geometry": {"type": "Point", "coordinates": [16.539495, 49.174085]}, "properties": {"fid": 737, "den": 20, "usmrceno": 0, "druh": "sr\u00e1\u017eka s lesn\u00ed zv\u011b\u0159\u00ed", "rok": 2015, "hmotna_sko": 25000, "cas": "0:00:00", "tezce_zran": 0, "pricina": "nezavin\u011bn\u00e1 \u0159idi\u010dem", "x": 16.539495, "y": 49.174085, "mesic": 3, "objectid": 738, "lehce_zran": 0}}, {"type": "Feature", "geometry": {"type": "Point", "coordinates": [16.605188, 49.192082]}, "properties": {"fid": 738, "den": 25, "usmrceno": 0, "druh": "sr\u00e1\u017eka s pevnou p\u0159ek\u00e1\u017ekou", "rok": 2015, "hmotna_sko": 5000, "cas": "0:00:00", "tezce_zran": 0, "pricina": "nespr\u00e1vn\u00e9 ot\u00e1\u010den\u00ed nebo couv\u00e1n\u00ed", "x": 16.605188, "y": 49.192082, "mesic": 3, "objectid": 739, "lehce_zran": 0}}, {"type": "Feature", "geometry": {"type": "Point", "coordinates": [16.451658, 49.190027]}, "properties": {"fid": 739, "den": 19, "usmrceno": 0, "druh": "sr\u00e1\u017eka s jedouc\u00edm nekolejov\u00fdm vozidlem", "rok": 2015, "hmotna_sko": 160000, "cas": "0:00:00", "tezce_zran": 0, "pricina": "proti p\u0159\u00edkazu dopravn\u00ed zna\u010dky dej p\u0159ednost", "x": 16.451658, "y": 49.190027, "mesic": 3, "objectid": 740, "lehce_zran": 0}}, {"type": "Feature", "geometry": {"type": "Point", "coordinates": [16.605628, 49.159112]}, "properties": {"fid": 741, "den": 6, "usmrceno": 0, "druh": "sr\u00e1\u017eka s jedouc\u00edm nekolejov\u00fdm vozidlem", "rok": 2015, "hmotna_sko": 550000, "cas": "0:00:00", "tezce_zran": 0, "pricina": "nep\u0159izp\u016fsoben\u00ed rychlosti intenzit\u011b (hustot\u011b) provozu", "x": 16.605628, "y": 49.159112, "mesic": 3, "objectid": 742, "lehce_zran": 0}}, {"type": "Feature", "geometry": {"type": "Point", "coordinates": [16.60541, 49.199365]}, "properties": {"fid": 743, "den": 19, "usmrceno": 0, "druh": "sr\u00e1\u017eka s jedouc\u00edm nekolejov\u00fdm vozidlem", "rok": 2015, "hmotna_sko": 40000, "cas": "0:00:00", "tezce_zran": 0, "pricina": "\u0159idi\u010d se pln\u011b nev\u011bnoval \u0159\u00edzen\u00ed vozidla", "x": 16.60541, "y": 49.199365, "mesic": 3, "objectid": 744, "lehce_zran": 0}}, {"type": "Feature", "geometry": {"type": "Point", "coordinates": [16.607318, 49.191542]}, "properties": {"fid": 744, "den": 18, "usmrceno": 0, "druh": "sr\u00e1\u017eka s pevnou p\u0159ek\u00e1\u017ekou", "rok": 2015, "hmotna_sko": 20000, "cas": "0:00:00", "tezce_zran": 0, "pricina": "\u0159idi\u010d se pln\u011b nev\u011bnoval \u0159\u00edzen\u00ed vozidla", "x": 16.607318, "y": 49.191542, "mesic": 3, "objectid": 745, "lehce_zran": 0}}, {"type": "Feature", "geometry": {"type": "Point", "coordinates": [16.571108, 49.208689]}, "properties": {"fid": 746, "den": 31, "usmrceno": 0, "druh": "sr\u00e1\u017eka s jedouc\u00edm nekolejov\u00fdm vozidlem", "rok": 2015, "hmotna_sko": 80000, "cas": "0:00:00", "tezce_zran": 0, "pricina": "p\u0159i p\u0159ej\u00ed\u017ed\u011bn\u00ed z jednoho j\u00edzdn\u00edho pruhu do druh\u00e9ho", "x": 16.571108, "y": 49.208689, "mesic": 3, "objectid": 747, "lehce_zran": 0}}, {"type": "Feature", "geometry": {"type": "Point", "coordinates": [16.603841, 49.171087]}, "properties": {"fid": 749, "den": 30, "usmrceno": 0, "druh": "sr\u00e1\u017eka s vozidlem zaparkovan\u00fdm, odstaven\u00fdm", "rok": 2015, "hmotna_sko": 160000, "cas": "0:00:00", "tezce_zran": 0, "pricina": "nep\u0159izp\u016fsoben\u00ed rychlosti stavu vozovky (n\u00e1led\u00ed, v\u00fdtluky, bl\u00e1to, mokr\u00fd povrch apod.)", "x": 16.603841, "y": 49.171087, "mesic": 3, "objectid": 750, "lehce_zran": 0}}, {"type": "Feature", "geometry": {"type": "Point", "coordinates": [16.551764, 49.174048]}, "properties": {"fid": 750, "den": 27, "usmrceno": 0, "druh": "sr\u00e1\u017eka s jedouc\u00edm nekolejov\u00fdm vozidlem", "rok": 2015, "hmotna_sko": 80000, "cas": "0:00:00", "tezce_zran": 0, "pricina": "p\u0159i vj\u00ed\u017ed\u011bn\u00ed na silnici", "x": 16.551764, "y": 49.174048, "mesic": 3, "objectid": 751, "lehce_zran": 0}}, {"type": "Feature", "geometry": {"type": "Point", "coordinates": [16.60617, 49.177832]}, "properties": {"fid": 751, "den": 10, "usmrceno": 0, "druh": "sr\u00e1\u017eka s pevnou p\u0159ek\u00e1\u017ekou", "rok": 2015, "hmotna_sko": 200000, "cas": "0:00:00", "tezce_zran": 0, "pricina": "\u0159idi\u010d se pln\u011b nev\u011bnoval \u0159\u00edzen\u00ed vozidla", "x": 16.60617, "y": 49.177832, "mesic": 3, "objectid": 752, "lehce_zran": 0}}, {"type": "Feature", "geometry": {"type": "Point", "coordinates": [16.790122, 49.144645]}, "properties": {"fid": 753, "den": 2, "usmrceno": 0, "druh": "sr\u00e1\u017eka s pevnou p\u0159ek\u00e1\u017ekou", "rok": 2015, "hmotna_sko": 45000, "cas": "0:00:00", "tezce_zran": 0, "pricina": "j\u00edzda po nespr\u00e1vn\u00e9 stran\u011b vozovky, vjet\u00ed do protism\u011bru", "x": 16.790122, "y": 49.144645, "mesic": 3, "objectid": 754, "lehce_zran": 0}}, {"type": "Feature", "geometry": {"type": "Point", "coordinates": [16.623406, 49.049694]}, "properties": {"fid": 755, "den": 29, "usmrceno": 0, "druh": "sr\u00e1\u017eka s pevnou p\u0159ek\u00e1\u017ekou", "rok": 2015, "hmotna_sko": 15000, "cas": "0:00:00", "tezce_zran": 0, "pricina": "nezvl\u00e1dnut\u00ed \u0159\u00edzen\u00ed vozidla", "x": 16.623406, "y": 49.049694, "mesic": 3, "objectid": 756, "lehce_zran": 0}}, {"type": "Feature", "geometry": {"type": "Point", "coordinates": [16.482074, 49.182274]}, "properties": {"fid": 756, "den": 13, "usmrceno": 0, "druh": "sr\u00e1\u017eka s pevnou p\u0159ek\u00e1\u017ekou", "rok": 2015, "hmotna_sko": 31000, "cas": "0:00:00", "tezce_zran": 0, "pricina": "nespr\u00e1vn\u00e9 ot\u00e1\u010den\u00ed nebo couv\u00e1n\u00ed", "x": 16.482074, "y": 49.182274, "mesic": 3, "objectid": 757, "lehce_zran": 0}}, {"type": "Feature", "geometry": {"type": "Point", "coordinates": [16.648423, 49.188396]}, "properties": {"fid": 757, "den": 26, "usmrceno": 0, "druh": "sr\u00e1\u017eka s lesn\u00ed zv\u011b\u0159\u00ed", "rok": 2015, "hmotna_sko": 65000, "cas": "0:00:00", "tezce_zran": 0, "pricina": "nezavin\u011bn\u00e1 \u0159idi\u010dem", "x": 16.648423, "y": 49.188396, "mesic": 3, "objectid": 758, "lehce_zran": 0}}, {"type": "Feature", "geometry": {"type": "Point", "coordinates": [16.571815, 49.160994]}, "properties": {"fid": 758, "den": 31, "usmrceno": 0, "druh": "sr\u00e1\u017eka s pevnou p\u0159ek\u00e1\u017ekou", "rok": 2015, "hmotna_sko": 2000, "cas": "0:00:00", "tezce_zran": 0, "pricina": "nespr\u00e1vn\u00e9 ot\u00e1\u010den\u00ed nebo couv\u00e1n\u00ed", "x": 16.571815, "y": 49.160994, "mesic": 3, "objectid": 759, "lehce_zran": 0}}, {"type": "Feature", "geometry": {"type": "Point", "coordinates": [16.736013, 49.182722]}, "properties": {"fid": 759, "den": 24, "usmrceno": 0, "druh": "sr\u00e1\u017eka s jedouc\u00edm nekolejov\u00fdm vozidlem", "rok": 2015, "hmotna_sko": 252000, "cas": "0:00:00", "tezce_zran": 0, "pricina": "nedodr\u017een\u00ed bezpe\u010dn\u00e9 vzd\u00e1lenosti za vozidlem", "x": 16.736013, "y": 49.182722, "mesic": 3, "objectid": 760, "lehce_zran": 0}}, {"type": "Feature", "geometry": {"type": "Point", "coordinates": [16.532917, 49.17402]}, "properties": {"fid": 760, "den": 24, "usmrceno": 0, "druh": "nehoda", "rok": 2015, "hmotna_sko": 102000, "cas": "0:00:00", "tezce_zran": 0, "pricina": "nep\u0159izp\u016fsoben\u00ed rychlosti dopravn\u011b technick\u00e9mu stavu vozovky (zat\u00e1\u010dka, kles\u00e1n\u00ed, stoup\u00e1n\u00ed, \u0161\u00ed\u0159ka vozovky apod.)", "x": 16.532917, "y": 49.17402, "mesic": 3, "objectid": 761, "lehce_zran": 0}}, {"type": "Feature", "geometry": {"type": "Point", "coordinates": [16.585799, 49.188795]}, "properties": {"fid": 761, "den": 24, "usmrceno": 0, "druh": "sr\u00e1\u017eka s jedouc\u00edm nekolejov\u00fdm vozidlem", "rok": 2015, "hmotna_sko": 4000, "cas": "0:00:00", "tezce_zran": 0, "pricina": "\u0159idi\u010d se pln\u011b nev\u011bnoval \u0159\u00edzen\u00ed vozidla", "x": 16.585799, "y": 49.188795, "mesic": 3, "objectid": 762, "lehce_zran": 0}}, {"type": "Feature", "geometry": {"type": "Point", "coordinates": [16.624701, 49.208065]}, "properties": {"fid": 763, "den": 13, "usmrceno": 0, "druh": "sr\u00e1\u017eka s vozidlem zaparkovan\u00fdm, odstaven\u00fdm", "rok": 2015, "hmotna_sko": 15000, "cas": "0:00:00", "tezce_zran": 0, "pricina": "samovoln\u00e9 rozjet\u00ed nezaji\u0161t\u011bn\u00e9ho vozidla", "x": 16.624701, "y": 49.208065, "mesic": 3, "objectid": 764, "lehce_zran": 0}}, {"type": "Feature", "geometry": {"type": "Point", "coordinates": [16.687478, 49.176963]}, "properties": {"fid": 764, "den": 30, "usmrceno": 0, "druh": "sr\u00e1\u017eka s pevnou p\u0159ek\u00e1\u017ekou", "rok": 2015, "hmotna_sko": 30000, "cas": "0:00:00", "tezce_zran": 0, "pricina": "samovoln\u00e9 rozjet\u00ed nezaji\u0161t\u011bn\u00e9ho vozidla", "x": 16.687478, "y": 49.176963, "mesic": 3, "objectid": 765, "lehce_zran": 0}}, {"type": "Feature", "geometry": {"type": "Point", "coordinates": [16.611985, 49.193866]}, "properties": {"fid": 765, "den": 23, "usmrceno": 0, "druh": "sr\u00e1\u017eka s pevnou p\u0159ek\u00e1\u017ekou", "rok": 2015, "hmotna_sko": 20000, "cas": "0:00:00", "tezce_zran": 0, "pricina": "\u0159idi\u010d se pln\u011b nev\u011bnoval \u0159\u00edzen\u00ed vozidla", "x": 16.611985, "y": 49.193866, "mesic": 3, "objectid": 766, "lehce_zran": 0}}, {"type": "Feature", "geometry": {"type": "Point", "coordinates": [16.615743, 49.196171]}, "properties": {"fid": 766, "den": 23, "usmrceno": 0, "druh": "sr\u00e1\u017eka s jedouc\u00edm nekolejov\u00fdm vozidlem", "rok": 2015, "hmotna_sko": 70000, "cas": "0:00:00", "tezce_zran": 0, "pricina": "p\u0159i odbo\u010dov\u00e1n\u00ed vlevo", "x": 16.615743, "y": 49.196171, "mesic": 3, "objectid": 767, "lehce_zran": 0}}, {"type": "Feature", "geometry": {"type": "Point", "coordinates": [16.523247, 49.228152]}, "properties": {"fid": 767, "den": 20, "usmrceno": 0, "druh": "sr\u00e1\u017eka s jedouc\u00edm nekolejov\u00fdm vozidlem", "rok": 2015, "hmotna_sko": 60000, "cas": "0:00:00", "tezce_zran": 0, "pricina": "proti p\u0159\u00edkazu dopravn\u00ed zna\u010dky dej p\u0159ednost", "x": 16.523247, "y": 49.228152, "mesic": 3, "objectid": 768, "lehce_zran": 0}}, {"type": "Feature", "geometry": {"type": "Point", "coordinates": [16.601599, 49.070149]}, "properties": {"fid": 769, "den": 16, "usmrceno": 0, "druh": "sr\u00e1\u017eka s jedouc\u00edm nekolejov\u00fdm vozidlem", "rok": 2015, "hmotna_sko": 240000, "cas": "0:00:00", "tezce_zran": 0, "pricina": "jin\u00e9 ned\u00e1n\u00ed p\u0159ednosti", "x": 16.601599, "y": 49.070149, "mesic": 3, "objectid": 770, "lehce_zran": 0}}, {"type": "Feature", "geometry": {"type": "Point", "coordinates": [16.755319, 49.043774]}, "properties": {"fid": 771, "den": 10, "usmrceno": 0, "druh": "sr\u00e1\u017eka s jedouc\u00edm nekolejov\u00fdm vozidlem", "rok": 2015, "hmotna_sko": 190000, "cas": "0:00:00", "tezce_zran": 0, "pricina": "p\u0159i p\u0159edj\u00ed\u017ed\u011bn\u00ed do\u0161lo k ohro\u017een\u00ed protijedouc\u00edho \u0159idi\u010de vozidla (\u0161patn\u00fd odhad vzd\u00e1lenosti pot\u0159ebn\u00e9 k p\u0159edjet\u00ed apod.)", "x": 16.755319, "y": 49.043774, "mesic": 3, "objectid": 772, "lehce_zran": 0}}, {"type": "Feature", "geometry": {"type": "Point", "coordinates": [16.586531, 49.223546]}, "properties": {"fid": 772, "den": 17, "usmrceno": 0, "druh": "sr\u00e1\u017eka s vozidlem zaparkovan\u00fdm, odstaven\u00fdm", "rok": 2015, "hmotna_sko": 15000, "cas": "0:00:00", "tezce_zran": 0, "pricina": "\u0159idi\u010d se pln\u011b nev\u011bnoval \u0159\u00edzen\u00ed vozidla", "x": 16.586531, "y": 49.223546, "mesic": 3, "objectid": 773, "lehce_zran": 0}}, {"type": "Feature", "geometry": {"type": "Point", "coordinates": [16.59459, 49.184116]}, "properties": {"fid": 773, "den": 19, "usmrceno": 0, "druh": "sr\u00e1\u017eka s vozidlem zaparkovan\u00fdm, odstaven\u00fdm", "rok": 2015, "hmotna_sko": 8000, "cas": "0:00:00", "tezce_zran": 0, "pricina": "\u0159idi\u010d se pln\u011b nev\u011bnoval \u0159\u00edzen\u00ed vozidla", "x": 16.59459, "y": 49.184116, "mesic": 3, "objectid": 774, "lehce_zran": 0}}, {"type": "Feature", "geometry": {"type": "Point", "coordinates": [16.691106, 49.208783]}, "properties": {"fid": 774, "den": 30, "usmrceno": 0, "druh": "sr\u00e1\u017eka s vozidlem zaparkovan\u00fdm, odstaven\u00fdm", "rok": 2015, "hmotna_sko": 15000, "cas": "0:00:00", "tezce_zran": 0, "pricina": "\u0159idi\u010d se pln\u011b nev\u011bnoval \u0159\u00edzen\u00ed vozidla", "x": 16.691106, "y": 49.208783, "mesic": 3, "objectid": 775, "lehce_zran": 0}}, {"type": "Feature", "geometry": {"type": "Point", "coordinates": [16.651493, 49.108678]}, "properties": {"fid": 775, "den": 17, "usmrceno": 0, "druh": "sr\u00e1\u017eka s lesn\u00ed zv\u011b\u0159\u00ed", "rok": 2015, "hmotna_sko": 10000, "cas": "0:00:00", "tezce_zran": 0, "pricina": "nezavin\u011bn\u00e1 \u0159idi\u010dem", "x": 16.651493, "y": 49.108678, "mesic": 3, "objectid": 776, "lehce_zran": 0}}, {"type": "Feature", "geometry": {"type": "Point", "coordinates": [16.413564, 49.181934]}, "properties": {"fid": 777, "den": 23, "usmrceno": 0, "druh": "sr\u00e1\u017eka s pevnou p\u0159ek\u00e1\u017ekou", "rok": 2015, "hmotna_sko": 200000, "cas": "0:00:00", "tezce_zran": 0, "pricina": "vjet\u00ed na nezpevn\u011bnou komunikaci", "x": 16.413564, "y": 49.181934, "mesic": 3, "objectid": 778, "lehce_zran": 0}}, {"type": "Feature", "geometry": {"type": "Point", "coordinates": [16.537542, 49.188729]}, "properties": {"fid": 779, "den": 24, "usmrceno": 0, "druh": "sr\u00e1\u017eka s vozidlem zaparkovan\u00fdm, odstaven\u00fdm", "rok": 2015, "hmotna_sko": 15000, "cas": "0:00:00", "tezce_zran": 0, "pricina": "nespr\u00e1vn\u00e9 ot\u00e1\u010den\u00ed nebo couv\u00e1n\u00ed", "x": 16.537542, "y": 49.188729, "mesic": 3, "objectid": 780, "lehce_zran": 0}}, {"type": "Feature", "geometry": {"type": "Point", "coordinates": [16.487876, 49.177525]}, "properties": {"fid": 780, "den": 24, "usmrceno": 0, "druh": "sr\u00e1\u017eka s pevnou p\u0159ek\u00e1\u017ekou", "rok": 2015, "hmotna_sko": 21000, "cas": "0:00:00", "tezce_zran": 0, "pricina": "\u0159idi\u010d se pln\u011b nev\u011bnoval \u0159\u00edzen\u00ed vozidla", "x": 16.487876, "y": 49.177525, "mesic": 3, "objectid": 781, "lehce_zran": 0}}, {"type": "Feature", "geometry": {"type": "Point", "coordinates": [16.592812, 49.181988]}, "properties": {"fid": 781, "den": 4, "usmrceno": 0, "druh": "sr\u00e1\u017eka s vozidlem zaparkovan\u00fdm, odstaven\u00fdm", "rok": 2015, "hmotna_sko": 21000, "cas": "0:00:00", "tezce_zran": 0, "pricina": "\u0159idi\u010d se pln\u011b nev\u011bnoval \u0159\u00edzen\u00ed vozidla", "x": 16.592812, "y": 49.181988, "mesic": 3, "objectid": 782, "lehce_zran": 0}}, {"type": "Feature", "geometry": {"type": "Point", "coordinates": [16.543243, 49.297638]}, "properties": {"fid": 782, "den": 16, "usmrceno": 0, "druh": "sr\u00e1\u017eka s jedouc\u00edm nekolejov\u00fdm vozidlem", "rok": 2015, "hmotna_sko": 20000, "cas": "0:00:00", "tezce_zran": 0, "pricina": "p\u0159i odbo\u010dov\u00e1n\u00ed vlevo", "x": 16.543243, "y": 49.297638, "mesic": 3, "objectid": 783, "lehce_zran": 0}}, {"type": "Feature", "geometry": {"type": "Point", "coordinates": [16.662627, 49.293677]}, "properties": {"fid": 783, "den": 6, "usmrceno": 0, "druh": "nehoda", "rok": 2015, "hmotna_sko": 82000, "cas": "0:00:00", "tezce_zran": 0, "pricina": "nep\u0159izp\u016fsoben\u00ed rychlosti dopravn\u011b technick\u00e9mu stavu vozovky (zat\u00e1\u010dka, kles\u00e1n\u00ed, stoup\u00e1n\u00ed, \u0161\u00ed\u0159ka vozovky apod.)", "x": 16.662627, "y": 49.293677, "mesic": 3, "objectid": 784, "lehce_zran": 0}}, {"type": "Feature", "geometry": {"type": "Point", "coordinates": [16.486424, 49.249455]}, "properties": {"fid": 784, "den": 16, "usmrceno": 0, "druh": "sr\u00e1\u017eka s pevnou p\u0159ek\u00e1\u017ekou", "rok": 2015, "hmotna_sko": 41000, "cas": "0:00:00", "tezce_zran": 0, "pricina": "nezavin\u011bn\u00e1 \u0159idi\u010dem", "x": 16.486424, "y": 49.249455, "mesic": 3, "objectid": 785, "lehce_zran": 0}}, {"type": "Feature", "geometry": {"type": "Point", "coordinates": [16.564261, 49.212244]}, "properties": {"fid": 785, "den": 27, "usmrceno": 0, "druh": "sr\u00e1\u017eka s jedouc\u00edm nekolejov\u00fdm vozidlem", "rok": 2015, "hmotna_sko": 155000, "cas": "0:00:00", "tezce_zran": 0, "pricina": "nedodr\u017een\u00ed bezpe\u010dn\u00e9 vzd\u00e1lenosti za vozidlem", "x": 16.564261, "y": 49.212244, "mesic": 3, "objectid": 786, "lehce_zran": 0}}, {"type": "Feature", "geometry": {"type": "Point", "coordinates": [16.617795, 49.219086]}, "properties": {"fid": 786, "den": 26, "usmrceno": 0, "druh": "sr\u00e1\u017eka s pevnou p\u0159ek\u00e1\u017ekou", "rok": 2015, "hmotna_sko": 10000, "cas": "0:00:00", "tezce_zran": 0, "pricina": "\u0159idi\u010d se pln\u011b nev\u011bnoval \u0159\u00edzen\u00ed vozidla", "x": 16.617795, "y": 49.219086, "mesic": 3, "objectid": 787, "lehce_zran": 0}}, {"type": "Feature", "geometry": {"type": "Point", "coordinates": [16.608239, 49.204714]}, "properties": {"fid": 790, "den": 14, "usmrceno": 0, "druh": "sr\u00e1\u017eka s vozidlem zaparkovan\u00fdm, odstaven\u00fdm", "rok": 2015, "hmotna_sko": 22000, "cas": "0:00:00", "tezce_zran": 0, "pricina": "samovoln\u00e9 rozjet\u00ed nezaji\u0161t\u011bn\u00e9ho vozidla", "x": 16.608239, "y": 49.204714, "mesic": 3, "objectid": 791, "lehce_zran": 0}}, {"type": "Feature", "geometry": {"type": "Point", "coordinates": [16.653749, 49.15359]}, "properties": {"fid": 791, "den": 15, "usmrceno": 0, "druh": "sr\u00e1\u017eka s pevnou p\u0159ek\u00e1\u017ekou", "rok": 2015, "hmotna_sko": 58000, "cas": "0:00:00", "tezce_zran": 0, "pricina": "nep\u0159izp\u016fsoben\u00ed rychlosti dopravn\u011b technick\u00e9mu stavu vozovky (zat\u00e1\u010dka, kles\u00e1n\u00ed, stoup\u00e1n\u00ed, \u0161\u00ed\u0159ka vozovky apod.)", "x": 16.653749, "y": 49.15359, "mesic": 3, "objectid": 792, "lehce_zran": 0}}, {"type": "Feature", "geometry": {"type": "Point", "coordinates": [16.528566, 49.297874]}, "properties": {"fid": 792, "den": 17, "usmrceno": 0, "druh": "sr\u00e1\u017eka s pevnou p\u0159ek\u00e1\u017ekou", "rok": 2015, "hmotna_sko": 65000, "cas": "0:00:00", "tezce_zran": 0, "pricina": "\u0159idi\u010d se pln\u011b nev\u011bnoval \u0159\u00edzen\u00ed vozidla", "x": 16.528566, "y": 49.297874, "mesic": 3, "objectid": 793, "lehce_zran": 0}}, {"type": "Feature", "geometry": {"type": "Point", "coordinates": [16.564692, 49.177064]}, "properties": {"fid": 794, "den": 9, "usmrceno": 0, "druh": "sr\u00e1\u017eka s vozidlem zaparkovan\u00fdm, odstaven\u00fdm", "rok": 2015, "hmotna_sko": 5000, "cas": "0:00:00", "tezce_zran": 0, "pricina": "\u0159idi\u010d se pln\u011b nev\u011bnoval \u0159\u00edzen\u00ed vozidla", "x": 16.564692, "y": 49.177064, "mesic": 3, "objectid": 795, "lehce_zran": 0}}, {"type": "Feature", "geometry": {"type": "Point", "coordinates": [16.617774, 49.192011]}, "properties": {"fid": 797, "den": 21, "usmrceno": 0, "druh": "sr\u00e1\u017eka s vozidlem zaparkovan\u00fdm, odstaven\u00fdm", "rok": 2015, "hmotna_sko": 5100, "cas": "0:00:00", "tezce_zran": 0, "pricina": "\u0159idi\u010d se pln\u011b nev\u011bnoval \u0159\u00edzen\u00ed vozidla", "x": 16.617774, "y": 49.192011, "mesic": 3, "objectid": 798, "lehce_zran": 0}}, {"type": "Feature", "geometry": {"type": "Point", "coordinates": [16.598653, 49.182661]}, "properties": {"fid": 798, "den": 24, "usmrceno": 0, "druh": "sr\u00e1\u017eka s vozidlem zaparkovan\u00fdm, odstaven\u00fdm", "rok": 2015, "hmotna_sko": 11000, "cas": "0:00:00", "tezce_zran": 0, "pricina": "\u0159idi\u010d se pln\u011b nev\u011bnoval \u0159\u00edzen\u00ed vozidla", "x": 16.598653, "y": 49.182661, "mesic": 3, "objectid": 799, "lehce_zran": 0}}, {"type": "Feature", "geometry": {"type": "Point", "coordinates": [16.632734, 49.283709]}, "properties": {"fid": 800, "den": 29, "usmrceno": 0, "druh": "sr\u00e1\u017eka s lesn\u00ed zv\u011b\u0159\u00ed", "rok": 2015, "hmotna_sko": 31000, "cas": "0:00:00", "tezce_zran": 0, "pricina": "nezavin\u011bn\u00e1 \u0159idi\u010dem", "x": 16.632734, "y": 49.283709, "mesic": 3, "objectid": 801, "lehce_zran": 0}}, {"type": "Feature", "geometry": {"type": "Point", "coordinates": [16.61852, 49.184402]}, "properties": {"fid": 801, "den": 31, "usmrceno": 0, "druh": "sr\u00e1\u017eka s jedouc\u00edm nekolejov\u00fdm vozidlem", "rok": 2015, "hmotna_sko": 50000, "cas": "0:00:00", "tezce_zran": 0, "pricina": "proti p\u0159\u00edkazu dopravn\u00ed zna\u010dky dej p\u0159ednost", "x": 16.61852, "y": 49.184402, "mesic": 3, "objectid": 802, "lehce_zran": 0}}, {"type": "Feature", "geometry": {"type": "Point", "coordinates": [16.680213, 49.165424]}, "properties": {"fid": 805, "den": 27, "usmrceno": 0, "druh": "sr\u00e1\u017eka s vozidlem zaparkovan\u00fdm, odstaven\u00fdm", "rok": 2015, "hmotna_sko": 15000, "cas": "0:00:00", "tezce_zran": 0, "pricina": "\u0159idi\u010d se pln\u011b nev\u011bnoval \u0159\u00edzen\u00ed vozidla", "x": 16.680213, "y": 49.165424, "mesic": 3, "objectid": 806, "lehce_zran": 0}}, {"type": "Feature", "geometry": {"type": "Point", "coordinates": [16.637708, 49.217897]}, "properties": {"fid": 806, "den": 28, "usmrceno": 0, "druh": "sr\u00e1\u017eka s dom\u00e1c\u00edm zv\u00ed\u0159etem", "rok": 2015, "hmotna_sko": 30000, "cas": "0:00:00", "tezce_zran": 0, "pricina": "nezavin\u011bn\u00e1 \u0159idi\u010dem", "x": 16.637708, "y": 49.217897, "mesic": 3, "objectid": 807, "lehce_zran": 0}}, {"type": "Feature", "geometry": {"type": "Point", "coordinates": [16.565926, 49.21243]}, "properties": {"fid": 807, "den": 27, "usmrceno": 0, "druh": "sr\u00e1\u017eka s jedouc\u00edm nekolejov\u00fdm vozidlem", "rok": 2015, "hmotna_sko": 10000, "cas": "0:00:00", "tezce_zran": 0, "pricina": "chyby p\u0159i ud\u00e1n\u00ed sm\u011bru j\u00edzdy", "x": 16.565926, "y": 49.21243, "mesic": 3, "objectid": 808, "lehce_zran": 0}}, {"type": "Feature", "geometry": {"type": "Point", "coordinates": [16.624661, 49.22209]}, "properties": {"fid": 808, "den": 19, "usmrceno": 0, "druh": "sr\u00e1\u017eka s vozidlem zaparkovan\u00fdm, odstaven\u00fdm", "rok": 2015, "hmotna_sko": 10000, "cas": "0:00:00", "tezce_zran": 0, "pricina": "\u0159idi\u010d se pln\u011b nev\u011bnoval \u0159\u00edzen\u00ed vozidla", "x": 16.624661, "y": 49.22209, "mesic": 3, "objectid": 809, "lehce_zran": 0}}, {"type": "Feature", "geometry": {"type": "Point", "coordinates": [16.623476, 49.16644]}, "properties": {"fid": 809, "den": 29, "usmrceno": 0, "druh": "sr\u00e1\u017eka s chodcem", "rok": 2015, "hmotna_sko": 2000, "cas": "0:00:00", "tezce_zran": 0, "pricina": "chodci na vyzna\u010den\u00e9m p\u0159echodu", "x": 16.623476, "y": 49.16644, "mesic": 3, "objectid": 810, "lehce_zran": 0}}, {"type": "Feature", "geometry": {"type": "Point", "coordinates": [16.617042, 49.199396]}, "properties": {"fid": 811, "den": 10, "usmrceno": 0, "druh": "sr\u00e1\u017eka s vozidlem zaparkovan\u00fdm, odstaven\u00fdm", "rok": 2015, "hmotna_sko": 20000, "cas": "0:00:00", "tezce_zran": 0, "pricina": "\u0159idi\u010d se pln\u011b nev\u011bnoval \u0159\u00edzen\u00ed vozidla", "x": 16.617042, "y": 49.199396, "mesic": 3, "objectid": 812, "lehce_zran": 0}}, {"type": "Feature", "geometry": {"type": "Point", "coordinates": [16.542781, 49.219463]}, "properties": {"fid": 812, "den": 4, "usmrceno": 0, "druh": "sr\u00e1\u017eka s vozidlem zaparkovan\u00fdm, odstaven\u00fdm", "rok": 2015, "hmotna_sko": 70000, "cas": "0:00:00", "tezce_zran": 0, "pricina": "samovoln\u00e9 rozjet\u00ed nezaji\u0161t\u011bn\u00e9ho vozidla", "x": 16.542781, "y": 49.219463, "mesic": 3, "objectid": 813, "lehce_zran": 0}}, {"type": "Feature", "geometry": {"type": "Point", "coordinates": [16.548561, 49.016734]}, "properties": {"fid": 813, "den": 27, "usmrceno": 0, "druh": "sr\u00e1\u017eka s pevnou p\u0159ek\u00e1\u017ekou", "rok": 2015, "hmotna_sko": 105000, "cas": "0:00:00", "tezce_zran": 0, "pricina": "\u0159idi\u010d se pln\u011b nev\u011bnoval \u0159\u00edzen\u00ed vozidla", "x": 16.548561, "y": 49.016734, "mesic": 3, "objectid": 814, "lehce_zran": 0}}, {"type": "Feature", "geometry": {"type": "Point", "coordinates": [16.614947, 49.194362]}, "properties": {"fid": 815, "den": 23, "usmrceno": 0, "druh": "sr\u00e1\u017eka s vozidlem zaparkovan\u00fdm, odstaven\u00fdm", "rok": 2015, "hmotna_sko": 20000, "cas": "0:00:00", "tezce_zran": 0, "pricina": "\u0159idi\u010d se pln\u011b nev\u011bnoval \u0159\u00edzen\u00ed vozidla", "x": 16.614947, "y": 49.194362, "mesic": 3, "objectid": 816, "lehce_zran": 0}}, {"type": "Feature", "geometry": {"type": "Point", "coordinates": [16.71591, 49.095514]}, "properties": {"fid": 817, "den": 25, "usmrceno": 0, "druh": "sr\u00e1\u017eka s pevnou p\u0159ek\u00e1\u017ekou", "rok": 2015, "hmotna_sko": 410000, "cas": "0:00:00", "tezce_zran": 0, "pricina": "\u0159idi\u010d se pln\u011b nev\u011bnoval \u0159\u00edzen\u00ed vozidla", "x": 16.71591, "y": 49.095514, "mesic": 3, "objectid": 818, "lehce_zran": 0}}, {"type": "Feature", "geometry": {"type": "Point", "coordinates": [16.619329, 49.199505]}, "properties": {"fid": 818, "den": 25, "usmrceno": 0, "druh": "sr\u00e1\u017eka s jedouc\u00edm nekolejov\u00fdm vozidlem", "rok": 2015, "hmotna_sko": 43000, "cas": "0:00:00", "tezce_zran": 0, "pricina": "p\u0159i za\u0159azov\u00e1n\u00ed do proudu jedouc\u00edch vozidel ze stanice, m\u00edsta zastaven\u00ed nebo st\u00e1n\u00ed", "x": 16.619329, "y": 49.199505, "mesic": 3, "objectid": 819, "lehce_zran": 0}}, {"type": "Feature", "geometry": {"type": "Point", "coordinates": [16.729349, 49.165568]}, "properties": {"fid": 819, "den": 27, "usmrceno": 0, "druh": "nehoda", "rok": 2015, "hmotna_sko": 10000, "cas": "0:00:00", "tezce_zran": 0, "pricina": "jin\u00fd druh nespr\u00e1vn\u00e9ho zp\u016fsobu j\u00edzdy", "x": 16.729349, "y": 49.165568, "mesic": 3, "objectid": 820, "lehce_zran": 0}}, {"type": "Feature", "geometry": {"type": "Point", "coordinates": [16.497878, 49.174081]}, "properties": {"fid": 820, "den": 28, "usmrceno": 0, "druh": "nehoda", "rok": 2015, "hmotna_sko": 5000, "cas": "0:00:00", "tezce_zran": 0, "pricina": "j\u00edzda po nespr\u00e1vn\u00e9 stran\u011b vozovky, vjet\u00ed do protism\u011bru", "x": 16.497878, "y": 49.174081, "mesic": 3, "objectid": 821, "lehce_zran": 0}}, {"type": "Feature", "geometry": {"type": "Point", "coordinates": [16.604114, 49.194931]}, "properties": {"fid": 821, "den": 30, "usmrceno": 0, "druh": "sr\u00e1\u017eka s jedouc\u00edm nekolejov\u00fdm vozidlem", "rok": 2015, "hmotna_sko": 140000, "cas": "0:00:00", "tezce_zran": 0, "pricina": "nedodr\u017een\u00ed bezpe\u010dn\u00e9 vzd\u00e1lenosti za vozidlem", "x": 16.604114, "y": 49.194931, "mesic": 3, "objectid": 822, "lehce_zran": 0}}, {"type": "Feature", "geometry": {"type": "Point", "coordinates": [16.568071, 49.196026]}, "properties": {"fid": 822, "den": 18, "usmrceno": 0, "druh": "sr\u00e1\u017eka s jedouc\u00edm nekolejov\u00fdm vozidlem", "rok": 2015, "hmotna_sko": 25000, "cas": "0:00:00", "tezce_zran": 0, "pricina": "\u0159idi\u010d se pln\u011b nev\u011bnoval \u0159\u00edzen\u00ed vozidla", "x": 16.568071, "y": 49.196026, "mesic": 3, "objectid": 823, "lehce_zran": 0}}, {"type": "Feature", "geometry": {"type": "Point", "coordinates": [16.618185, 49.227843]}, "properties": {"fid": 823, "den": 18, "usmrceno": 0, "druh": "sr\u00e1\u017eka s vozidlem zaparkovan\u00fdm, odstaven\u00fdm", "rok": 2015, "hmotna_sko": 10000, "cas": "0:00:00", "tezce_zran": 0, "pricina": "\u0159idi\u010d se pln\u011b nev\u011bnoval \u0159\u00edzen\u00ed vozidla", "x": 16.618185, "y": 49.227843, "mesic": 3, "objectid": 824, "lehce_zran": 0}}, {"type": "Feature", "geometry": {"type": "Point", "coordinates": [16.611346, 49.191285]}, "properties": {"fid": 824, "den": 18, "usmrceno": 0, "druh": "sr\u00e1\u017eka s vozidlem zaparkovan\u00fdm, odstaven\u00fdm", "rok": 2015, "hmotna_sko": 90000, "cas": "0:00:00", "tezce_zran": 0, "pricina": "samovoln\u00e9 rozjet\u00ed nezaji\u0161t\u011bn\u00e9ho vozidla", "x": 16.611346, "y": 49.191285, "mesic": 3, "objectid": 825, "lehce_zran": 0}}, {"type": "Feature", "geometry": {"type": "Point", "coordinates": [16.619495, 49.229215]}, "properties": {"fid": 825, "den": 17, "usmrceno": 0, "druh": "sr\u00e1\u017eka s vozidlem zaparkovan\u00fdm, odstaven\u00fdm", "rok": 2015, "hmotna_sko": 10000, "cas": "0:00:00", "tezce_zran": 0, "pricina": "\u0159idi\u010d se pln\u011b nev\u011bnoval \u0159\u00edzen\u00ed vozidla", "x": 16.619495, "y": 49.229215, "mesic": 3, "objectid": 826, "lehce_zran": 0}}, {"type": "Feature", "geometry": {"type": "Point", "coordinates": [16.624033, 49.214542]}, "properties": {"fid": 827, "den": 20, "usmrceno": 0, "druh": "sr\u00e1\u017eka s pevnou p\u0159ek\u00e1\u017ekou", "rok": 2015, "hmotna_sko": 7000, "cas": "0:00:00", "tezce_zran": 0, "pricina": "\u0159idi\u010d se pln\u011b nev\u011bnoval \u0159\u00edzen\u00ed vozidla", "x": 16.624033, "y": 49.214542, "mesic": 3, "objectid": 828, "lehce_zran": 0}}, {"type": "Feature", "geometry": {"type": "Point", "coordinates": [16.584875, 49.231028]}, "properties": {"fid": 829, "den": 5, "usmrceno": 0, "druh": "sr\u00e1\u017eka s pevnou p\u0159ek\u00e1\u017ekou", "rok": 2015, "hmotna_sko": 5000, "cas": "0:00:00", "tezce_zran": 0, "pricina": "\u0159idi\u010d se pln\u011b nev\u011bnoval \u0159\u00edzen\u00ed vozidla", "x": 16.584875, "y": 49.231028, "mesic": 3, "objectid": 830, "lehce_zran": 0}}, {"type": "Feature", "geometry": {"type": "Point", "coordinates": [16.613385, 49.198582]}, "properties": {"fid": 830, "den": 7, "usmrceno": 0, "druh": "sr\u00e1\u017eka s jedouc\u00edm nekolejov\u00fdm vozidlem", "rok": 2015, "hmotna_sko": 80000, "cas": "0:00:00", "tezce_zran": 0, "pricina": "\u0159idi\u010d se pln\u011b nev\u011bnoval \u0159\u00edzen\u00ed vozidla", "x": 16.613385, "y": 49.198582, "mesic": 3, "objectid": 831, "lehce_zran": 0}}, {"type": "Feature", "geometry": {"type": "Point", "coordinates": [16.607119, 49.217091]}, "properties": {"fid": 831, "den": 2, "usmrceno": 0, "druh": "sr\u00e1\u017eka s pevnou p\u0159ek\u00e1\u017ekou", "rok": 2015, "hmotna_sko": 80000, "cas": "0:00:00", "tezce_zran": 0, "pricina": "\u0159idi\u010d se pln\u011b nev\u011bnoval \u0159\u00edzen\u00ed vozidla", "x": 16.607119, "y": 49.217091, "mesic": 3, "objectid": 832, "lehce_zran": 0}}, {"type": "Feature", "geometry": {"type": "Point", "coordinates": [16.55242, 49.222996]}, "properties": {"fid": 832, "den": 9, "usmrceno": 0, "druh": "sr\u00e1\u017eka s pevnou p\u0159ek\u00e1\u017ekou", "rok": 2015, "hmotna_sko": 6000, "cas": "0:00:00", "tezce_zran": 0, "pricina": "\u0159idi\u010d se pln\u011b nev\u011bnoval \u0159\u00edzen\u00ed vozidla", "x": 16.55242, "y": 49.222996, "mesic": 3, "objectid": 833, "lehce_zran": 0}}, {"type": "Feature", "geometry": {"type": "Point", "coordinates": [16.57422, 49.216147]}, "properties": {"fid": 833, "den": 3, "usmrceno": 0, "druh": "sr\u00e1\u017eka s dom\u00e1c\u00edm zv\u00ed\u0159etem", "rok": 2015, "hmotna_sko": 8000, "cas": "0:00:00", "tezce_zran": 0, "pricina": "nezavin\u011bn\u00e1 \u0159idi\u010dem", "x": 16.57422, "y": 49.216147, "mesic": 3, "objectid": 834, "lehce_zran": 0}}, {"type": "Feature", "geometry": {"type": "Point", "coordinates": [16.600199, 49.204227]}, "properties": {"fid": 834, "den": 3, "usmrceno": 0, "druh": "sr\u00e1\u017eka s vozidlem zaparkovan\u00fdm, odstaven\u00fdm", "rok": 2015, "hmotna_sko": 10000, "cas": "0:00:00", "tezce_zran": 0, "pricina": "\u0159idi\u010d se pln\u011b nev\u011bnoval \u0159\u00edzen\u00ed vozidla", "x": 16.600199, "y": 49.204227, "mesic": 3, "objectid": 835, "lehce_zran": 0}}, {"type": "Feature", "geometry": {"type": "Point", "coordinates": [16.619957, 49.186507]}, "properties": {"fid": 835, "den": 3, "usmrceno": 0, "druh": "sr\u00e1\u017eka s tramvaj\u00ed", "rok": 2015, "hmotna_sko": 200000, "cas": "0:00:00", "tezce_zran": 0, "pricina": "p\u0159i odbo\u010dov\u00e1n\u00ed vlevo", "x": 16.619957, "y": 49.186507, "mesic": 3, "objectid": 836, "lehce_zran": 0}}, {"type": "Feature", "geometry": {"type": "Point", "coordinates": [16.585541, 49.221778]}, "properties": {"fid": 1023, "den": 17, "usmrceno": 0, "druh": "sr\u00e1\u017eka s chodcem", "rok": 2015, "hmotna_sko": 5000, "cas": "0:00:00", "tezce_zran": 0, "pricina": "chodci na vyzna\u010den\u00e9m p\u0159echodu", "x": 16.585541, "y": 49.221778, "mesic": 4, "objectid": 1024, "lehce_zran": 1}}, {"type": "Feature", "geometry": {"type": "Point", "coordinates": [16.597312, 49.205724]}, "properties": {"fid": 836, "den": 3, "usmrceno": 0, "druh": "sr\u00e1\u017eka s jedouc\u00edm nekolejov\u00fdm vozidlem", "rok": 2015, "hmotna_sko": 22000, "cas": "0:00:00", "tezce_zran": 0, "pricina": "nedodr\u017een\u00ed bezpe\u010dn\u00e9 vzd\u00e1lenosti za vozidlem", "x": 16.597312, "y": 49.205724, "mesic": 3, "objectid": 837, "lehce_zran": 0}}, {"type": "Feature", "geometry": {"type": "Point", "coordinates": [16.725628, 49.185467]}, "properties": {"fid": 838, "den": 5, "usmrceno": 0, "druh": "sr\u00e1\u017eka s jedouc\u00edm nekolejov\u00fdm vozidlem", "rok": 2015, "hmotna_sko": 341000, "cas": "0:00:00", "tezce_zran": 0, "pricina": "p\u0159i p\u0159ej\u00ed\u017ed\u011bn\u00ed z jednoho j\u00edzdn\u00edho pruhu do druh\u00e9ho", "x": 16.725628, "y": 49.185467, "mesic": 3, "objectid": 839, "lehce_zran": 0}}, {"type": "Feature", "geometry": {"type": "Point", "coordinates": [16.615401, 49.186112]}, "properties": {"fid": 840, "den": 3, "usmrceno": 0, "druh": "sr\u00e1\u017eka s pevnou p\u0159ek\u00e1\u017ekou", "rok": 2015, "hmotna_sko": 100000, "cas": "0:00:00", "tezce_zran": 0, "pricina": "\u0159idi\u010d se pln\u011b nev\u011bnoval \u0159\u00edzen\u00ed vozidla", "x": 16.615401, "y": 49.186112, "mesic": 3, "objectid": 841, "lehce_zran": 0}}, {"type": "Feature", "geometry": {"type": "Point", "coordinates": [16.622057, 49.199173]}, "properties": {"fid": 841, "den": 4, "usmrceno": 0, "druh": "sr\u00e1\u017eka s vozidlem zaparkovan\u00fdm, odstaven\u00fdm", "rok": 2015, "hmotna_sko": 5000, "cas": "0:00:00", "tezce_zran": 0, "pricina": "\u0159idi\u010d se pln\u011b nev\u011bnoval \u0159\u00edzen\u00ed vozidla", "x": 16.622057, "y": 49.199173, "mesic": 3, "objectid": 842, "lehce_zran": 0}}, {"type": "Feature", "geometry": {"type": "Point", "coordinates": [16.425133, 49.192342]}, "properties": {"fid": 842, "den": 5, "usmrceno": 0, "druh": "sr\u00e1\u017eka s jedouc\u00edm nekolejov\u00fdm vozidlem", "rok": 2015, "hmotna_sko": 230000, "cas": "0:00:00", "tezce_zran": 0, "pricina": "proti p\u0159\u00edkazu dopravn\u00ed zna\u010dky dej p\u0159ednost", "x": 16.425133, "y": 49.192342, "mesic": 3, "objectid": 843, "lehce_zran": 0}}, {"type": "Feature", "geometry": {"type": "Point", "coordinates": [16.645673, 49.161425]}, "properties": {"fid": 843, "den": 2, "usmrceno": 0, "druh": "sr\u00e1\u017eka s pevnou p\u0159ek\u00e1\u017ekou", "rok": 2015, "hmotna_sko": 83000, "cas": "0:00:00", "tezce_zran": 0, "pricina": "nep\u0159izp\u016fsoben\u00ed rychlosti stavu vozovky (n\u00e1led\u00ed, v\u00fdtluky, bl\u00e1to, mokr\u00fd povrch apod.)", "x": 16.645673, "y": 49.161425, "mesic": 3, "objectid": 844, "lehce_zran": 0}}, {"type": "Feature", "geometry": {"type": "Point", "coordinates": [16.630106, 49.133202]}, "properties": {"fid": 844, "den": 6, "usmrceno": 0, "druh": "sr\u00e1\u017eka s jedouc\u00edm nekolejov\u00fdm vozidlem", "rok": 2015, "hmotna_sko": 190000, "cas": "0:00:00", "tezce_zran": 0, "pricina": "p\u0159i vj\u00ed\u017ed\u011bn\u00ed na silnici", "x": 16.630106, "y": 49.133202, "mesic": 3, "objectid": 845, "lehce_zran": 0}}, {"type": "Feature", "geometry": {"type": "Point", "coordinates": [16.653365, 49.123824]}, "properties": {"fid": 845, "den": 12, "usmrceno": 0, "druh": "sr\u00e1\u017eka s jedouc\u00edm nekolejov\u00fdm vozidlem", "rok": 2015, "hmotna_sko": 210000, "cas": "0:00:00", "tezce_zran": 0, "pricina": "proti p\u0159\u00edkazu dopravn\u00ed zna\u010dky st\u016fj dej p\u0159ednost", "x": 16.653365, "y": 49.123824, "mesic": 3, "objectid": 846, "lehce_zran": 0}}, {"type": "Feature", "geometry": {"type": "Point", "coordinates": [16.700849, 49.173676]}, "properties": {"fid": 846, "den": 26, "usmrceno": 0, "druh": "nehoda", "rok": 2015, "hmotna_sko": 15000, "cas": "0:00:00", "tezce_zran": 0, "pricina": "nep\u0159izp\u016fsoben\u00ed rychlosti viditelnosti (mlha, soumrak, j\u00edzda v noci na tlumen\u00e1 sv\u011btla apod.)", "x": 16.700849, "y": 49.173676, "mesic": 3, "objectid": 847, "lehce_zran": 0}}, {"type": "Feature", "geometry": {"type": "Point", "coordinates": [16.530218, 49.240008]}, "properties": {"fid": 847, "den": 2, "usmrceno": 0, "druh": "sr\u00e1\u017eka s pevnou p\u0159ek\u00e1\u017ekou", "rok": 2015, "hmotna_sko": 195000, "cas": "0:00:00", "tezce_zran": 0, "pricina": "nep\u0159izp\u016fsoben\u00ed rychlosti stavu vozovky (n\u00e1led\u00ed, v\u00fdtluky, bl\u00e1to, mokr\u00fd povrch apod.)", "x": 16.530218, "y": 49.240008, "mesic": 3, "objectid": 848, "lehce_zran": 0}}, {"type": "Feature", "geometry": {"type": "Point", "coordinates": [16.590519, 49.20657]}, "properties": {"fid": 848, "den": 2, "usmrceno": 0, "druh": "nehoda", "rok": 2015, "hmotna_sko": 100000, "cas": "0:00:00", "tezce_zran": 0, "pricina": "nep\u0159izp\u016fsoben\u00ed rychlosti stavu vozovky (n\u00e1led\u00ed, v\u00fdtluky, bl\u00e1to, mokr\u00fd povrch apod.)", "x": 16.590519, "y": 49.20657, "mesic": 3, "objectid": 849, "lehce_zran": 0}}, {"type": "Feature", "geometry": {"type": "Point", "coordinates": [16.604579, 49.183384]}, "properties": {"fid": 849, "den": 9, "usmrceno": 0, "druh": "sr\u00e1\u017eka s jedouc\u00edm nekolejov\u00fdm vozidlem", "rok": 2015, "hmotna_sko": 15000, "cas": "0:00:00", "tezce_zran": 0, "pricina": "nedodr\u017een\u00ed bezpe\u010dn\u00e9 vzd\u00e1lenosti za vozidlem", "x": 16.604579, "y": 49.183384, "mesic": 3, "objectid": 850, "lehce_zran": 0}}, {"type": "Feature", "geometry": {"type": "Point", "coordinates": [16.632498, 49.27937]}, "properties": {"fid": 850, "den": 12, "usmrceno": 0, "druh": "sr\u00e1\u017eka s lesn\u00ed zv\u011b\u0159\u00ed", "rok": 2015, "hmotna_sko": 70000, "cas": "0:00:00", "tezce_zran": 0, "pricina": "nezavin\u011bn\u00e1 \u0159idi\u010dem", "x": 16.632498, "y": 49.27937, "mesic": 3, "objectid": 851, "lehce_zran": 0}}, {"type": "Feature", "geometry": {"type": "Point", "coordinates": [16.627266, 49.236933]}, "properties": {"fid": 851, "den": 4, "usmrceno": 0, "druh": "sr\u00e1\u017eka s jedouc\u00edm nekolejov\u00fdm vozidlem", "rok": 2015, "hmotna_sko": 370000, "cas": "0:00:00", "tezce_zran": 0, "pricina": "\u0159idi\u010d se pln\u011b nev\u011bnoval \u0159\u00edzen\u00ed vozidla", "x": 16.627266, "y": 49.236933, "mesic": 3, "objectid": 852, "lehce_zran": 0}}, {"type": "Feature", "geometry": {"type": "Point", "coordinates": [16.475967, 49.255487]}, "properties": {"fid": 852, "den": 4, "usmrceno": 0, "druh": "sr\u00e1\u017eka s lesn\u00ed zv\u011b\u0159\u00ed", "rok": 2015, "hmotna_sko": 50000, "cas": "0:00:00", "tezce_zran": 0, "pricina": "nezavin\u011bn\u00e1 \u0159idi\u010dem", "x": 16.475967, "y": 49.255487, "mesic": 3, "objectid": 853, "lehce_zran": 0}}, {"type": "Feature", "geometry": {"type": "Point", "coordinates": [16.634282, 49.136698]}, "properties": {"fid": 853, "den": 3, "usmrceno": 0, "druh": "sr\u00e1\u017eka s jedouc\u00edm nekolejov\u00fdm vozidlem", "rok": 2015, "hmotna_sko": 150000, "cas": "0:00:00", "tezce_zran": 0, "pricina": "vozidlu p\u0159ij\u00ed\u017ed\u011bj\u00edc\u00edmu zprava", "x": 16.634282, "y": 49.136698, "mesic": 3, "objectid": 854, "lehce_zran": 0}}, {"type": "Feature", "geometry": {"type": "Point", "coordinates": [16.622309, 49.2014]}, "properties": {"fid": 854, "den": 11, "usmrceno": 0, "druh": "sr\u00e1\u017eka s vozidlem zaparkovan\u00fdm, odstaven\u00fdm", "rok": 2015, "hmotna_sko": 15000, "cas": "0:00:00", "tezce_zran": 0, "pricina": "\u0159idi\u010d se pln\u011b nev\u011bnoval \u0159\u00edzen\u00ed vozidla", "x": 16.622309, "y": 49.2014, "mesic": 3, "objectid": 855, "lehce_zran": 0}}, {"type": "Feature", "geometry": {"type": "Point", "coordinates": [16.674814, 49.049629]}, "properties": {"fid": 855, "den": 5, "usmrceno": 0, "druh": "sr\u00e1\u017eka s dom\u00e1c\u00edm zv\u00ed\u0159etem", "rok": 2015, "hmotna_sko": 75000, "cas": "0:00:00", "tezce_zran": 0, "pricina": "nezavin\u011bn\u00e1 \u0159idi\u010dem", "x": 16.674814, "y": 49.049629, "mesic": 3, "objectid": 856, "lehce_zran": 0}}, {"type": "Feature", "geometry": {"type": "Point", "coordinates": [16.571103, 49.208276]}, "properties": {"fid": 857, "den": 10, "usmrceno": 0, "druh": "sr\u00e1\u017eka s jedouc\u00edm nekolejov\u00fdm vozidlem", "rok": 2015, "hmotna_sko": 20000, "cas": "0:00:00", "tezce_zran": 0, "pricina": "\u0159idi\u010d se pln\u011b nev\u011bnoval \u0159\u00edzen\u00ed vozidla", "x": 16.571103, "y": 49.208276, "mesic": 3, "objectid": 858, "lehce_zran": 0}}, {"type": "Feature", "geometry": {"type": "Point", "coordinates": [16.589466, 49.185913]}, "properties": {"fid": 858, "den": 9, "usmrceno": 0, "druh": "sr\u00e1\u017eka s vozidlem zaparkovan\u00fdm, odstaven\u00fdm", "rok": 2015, "hmotna_sko": 25000, "cas": "0:00:00", "tezce_zran": 0, "pricina": "vyh\u00fdb\u00e1n\u00ed bez dostate\u010dn\u00e9ho bo\u010dn\u00edho odstupu (v\u016fle)", "x": 16.589466, "y": 49.185913, "mesic": 3, "objectid": 859, "lehce_zran": 0}}, {"type": "Feature", "geometry": {"type": "Point", "coordinates": [16.525078, 49.250889]}, "properties": {"fid": 859, "den": 6, "usmrceno": 0, "druh": "sr\u00e1\u017eka s lesn\u00ed zv\u011b\u0159\u00ed", "rok": 2015, "hmotna_sko": 20500, "cas": "0:00:00", "tezce_zran": 0, "pricina": "nezavin\u011bn\u00e1 \u0159idi\u010dem", "x": 16.525078, "y": 49.250889, "mesic": 3, "objectid": 860, "lehce_zran": 0}}, {"type": "Feature", "geometry": {"type": "Point", "coordinates": [16.573045, 49.168636]}, "properties": {"fid": 861, "den": 15, "usmrceno": 0, "druh": "sr\u00e1\u017eka s pevnou p\u0159ek\u00e1\u017ekou", "rok": 2015, "hmotna_sko": 15000, "cas": "0:00:00", "tezce_zran": 0, "pricina": "\u0159idi\u010d se pln\u011b nev\u011bnoval \u0159\u00edzen\u00ed vozidla", "x": 16.573045, "y": 49.168636, "mesic": 3, "objectid": 862, "lehce_zran": 0}}, {"type": "Feature", "geometry": {"type": "Point", "coordinates": [16.52944, 49.298145]}, "properties": {"fid": 862, "den": 9, "usmrceno": 0, "druh": "sr\u00e1\u017eka s jedouc\u00edm nekolejov\u00fdm vozidlem", "rok": 2015, "hmotna_sko": 150000, "cas": "0:00:00", "tezce_zran": 0, "pricina": "\u0159idi\u010d se pln\u011b nev\u011bnoval \u0159\u00edzen\u00ed vozidla", "x": 16.52944, "y": 49.298145, "mesic": 3, "objectid": 863, "lehce_zran": 0}}, {"type": "Feature", "geometry": {"type": "Point", "coordinates": [16.448637, 49.256806]}, "properties": {"fid": 864, "den": 22, "usmrceno": 0, "druh": "sr\u00e1\u017eka s lesn\u00ed zv\u011b\u0159\u00ed", "rok": 2015, "hmotna_sko": 35000, "cas": "0:00:00", "tezce_zran": 0, "pricina": "nezavin\u011bn\u00e1 \u0159idi\u010dem", "x": 16.448637, "y": 49.256806, "mesic": 3, "objectid": 865, "lehce_zran": 0}}, {"type": "Feature", "geometry": {"type": "Point", "coordinates": [16.572692, 49.245725]}, "properties": {"fid": 865, "den": 8, "usmrceno": 0, "druh": "sr\u00e1\u017eka s vozidlem zaparkovan\u00fdm, odstaven\u00fdm", "rok": 2015, "hmotna_sko": 6000, "cas": "0:00:00", "tezce_zran": 0, "pricina": "\u0159idi\u010d se pln\u011b nev\u011bnoval \u0159\u00edzen\u00ed vozidla", "x": 16.572692, "y": 49.245725, "mesic": 3, "objectid": 866, "lehce_zran": 0}}, {"type": "Feature", "geometry": {"type": "Point", "coordinates": [16.629666, 49.153933]}, "properties": {"fid": 867, "den": 15, "usmrceno": 0, "druh": "sr\u00e1\u017eka s pevnou p\u0159ek\u00e1\u017ekou", "rok": 2015, "hmotna_sko": 60000, "cas": "0:00:00", "tezce_zran": 0, "pricina": "\u0159idi\u010d se pln\u011b nev\u011bnoval \u0159\u00edzen\u00ed vozidla", "x": 16.629666, "y": 49.153933, "mesic": 3, "objectid": 868, "lehce_zran": 0}}, {"type": "Feature", "geometry": {"type": "Point", "coordinates": [16.660448, 49.210731]}, "properties": {"fid": 868, "den": 13, "usmrceno": 0, "druh": "sr\u00e1\u017eka s vozidlem zaparkovan\u00fdm, odstaven\u00fdm", "rok": 2015, "hmotna_sko": 50000, "cas": "0:00:00", "tezce_zran": 0, "pricina": "\u0159idi\u010d se pln\u011b nev\u011bnoval \u0159\u00edzen\u00ed vozidla", "x": 16.660448, "y": 49.210731, "mesic": 3, "objectid": 869, "lehce_zran": 0}}, {"type": "Feature", "geometry": {"type": "Point", "coordinates": [16.593157, 49.199893]}, "properties": {"fid": 871, "den": 31, "usmrceno": 0, "druh": "sr\u00e1\u017eka s vozidlem zaparkovan\u00fdm, odstaven\u00fdm", "rok": 2015, "hmotna_sko": 10000, "cas": "0:00:00", "tezce_zran": 0, "pricina": "\u0159idi\u010d se pln\u011b nev\u011bnoval \u0159\u00edzen\u00ed vozidla", "x": 16.593157, "y": 49.199893, "mesic": 3, "objectid": 872, "lehce_zran": 0}}, {"type": "Feature", "geometry": {"type": "Point", "coordinates": [16.57944, 49.215505]}, "properties": {"fid": 872, "den": 17, "usmrceno": 0, "druh": "sr\u00e1\u017eka s vozidlem zaparkovan\u00fdm, odstaven\u00fdm", "rok": 2015, "hmotna_sko": 20000, "cas": "0:00:00", "tezce_zran": 0, "pricina": "vyh\u00fdb\u00e1n\u00ed bez dostate\u010dn\u00e9ho bo\u010dn\u00edho odstupu (v\u016fle)", "x": 16.57944, "y": 49.215505, "mesic": 3, "objectid": 873, "lehce_zran": 0}}, {"type": "Feature", "geometry": {"type": "Point", "coordinates": [16.577439, 49.262293]}, "properties": {"fid": 873, "den": 18, "usmrceno": 0, "druh": "sr\u00e1\u017eka s vozidlem zaparkovan\u00fdm, odstaven\u00fdm", "rok": 2015, "hmotna_sko": 10000, "cas": "0:00:00", "tezce_zran": 0, "pricina": "\u0159idi\u010d se pln\u011b nev\u011bnoval \u0159\u00edzen\u00ed vozidla", "x": 16.577439, "y": 49.262293, "mesic": 3, "objectid": 874, "lehce_zran": 0}}, {"type": "Feature", "geometry": {"type": "Point", "coordinates": [16.766476, 49.183443]}, "properties": {"fid": 874, "den": 20, "usmrceno": 0, "druh": "sr\u00e1\u017eka s jedouc\u00edm nekolejov\u00fdm vozidlem", "rok": 2015, "hmotna_sko": 74000, "cas": "0:00:00", "tezce_zran": 0, "pricina": "nedodr\u017een\u00ed bezpe\u010dn\u00e9 vzd\u00e1lenosti za vozidlem", "x": 16.766476, "y": 49.183443, "mesic": 3, "objectid": 875, "lehce_zran": 0}}, {"type": "Feature", "geometry": {"type": "Point", "coordinates": [16.5993, 49.205721]}, "properties": {"fid": 875, "den": 13, "usmrceno": 0, "druh": "sr\u00e1\u017eka s vozidlem zaparkovan\u00fdm, odstaven\u00fdm", "rok": 2015, "hmotna_sko": 20000, "cas": "0:00:00", "tezce_zran": 0, "pricina": "\u0159idi\u010d se pln\u011b nev\u011bnoval \u0159\u00edzen\u00ed vozidla", "x": 16.5993, "y": 49.205721, "mesic": 3, "objectid": 876, "lehce_zran": 0}}, {"type": "Feature", "geometry": {"type": "Point", "coordinates": [16.609847, 49.19571]}, "properties": {"fid": 878, "den": 29, "usmrceno": 0, "druh": "sr\u00e1\u017eka s vozidlem zaparkovan\u00fdm, odstaven\u00fdm", "rok": 2015, "hmotna_sko": 1000, "cas": "0:00:00", "tezce_zran": 0, "pricina": "vyh\u00fdb\u00e1n\u00ed bez dostate\u010dn\u00e9ho bo\u010dn\u00edho odstupu (v\u016fle)", "x": 16.609847, "y": 49.19571, "mesic": 3, "objectid": 879, "lehce_zran": 0}}, {"type": "Feature", "geometry": {"type": "Point", "coordinates": [16.632797, 49.194784]}, "properties": {"fid": 880, "den": 25, "usmrceno": 0, "druh": "sr\u00e1\u017eka s vozidlem zaparkovan\u00fdm, odstaven\u00fdm", "rok": 2015, "hmotna_sko": 15000, "cas": "0:00:00", "tezce_zran": 0, "pricina": "\u0159idi\u010d se pln\u011b nev\u011bnoval \u0159\u00edzen\u00ed vozidla", "x": 16.632797, "y": 49.194784, "mesic": 3, "objectid": 881, "lehce_zran": 0}}, {"type": "Feature", "geometry": {"type": "Point", "coordinates": [16.680161, 49.212222]}, "properties": {"fid": 881, "den": 19, "usmrceno": 0, "druh": "sr\u00e1\u017eka s vozidlem zaparkovan\u00fdm, odstaven\u00fdm", "rok": 2015, "hmotna_sko": 15000, "cas": "0:00:00", "tezce_zran": 0, "pricina": "\u0159idi\u010d se pln\u011b nev\u011bnoval \u0159\u00edzen\u00ed vozidla", "x": 16.680161, "y": 49.212222, "mesic": 3, "objectid": 882, "lehce_zran": 0}}, {"type": "Feature", "geometry": {"type": "Point", "coordinates": [16.628553, 49.157874]}, "properties": {"fid": 882, "den": 19, "usmrceno": 0, "druh": "sr\u00e1\u017eka s vozidlem zaparkovan\u00fdm, odstaven\u00fdm", "rok": 2015, "hmotna_sko": 20000, "cas": "0:00:00", "tezce_zran": 0, "pricina": "\u0159idi\u010d se pln\u011b nev\u011bnoval \u0159\u00edzen\u00ed vozidla", "x": 16.628553, "y": 49.157874, "mesic": 3, "objectid": 883, "lehce_zran": 0}}, {"type": "Feature", "geometry": {"type": "Point", "coordinates": [16.593075, 49.180759]}, "properties": {"fid": 883, "den": 19, "usmrceno": 0, "druh": "sr\u00e1\u017eka s vozidlem zaparkovan\u00fdm, odstaven\u00fdm", "rok": 2015, "hmotna_sko": 20000, "cas": "0:00:00", "tezce_zran": 0, "pricina": "\u0159idi\u010d se pln\u011b nev\u011bnoval \u0159\u00edzen\u00ed vozidla", "x": 16.593075, "y": 49.180759, "mesic": 3, "objectid": 884, "lehce_zran": 0}}, {"type": "Feature", "geometry": {"type": "Point", "coordinates": [16.602964, 49.198129]}, "properties": {"fid": 884, "den": 20, "usmrceno": 0, "druh": "sr\u00e1\u017eka s jedouc\u00edm nekolejov\u00fdm vozidlem", "rok": 2015, "hmotna_sko": 2000, "cas": "0:00:00", "tezce_zran": 0, "pricina": "\u0159idi\u010d se pln\u011b nev\u011bnoval \u0159\u00edzen\u00ed vozidla", "x": 16.602964, "y": 49.198129, "mesic": 3, "objectid": 885, "lehce_zran": 0}}, {"type": "Feature", "geometry": {"type": "Point", "coordinates": [16.615006, 49.191054]}, "properties": {"fid": 885, "den": 2, "usmrceno": 0, "druh": "sr\u00e1\u017eka s vozidlem zaparkovan\u00fdm, odstaven\u00fdm", "rok": 2015, "hmotna_sko": 15000, "cas": "0:00:00", "tezce_zran": 0, "pricina": "\u0159idi\u010d se pln\u011b nev\u011bnoval \u0159\u00edzen\u00ed vozidla", "x": 16.615006, "y": 49.191054, "mesic": 3, "objectid": 886, "lehce_zran": 0}}, {"type": "Feature", "geometry": {"type": "Point", "coordinates": [16.645034, 49.0549]}, "properties": {"fid": 886, "den": 19, "usmrceno": 0, "druh": "sr\u00e1\u017eka s jedouc\u00edm nekolejov\u00fdm vozidlem", "rok": 2015, "hmotna_sko": 80000, "cas": "0:00:00", "tezce_zran": 0, "pricina": "p\u0159i p\u0159edj\u00ed\u017ed\u011bn\u00ed do\u0161lo k ohro\u017een\u00ed p\u0159edj\u00ed\u017ed\u011bn\u00e9ho \u0159idi\u010de vozidla (vynucen\u00e9 za\u0159azen\u00ed, p\u0159edj\u00ed\u017ed\u011bn\u00fd \u0159idi\u010d musel prudce brzdit, m\u011bnit sm\u011br j\u00edzdy apod.)", "x": 16.645034, "y": 49.0549, "mesic": 3, "objectid": 887, "lehce_zran": 0}}, {"type": "Feature", "geometry": {"type": "Point", "coordinates": [16.626765, 49.220073]}, "properties": {"fid": 887, "den": 3, "usmrceno": 0, "druh": "sr\u00e1\u017eka s jedouc\u00edm nekolejov\u00fdm vozidlem", "rok": 2015, "hmotna_sko": 25000, "cas": "0:00:00", "tezce_zran": 0, "pricina": "\u0159idi\u010d se pln\u011b nev\u011bnoval \u0159\u00edzen\u00ed vozidla", "x": 16.626765, "y": 49.220073, "mesic": 3, "objectid": 888, "lehce_zran": 0}}, {"type": "Feature", "geometry": {"type": "Point", "coordinates": [16.624818, 49.199354]}, "properties": {"fid": 890, "den": 30, "usmrceno": 0, "druh": "sr\u00e1\u017eka s tramvaj\u00ed", "rok": 2015, "hmotna_sko": 1000, "cas": "0:00:00", "tezce_zran": 0, "pricina": "\u0159idi\u010d se pln\u011b nev\u011bnoval \u0159\u00edzen\u00ed vozidla", "x": 16.624818, "y": 49.199354, "mesic": 3, "objectid": 891, "lehce_zran": 0}}, {"type": "Feature", "geometry": {"type": "Point", "coordinates": [16.618182, 49.204139]}, "properties": {"fid": 891, "den": 22, "usmrceno": 0, "druh": "sr\u00e1\u017eka s vozidlem zaparkovan\u00fdm, odstaven\u00fdm", "rok": 2015, "hmotna_sko": 10000, "cas": "0:00:00", "tezce_zran": 0, "pricina": "\u0159idi\u010d se pln\u011b nev\u011bnoval \u0159\u00edzen\u00ed vozidla", "x": 16.618182, "y": 49.204139, "mesic": 3, "objectid": 892, "lehce_zran": 0}}, {"type": "Feature", "geometry": {"type": "Point", "coordinates": [16.644922, 49.189398]}, "properties": {"fid": 892, "den": 15, "usmrceno": 0, "druh": "sr\u00e1\u017eka s vozidlem zaparkovan\u00fdm, odstaven\u00fdm", "rok": 2015, "hmotna_sko": 10000, "cas": "0:00:00", "tezce_zran": 0, "pricina": "\u0159idi\u010d se pln\u011b nev\u011bnoval \u0159\u00edzen\u00ed vozidla", "x": 16.644922, "y": 49.189398, "mesic": 3, "objectid": 893, "lehce_zran": 0}}, {"type": "Feature", "geometry": {"type": "Point", "coordinates": [16.632246, 49.19501]}, "properties": {"fid": 893, "den": 4, "usmrceno": 0, "druh": "sr\u00e1\u017eka s vozidlem zaparkovan\u00fdm, odstaven\u00fdm", "rok": 2015, "hmotna_sko": 40000, "cas": "0:00:00", "tezce_zran": 0, "pricina": "\u0159idi\u010d se pln\u011b nev\u011bnoval \u0159\u00edzen\u00ed vozidla", "x": 16.632246, "y": 49.19501, "mesic": 3, "objectid": 894, "lehce_zran": 0}}, {"type": "Feature", "geometry": {"type": "Point", "coordinates": [16.632559, 49.21254]}, "properties": {"fid": 895, "den": 17, "usmrceno": 0, "druh": "sr\u00e1\u017eka s vozidlem zaparkovan\u00fdm, odstaven\u00fdm", "rok": 2015, "hmotna_sko": 20000, "cas": "0:00:00", "tezce_zran": 0, "pricina": "vyh\u00fdb\u00e1n\u00ed bez dostate\u010dn\u00e9ho bo\u010dn\u00edho odstupu (v\u016fle)", "x": 16.632559, "y": 49.21254, "mesic": 3, "objectid": 896, "lehce_zran": 0}}, {"type": "Feature", "geometry": {"type": "Point", "coordinates": [16.594304, 49.211823]}, "properties": {"fid": 897, "den": 7, "usmrceno": 0, "druh": "sr\u00e1\u017eka s vozidlem zaparkovan\u00fdm, odstaven\u00fdm", "rok": 2015, "hmotna_sko": 20000, "cas": "0:00:00", "tezce_zran": 0, "pricina": "\u0159idi\u010d se pln\u011b nev\u011bnoval \u0159\u00edzen\u00ed vozidla", "x": 16.594304, "y": 49.211823, "mesic": 3, "objectid": 898, "lehce_zran": 0}}, {"type": "Feature", "geometry": {"type": "Point", "coordinates": [16.554643, 49.218163]}, "properties": {"fid": 898, "den": 2, "usmrceno": 0, "druh": "sr\u00e1\u017eka s pevnou p\u0159ek\u00e1\u017ekou", "rok": 2015, "hmotna_sko": 5000, "cas": "0:00:00", "tezce_zran": 0, "pricina": "\u0159idi\u010d se pln\u011b nev\u011bnoval \u0159\u00edzen\u00ed vozidla", "x": 16.554643, "y": 49.218163, "mesic": 3, "objectid": 899, "lehce_zran": 0}}, {"type": "Feature", "geometry": {"type": "Point", "coordinates": [16.669392, 49.17506]}, "properties": {"fid": 899, "den": 3, "usmrceno": 0, "druh": "sr\u00e1\u017eka s pevnou p\u0159ek\u00e1\u017ekou", "rok": 2015, "hmotna_sko": 15000, "cas": "0:00:00", "tezce_zran": 0, "pricina": "\u0159idi\u010d se pln\u011b nev\u011bnoval \u0159\u00edzen\u00ed vozidla", "x": 16.669392, "y": 49.17506, "mesic": 3, "objectid": 900, "lehce_zran": 0}}, {"type": "Feature", "geometry": {"type": "Point", "coordinates": [16.630557, 49.22189]}, "properties": {"fid": 900, "den": 4, "usmrceno": 0, "druh": "sr\u00e1\u017eka s vozidlem zaparkovan\u00fdm, odstaven\u00fdm", "rok": 2015, "hmotna_sko": 30000, "cas": "0:00:00", "tezce_zran": 0, "pricina": "\u0159idi\u010d se pln\u011b nev\u011bnoval \u0159\u00edzen\u00ed vozidla", "x": 16.630557, "y": 49.22189, "mesic": 3, "objectid": 901, "lehce_zran": 0}}, {"type": "Feature", "geometry": {"type": "Point", "coordinates": [16.655392, 49.192344]}, "properties": {"fid": 901, "den": 16, "usmrceno": 0, "druh": "sr\u00e1\u017eka s vozidlem zaparkovan\u00fdm, odstaven\u00fdm", "rok": 2015, "hmotna_sko": 30000, "cas": "0:00:00", "tezce_zran": 0, "pricina": "\u0159idi\u010d se pln\u011b nev\u011bnoval \u0159\u00edzen\u00ed vozidla", "x": 16.655392, "y": 49.192344, "mesic": 3, "objectid": 902, "lehce_zran": 0}}, {"type": "Feature", "geometry": {"type": "Point", "coordinates": [16.612396, 49.195352]}, "properties": {"fid": 902, "den": 12, "usmrceno": 0, "druh": "sr\u00e1\u017eka s pevnou p\u0159ek\u00e1\u017ekou", "rok": 2015, "hmotna_sko": 10000, "cas": "0:00:00", "tezce_zran": 0, "pricina": "\u0159idi\u010d se pln\u011b nev\u011bnoval \u0159\u00edzen\u00ed vozidla", "x": 16.612396, "y": 49.195352, "mesic": 3, "objectid": 903, "lehce_zran": 0}}, {"type": "Feature", "geometry": {"type": "Point", "coordinates": [16.616417, 49.194774]}, "properties": {"fid": 903, "den": 18, "usmrceno": 0, "druh": "sr\u00e1\u017eka s vozidlem zaparkovan\u00fdm, odstaven\u00fdm", "rok": 2015, "hmotna_sko": 10000, "cas": "0:00:00", "tezce_zran": 0, "pricina": "vyh\u00fdb\u00e1n\u00ed bez dostate\u010dn\u00e9ho bo\u010dn\u00edho odstupu (v\u016fle)", "x": 16.616417, "y": 49.194774, "mesic": 3, "objectid": 904, "lehce_zran": 0}}, {"type": "Feature", "geometry": {"type": "Point", "coordinates": [16.622424, 49.221306]}, "properties": {"fid": 904, "den": 25, "usmrceno": 0, "druh": "sr\u00e1\u017eka s jedouc\u00edm nekolejov\u00fdm vozidlem", "rok": 2015, "hmotna_sko": 30000, "cas": "0:00:00", "tezce_zran": 0, "pricina": "p\u0159i p\u0159ej\u00ed\u017ed\u011bn\u00ed z jednoho j\u00edzdn\u00edho pruhu do druh\u00e9ho", "x": 16.622424, "y": 49.221306, "mesic": 3, "objectid": 905, "lehce_zran": 0}}, {"type": "Feature", "geometry": {"type": "Point", "coordinates": [16.692441, 49.185315]}, "properties": {"fid": 905, "den": 8, "usmrceno": 0, "druh": "sr\u00e1\u017eka s vozidlem zaparkovan\u00fdm, odstaven\u00fdm", "rok": 2015, "hmotna_sko": 100000, "cas": "0:00:00", "tezce_zran": 0, "pricina": "\u0159idi\u010d se pln\u011b nev\u011bnoval \u0159\u00edzen\u00ed vozidla", "x": 16.692441, "y": 49.185315, "mesic": 3, "objectid": 906, "lehce_zran": 0}}, {"type": "Feature", "geometry": {"type": "Point", "coordinates": [16.619014, 49.17486]}, "properties": {"fid": 906, "den": 6, "usmrceno": 0, "druh": "sr\u00e1\u017eka s jedouc\u00edm nekolejov\u00fdm vozidlem", "rok": 2015, "hmotna_sko": 5000, "cas": "0:00:00", "tezce_zran": 0, "pricina": "\u0159idi\u010d se pln\u011b nev\u011bnoval \u0159\u00edzen\u00ed vozidla", "x": 16.619014, "y": 49.17486, "mesic": 3, "objectid": 907, "lehce_zran": 0}}, {"type": "Feature", "geometry": {"type": "Point", "coordinates": [16.634405, 49.137883]}, "properties": {"fid": 907, "den": 11, "usmrceno": 0, "druh": "sr\u00e1\u017eka s vozidlem zaparkovan\u00fdm, odstaven\u00fdm", "rok": 2015, "hmotna_sko": 5000, "cas": "0:00:00", "tezce_zran": 0, "pricina": "\u0159idi\u010d se pln\u011b nev\u011bnoval \u0159\u00edzen\u00ed vozidla", "x": 16.634405, "y": 49.137883, "mesic": 3, "objectid": 908, "lehce_zran": 0}}, {"type": "Feature", "geometry": {"type": "Point", "coordinates": [16.587494, 49.245875]}, "properties": {"fid": 908, "den": 19, "usmrceno": 0, "druh": "sr\u00e1\u017eka s vozidlem zaparkovan\u00fdm, odstaven\u00fdm", "rok": 2015, "hmotna_sko": 10000, "cas": "0:00:00", "tezce_zran": 0, "pricina": "\u0159idi\u010d se pln\u011b nev\u011bnoval \u0159\u00edzen\u00ed vozidla", "x": 16.587494, "y": 49.245875, "mesic": 3, "objectid": 909, "lehce_zran": 0}}, {"type": "Feature", "geometry": {"type": "Point", "coordinates": [16.488181, 49.05532]}, "properties": {"fid": 909, "den": 27, "usmrceno": 0, "druh": "sr\u00e1\u017eka s vozidlem zaparkovan\u00fdm, odstaven\u00fdm", "rok": 2015, "hmotna_sko": 50000, "cas": "0:00:00", "tezce_zran": 0, "pricina": "\u0159idi\u010d se pln\u011b nev\u011bnoval \u0159\u00edzen\u00ed vozidla", "x": 16.488181, "y": 49.05532, "mesic": 3, "objectid": 910, "lehce_zran": 0}}, {"type": "Feature", "geometry": {"type": "Point", "coordinates": [16.644455, 49.201104]}, "properties": {"fid": 910, "den": 30, "usmrceno": 0, "druh": "sr\u00e1\u017eka s vozidlem zaparkovan\u00fdm, odstaven\u00fdm", "rok": 2015, "hmotna_sko": 1000, "cas": "0:00:00", "tezce_zran": 0, "pricina": "\u0159idi\u010d se pln\u011b nev\u011bnoval \u0159\u00edzen\u00ed vozidla", "x": 16.644455, "y": 49.201104, "mesic": 3, "objectid": 911, "lehce_zran": 0}}, {"type": "Feature", "geometry": {"type": "Point", "coordinates": [16.555652, 49.166582]}, "properties": {"fid": 911, "den": 24, "usmrceno": 0, "druh": "sr\u00e1\u017eka s vozidlem zaparkovan\u00fdm, odstaven\u00fdm", "rok": 2015, "hmotna_sko": 5000, "cas": "0:00:00", "tezce_zran": 0, "pricina": "vyh\u00fdb\u00e1n\u00ed bez dostate\u010dn\u00e9ho bo\u010dn\u00edho odstupu (v\u016fle)", "x": 16.555652, "y": 49.166582, "mesic": 3, "objectid": 912, "lehce_zran": 0}}, {"type": "Feature", "geometry": {"type": "Point", "coordinates": [16.62261, 49.176969]}, "properties": {"fid": 912, "den": 7, "usmrceno": 0, "druh": "sr\u00e1\u017eka s vozidlem zaparkovan\u00fdm, odstaven\u00fdm", "rok": 2015, "hmotna_sko": 2000, "cas": "0:00:00", "tezce_zran": 0, "pricina": "\u0159idi\u010d se pln\u011b nev\u011bnoval \u0159\u00edzen\u00ed vozidla", "x": 16.62261, "y": 49.176969, "mesic": 3, "objectid": 913, "lehce_zran": 0}}, {"type": "Feature", "geometry": {"type": "Point", "coordinates": [16.607121, 49.193725]}, "properties": {"fid": 914, "den": 2, "usmrceno": 0, "druh": "sr\u00e1\u017eka s vozidlem zaparkovan\u00fdm, odstaven\u00fdm", "rok": 2015, "hmotna_sko": 10000, "cas": "0:00:00", "tezce_zran": 0, "pricina": "\u0159idi\u010d se pln\u011b nev\u011bnoval \u0159\u00edzen\u00ed vozidla", "x": 16.607121, "y": 49.193725, "mesic": 3, "objectid": 915, "lehce_zran": 0}}, {"type": "Feature", "geometry": {"type": "Point", "coordinates": [16.718282, 49.167528]}, "properties": {"fid": 915, "den": 8, "usmrceno": 0, "druh": "sr\u00e1\u017eka s vozidlem zaparkovan\u00fdm, odstaven\u00fdm", "rok": 2015, "hmotna_sko": 5000, "cas": "0:00:00", "tezce_zran": 0, "pricina": "nespr\u00e1vn\u00e9 ot\u00e1\u010den\u00ed nebo couv\u00e1n\u00ed", "x": 16.718282, "y": 49.167528, "mesic": 3, "objectid": 916, "lehce_zran": 0}}, {"type": "Feature", "geometry": {"type": "Point", "coordinates": [16.56538, 49.215586]}, "properties": {"fid": 917, "den": 10, "usmrceno": 0, "druh": "sr\u00e1\u017eka s jedouc\u00edm nekolejov\u00fdm vozidlem", "rok": 2015, "hmotna_sko": 10000, "cas": "0:00:00", "tezce_zran": 0, "pricina": "p\u0159i p\u0159edj\u00ed\u017ed\u011bn\u00ed do\u0161lo k ohro\u017een\u00ed protijedouc\u00edho \u0159idi\u010de vozidla (\u0161patn\u00fd odhad vzd\u00e1lenosti pot\u0159ebn\u00e9 k p\u0159edjet\u00ed apod.)", "x": 16.56538, "y": 49.215586, "mesic": 3, "objectid": 918, "lehce_zran": 0}}, {"type": "Feature", "geometry": {"type": "Point", "coordinates": [16.600078, 49.197308]}, "properties": {"fid": 918, "den": 10, "usmrceno": 0, "druh": "sr\u00e1\u017eka s pevnou p\u0159ek\u00e1\u017ekou", "rok": 2015, "hmotna_sko": 10000, "cas": "0:00:00", "tezce_zran": 0, "pricina": "\u0159idi\u010d se pln\u011b nev\u011bnoval \u0159\u00edzen\u00ed vozidla", "x": 16.600078, "y": 49.197308, "mesic": 3, "objectid": 919, "lehce_zran": 0}}, {"type": "Feature", "geometry": {"type": "Point", "coordinates": [16.577582, 49.222119]}, "properties": {"fid": 919, "den": 18, "usmrceno": 0, "druh": "sr\u00e1\u017eka s vozidlem zaparkovan\u00fdm, odstaven\u00fdm", "rok": 2015, "hmotna_sko": 10000, "cas": "0:00:00", "tezce_zran": 0, "pricina": "\u0159idi\u010d se pln\u011b nev\u011bnoval \u0159\u00edzen\u00ed vozidla", "x": 16.577582, "y": 49.222119, "mesic": 3, "objectid": 920, "lehce_zran": 0}}, {"type": "Feature", "geometry": {"type": "Point", "coordinates": [16.528461, 49.189718]}, "properties": {"fid": 920, "den": 28, "usmrceno": 0, "druh": "sr\u00e1\u017eka s vozidlem zaparkovan\u00fdm, odstaven\u00fdm", "rok": 2015, "hmotna_sko": 30000, "cas": "0:00:00", "tezce_zran": 0, "pricina": "\u0159idi\u010d se pln\u011b nev\u011bnoval \u0159\u00edzen\u00ed vozidla", "x": 16.528461, "y": 49.189718, "mesic": 3, "objectid": 921, "lehce_zran": 0}}, {"type": "Feature", "geometry": {"type": "Point", "coordinates": [16.61295, 49.188849]}, "properties": {"fid": 923, "den": 25, "usmrceno": 0, "druh": "sr\u00e1\u017eka s pevnou p\u0159ek\u00e1\u017ekou", "rok": 2015, "hmotna_sko": 20000, "cas": "0:00:00", "tezce_zran": 0, "pricina": "\u0159idi\u010d se pln\u011b nev\u011bnoval \u0159\u00edzen\u00ed vozidla", "x": 16.61295, "y": 49.188849, "mesic": 3, "objectid": 924, "lehce_zran": 0}}, {"type": "Feature", "geometry": {"type": "Point", "coordinates": [16.602072, 49.138146]}, "properties": {"fid": 924, "den": 25, "usmrceno": 0, "druh": "sr\u00e1\u017eka s vozidlem zaparkovan\u00fdm, odstaven\u00fdm", "rok": 2015, "hmotna_sko": 20000, "cas": "0:00:00", "tezce_zran": 0, "pricina": "\u0159idi\u010d se pln\u011b nev\u011bnoval \u0159\u00edzen\u00ed vozidla", "x": 16.602072, "y": 49.138146, "mesic": 3, "objectid": 925, "lehce_zran": 0}}, {"type": "Feature", "geometry": {"type": "Point", "coordinates": [16.614238, 49.189572]}, "properties": {"fid": 925, "den": 5, "usmrceno": 0, "druh": "sr\u00e1\u017eka s vozidlem zaparkovan\u00fdm, odstaven\u00fdm", "rok": 2015, "hmotna_sko": 55000, "cas": "0:00:00", "tezce_zran": 0, "pricina": "vyh\u00fdb\u00e1n\u00ed bez dostate\u010dn\u00e9ho bo\u010dn\u00edho odstupu (v\u016fle)", "x": 16.614238, "y": 49.189572, "mesic": 3, "objectid": 926, "lehce_zran": 0}}, {"type": "Feature", "geometry": {"type": "Point", "coordinates": [16.606007, 49.17585]}, "properties": {"fid": 926, "den": 5, "usmrceno": 0, "druh": "sr\u00e1\u017eka s vozidlem zaparkovan\u00fdm, odstaven\u00fdm", "rok": 2015, "hmotna_sko": 20000, "cas": "0:00:00", "tezce_zran": 0, "pricina": "\u0159idi\u010d se pln\u011b nev\u011bnoval \u0159\u00edzen\u00ed vozidla", "x": 16.606007, "y": 49.17585, "mesic": 3, "objectid": 927, "lehce_zran": 0}}, {"type": "Feature", "geometry": {"type": "Point", "coordinates": [16.615055, 49.194088]}, "properties": {"fid": 928, "den": 26, "usmrceno": 0, "druh": "sr\u00e1\u017eka s vozidlem zaparkovan\u00fdm, odstaven\u00fdm", "rok": 2015, "hmotna_sko": 20000, "cas": "0:00:00", "tezce_zran": 0, "pricina": "\u0159idi\u010d se pln\u011b nev\u011bnoval \u0159\u00edzen\u00ed vozidla", "x": 16.615055, "y": 49.194088, "mesic": 3, "objectid": 929, "lehce_zran": 0}}, {"type": "Feature", "geometry": {"type": "Point", "coordinates": [16.581747, 49.247017]}, "properties": {"fid": 931, "den": 6, "usmrceno": 0, "druh": "sr\u00e1\u017eka s vozidlem zaparkovan\u00fdm, odstaven\u00fdm", "rok": 2015, "hmotna_sko": 5000, "cas": "0:00:00", "tezce_zran": 0, "pricina": "\u0159idi\u010d se pln\u011b nev\u011bnoval \u0159\u00edzen\u00ed vozidla", "x": 16.581747, "y": 49.247017, "mesic": 3, "objectid": 932, "lehce_zran": 0}}, {"type": "Feature", "geometry": {"type": "Point", "coordinates": [16.586307, 49.18782]}, "properties": {"fid": 932, "den": 27, "usmrceno": 0, "druh": "sr\u00e1\u017eka s vozidlem zaparkovan\u00fdm, odstaven\u00fdm", "rok": 2015, "hmotna_sko": 5000, "cas": "0:00:00", "tezce_zran": 0, "pricina": "\u0159idi\u010d se pln\u011b nev\u011bnoval \u0159\u00edzen\u00ed vozidla", "x": 16.586307, "y": 49.18782, "mesic": 3, "objectid": 933, "lehce_zran": 0}}, {"type": "Feature", "geometry": {"type": "Point", "coordinates": [16.583303, 49.230636]}, "properties": {"fid": 933, "den": 31, "usmrceno": 0, "druh": "sr\u00e1\u017eka s vozidlem zaparkovan\u00fdm, odstaven\u00fdm", "rok": 2015, "hmotna_sko": 3000, "cas": "0:00:00", "tezce_zran": 0, "pricina": "\u0159idi\u010d se pln\u011b nev\u011bnoval \u0159\u00edzen\u00ed vozidla", "x": 16.583303, "y": 49.230636, "mesic": 3, "objectid": 934, "lehce_zran": 0}}, {"type": "Feature", "geometry": {"type": "Point", "coordinates": [16.579452, 49.198577]}, "properties": {"fid": 934, "den": 16, "usmrceno": 0, "druh": "sr\u00e1\u017eka s vozidlem zaparkovan\u00fdm, odstaven\u00fdm", "rok": 2015, "hmotna_sko": 10000, "cas": "0:00:00", "tezce_zran": 0, "pricina": "\u0159idi\u010d se pln\u011b nev\u011bnoval \u0159\u00edzen\u00ed vozidla", "x": 16.579452, "y": 49.198577, "mesic": 3, "objectid": 935, "lehce_zran": 0}}, {"type": "Feature", "geometry": {"type": "Point", "coordinates": [16.564644, 49.264828]}, "properties": {"fid": 935, "den": 11, "usmrceno": 0, "druh": "sr\u00e1\u017eka s vozidlem zaparkovan\u00fdm, odstaven\u00fdm", "rok": 2015, "hmotna_sko": 20000, "cas": "0:00:00", "tezce_zran": 0, "pricina": "\u0159idi\u010d se pln\u011b nev\u011bnoval \u0159\u00edzen\u00ed vozidla", "x": 16.564644, "y": 49.264828, "mesic": 3, "objectid": 936, "lehce_zran": 0}}, {"type": "Feature", "geometry": {"type": "Point", "coordinates": [16.587367, 49.186255]}, "properties": {"fid": 936, "den": 15, "usmrceno": 0, "druh": "sr\u00e1\u017eka s vozidlem zaparkovan\u00fdm, odstaven\u00fdm", "rok": 2015, "hmotna_sko": 1000, "cas": "0:00:00", "tezce_zran": 0, "pricina": "\u0159idi\u010d se pln\u011b nev\u011bnoval \u0159\u00edzen\u00ed vozidla", "x": 16.587367, "y": 49.186255, "mesic": 3, "objectid": 937, "lehce_zran": 0}}, {"type": "Feature", "geometry": {"type": "Point", "coordinates": [16.604198, 49.089318]}, "properties": {"fid": 938, "den": 24, "usmrceno": 0, "druh": "sr\u00e1\u017eka s jedouc\u00edm nekolejov\u00fdm vozidlem", "rok": 2015, "hmotna_sko": 30000, "cas": "0:00:00", "tezce_zran": 0, "pricina": "jin\u00fd druh nespr\u00e1vn\u00e9ho zp\u016fsobu j\u00edzdy", "x": 16.604198, "y": 49.089318, "mesic": 3, "objectid": 939, "lehce_zran": 0}}, {"type": "Feature", "geometry": {"type": "Point", "coordinates": [16.684898, 49.166256]}, "properties": {"fid": 939, "den": 30, "usmrceno": 0, "druh": "sr\u00e1\u017eka s vozidlem zaparkovan\u00fdm, odstaven\u00fdm", "rok": 2015, "hmotna_sko": 40000, "cas": "0:00:00", "tezce_zran": 0, "pricina": "\u0159idi\u010d se pln\u011b nev\u011bnoval \u0159\u00edzen\u00ed vozidla", "x": 16.684898, "y": 49.166256, "mesic": 3, "objectid": 940, "lehce_zran": 0}}, {"type": "Feature", "geometry": {"type": "Point", "coordinates": [16.685998, 49.211122]}, "properties": {"fid": 940, "den": 26, "usmrceno": 0, "druh": "sr\u00e1\u017eka s vozidlem zaparkovan\u00fdm, odstaven\u00fdm", "rok": 2015, "hmotna_sko": 10000, "cas": "0:00:00", "tezce_zran": 0, "pricina": "\u0159idi\u010d se pln\u011b nev\u011bnoval \u0159\u00edzen\u00ed vozidla", "x": 16.685998, "y": 49.211122, "mesic": 3, "objectid": 941, "lehce_zran": 0}}, {"type": "Feature", "geometry": {"type": "Point", "coordinates": [16.656655, 49.213171]}, "properties": {"fid": 942, "den": 5, "usmrceno": 0, "druh": "sr\u00e1\u017eka s pevnou p\u0159ek\u00e1\u017ekou", "rok": 2015, "hmotna_sko": 15000, "cas": "0:00:00", "tezce_zran": 0, "pricina": "\u0159idi\u010d se pln\u011b nev\u011bnoval \u0159\u00edzen\u00ed vozidla", "x": 16.656655, "y": 49.213171, "mesic": 3, "objectid": 943, "lehce_zran": 0}}, {"type": "Feature", "geometry": {"type": "Point", "coordinates": [16.658684, 49.184249]}, "properties": {"fid": 943, "den": 11, "usmrceno": 0, "druh": "sr\u00e1\u017eka s vozidlem zaparkovan\u00fdm, odstaven\u00fdm", "rok": 2015, "hmotna_sko": 20000, "cas": "0:00:00", "tezce_zran": 0, "pricina": "vyh\u00fdb\u00e1n\u00ed bez dostate\u010dn\u00e9ho bo\u010dn\u00edho odstupu (v\u016fle)", "x": 16.658684, "y": 49.184249, "mesic": 3, "objectid": 944, "lehce_zran": 0}}, {"type": "Feature", "geometry": {"type": "Point", "coordinates": [16.567129, 49.175404]}, "properties": {"fid": 944, "den": 4, "usmrceno": 0, "druh": "sr\u00e1\u017eka s vozidlem zaparkovan\u00fdm, odstaven\u00fdm", "rok": 2015, "hmotna_sko": 5000, "cas": "0:00:00", "tezce_zran": 0, "pricina": "\u0159idi\u010d se pln\u011b nev\u011bnoval \u0159\u00edzen\u00ed vozidla", "x": 16.567129, "y": 49.175404, "mesic": 3, "objectid": 945, "lehce_zran": 0}}, {"type": "Feature", "geometry": {"type": "Point", "coordinates": [16.593191, 49.223702]}, "properties": {"fid": 945, "den": 29, "usmrceno": 0, "druh": "sr\u00e1\u017eka s vozidlem zaparkovan\u00fdm, odstaven\u00fdm", "rok": 2015, "hmotna_sko": 30000, "cas": "0:00:00", "tezce_zran": 0, "pricina": "vyh\u00fdb\u00e1n\u00ed bez dostate\u010dn\u00e9ho bo\u010dn\u00edho odstupu (v\u016fle)", "x": 16.593191, "y": 49.223702, "mesic": 3, "objectid": 946, "lehce_zran": 0}}, {"type": "Feature", "geometry": {"type": "Point", "coordinates": [16.653625, 49.227258]}, "properties": {"fid": 946, "den": 12, "usmrceno": 0, "druh": "jin\u00fd druh nehody", "rok": 2015, "hmotna_sko": 5000, "cas": "0:00:00", "tezce_zran": 0, "pricina": "\u0159idi\u010d se pln\u011b nev\u011bnoval \u0159\u00edzen\u00ed vozidla", "x": 16.653625, "y": 49.227258, "mesic": 3, "objectid": 947, "lehce_zran": 0}}, {"type": "Feature", "geometry": {"type": "Point", "coordinates": [16.656536, 49.191271]}, "properties": {"fid": 947, "den": 28, "usmrceno": 0, "druh": "sr\u00e1\u017eka s vozidlem zaparkovan\u00fdm, odstaven\u00fdm", "rok": 2015, "hmotna_sko": 12000, "cas": "0:00:00", "tezce_zran": 0, "pricina": "\u0159idi\u010d se pln\u011b nev\u011bnoval \u0159\u00edzen\u00ed vozidla", "x": 16.656536, "y": 49.191271, "mesic": 3, "objectid": 948, "lehce_zran": 0}}, {"type": "Feature", "geometry": {"type": "Point", "coordinates": [16.593762, 49.197096]}, "properties": {"fid": 948, "den": 29, "usmrceno": 0, "druh": "sr\u00e1\u017eka s pevnou p\u0159ek\u00e1\u017ekou", "rok": 2015, "hmotna_sko": 1000, "cas": "0:00:00", "tezce_zran": 0, "pricina": "\u0159idi\u010d se pln\u011b nev\u011bnoval \u0159\u00edzen\u00ed vozidla", "x": 16.593762, "y": 49.197096, "mesic": 3, "objectid": 949, "lehce_zran": 0}}, {"type": "Feature", "geometry": {"type": "Point", "coordinates": [16.623671, 49.196098]}, "properties": {"fid": 949, "den": 27, "usmrceno": 0, "druh": "sr\u00e1\u017eka s vozidlem zaparkovan\u00fdm, odstaven\u00fdm", "rok": 2015, "hmotna_sko": 20000, "cas": "0:00:00", "tezce_zran": 0, "pricina": "\u0159idi\u010d se pln\u011b nev\u011bnoval \u0159\u00edzen\u00ed vozidla", "x": 16.623671, "y": 49.196098, "mesic": 3, "objectid": 950, "lehce_zran": 0}}, {"type": "Feature", "geometry": {"type": "Point", "coordinates": [16.588592, 49.188588]}, "properties": {"fid": 950, "den": 20, "usmrceno": 0, "druh": "sr\u00e1\u017eka s vozidlem zaparkovan\u00fdm, odstaven\u00fdm", "rok": 2015, "hmotna_sko": 2000, "cas": "0:00:00", "tezce_zran": 0, "pricina": "\u0159idi\u010d se pln\u011b nev\u011bnoval \u0159\u00edzen\u00ed vozidla", "x": 16.588592, "y": 49.188588, "mesic": 3, "objectid": 951, "lehce_zran": 0}}, {"type": "Feature", "geometry": {"type": "Point", "coordinates": [16.617643, 49.222966]}, "properties": {"fid": 951, "den": 1, "usmrceno": 0, "druh": "sr\u00e1\u017eka s pevnou p\u0159ek\u00e1\u017ekou", "rok": 2015, "hmotna_sko": 10000, "cas": "0:00:00", "tezce_zran": 0, "pricina": "nep\u0159izp\u016fsoben\u00ed rychlosti dopravn\u011b technick\u00e9mu stavu vozovky (zat\u00e1\u010dka, kles\u00e1n\u00ed, stoup\u00e1n\u00ed, \u0161\u00ed\u0159ka vozovky apod.)", "x": 16.617643, "y": 49.222966, "mesic": 3, "objectid": 952, "lehce_zran": 0}}, {"type": "Feature", "geometry": {"type": "Point", "coordinates": [16.694305, 49.188721]}, "properties": {"fid": 952, "den": 3, "usmrceno": 1, "druh": "sr\u00e1\u017eka s jedouc\u00edm nekolejov\u00fdm vozidlem", "rok": 2015, "hmotna_sko": 202000, "cas": "0:00:00", "tezce_zran": 1, "pricina": "j\u00edzda po nespr\u00e1vn\u00e9 stran\u011b vozovky, vjet\u00ed do protism\u011bru", "x": 16.694305, "y": 49.188721, "mesic": 4, "objectid": 953, "lehce_zran": 1}}, {"type": "Feature", "geometry": {"type": "Point", "coordinates": [16.4412, 49.263582]}, "properties": {"fid": 953, "den": 24, "usmrceno": 1, "druh": "sr\u00e1\u017eka s jedouc\u00edm nekolejov\u00fdm vozidlem", "rok": 2015, "hmotna_sko": 190000, "cas": "0:00:00", "tezce_zran": 0, "pricina": "nep\u0159izp\u016fsoben\u00ed rychlosti dopravn\u011b technick\u00e9mu stavu vozovky (zat\u00e1\u010dka, kles\u00e1n\u00ed, stoup\u00e1n\u00ed, \u0161\u00ed\u0159ka vozovky apod.)", "x": 16.4412, "y": 49.263582, "mesic": 4, "objectid": 954, "lehce_zran": 1}}, {"type": "Feature", "geometry": {"type": "Point", "coordinates": [16.539439, 49.174084]}, "properties": {"fid": 955, "den": 27, "usmrceno": 0, "druh": "sr\u00e1\u017eka s jedouc\u00edm nekolejov\u00fdm vozidlem", "rok": 2015, "hmotna_sko": 132000, "cas": "0:00:00", "tezce_zran": 1, "pricina": "p\u0159i vj\u00ed\u017ed\u011bn\u00ed na silnici", "x": 16.539439, "y": 49.174084, "mesic": 4, "objectid": 956, "lehce_zran": 1}}, {"type": "Feature", "geometry": {"type": "Point", "coordinates": [16.660156, 49.205421]}, "properties": {"fid": 956, "den": 21, "usmrceno": 0, "druh": "jin\u00fd druh nehody", "rok": 2015, "hmotna_sko": 0, "cas": "0:00:00", "tezce_zran": 1, "pricina": "nezavin\u011bn\u00e1 \u0159idi\u010dem", "x": 16.660156, "y": 49.205421, "mesic": 4, "objectid": 957, "lehce_zran": 0}}, {"type": "Feature", "geometry": {"type": "Point", "coordinates": [16.565323, 49.172353]}, "properties": {"fid": 958, "den": 27, "usmrceno": 0, "druh": "sr\u00e1\u017eka s jedouc\u00edm nekolejov\u00fdm vozidlem", "rok": 2015, "hmotna_sko": 110000, "cas": "0:00:00", "tezce_zran": 1, "pricina": "p\u0159i odbo\u010dov\u00e1n\u00ed vlevo", "x": 16.565323, "y": 49.172353, "mesic": 4, "objectid": 959, "lehce_zran": 0}}, {"type": "Feature", "geometry": {"type": "Point", "coordinates": [16.605508, 49.205891]}, "properties": {"fid": 960, "den": 7, "usmrceno": 0, "druh": "sr\u00e1\u017eka s chodcem", "rok": 2015, "hmotna_sko": 20000, "cas": "0:00:00", "tezce_zran": 1, "pricina": "chodci na vyzna\u010den\u00e9m p\u0159echodu", "x": 16.605508, "y": 49.205891, "mesic": 4, "objectid": 961, "lehce_zran": 0}}, {"type": "Feature", "geometry": {"type": "Point", "coordinates": [16.619098, 49.198184]}, "properties": {"fid": 961, "den": 25, "usmrceno": 0, "druh": "sr\u00e1\u017eka s chodcem", "rok": 2015, "hmotna_sko": 0, "cas": "0:00:00", "tezce_zran": 1, "pricina": "nezavin\u011bn\u00e1 \u0159idi\u010dem", "x": 16.619098, "y": 49.198184, "mesic": 4, "objectid": 962, "lehce_zran": 0}}, {"type": "Feature", "geometry": {"type": "Point", "coordinates": [16.483936, 49.180932]}, "properties": {"fid": 962, "den": 10, "usmrceno": 0, "druh": "sr\u00e1\u017eka s jedouc\u00edm nekolejov\u00fdm vozidlem", "rok": 2015, "hmotna_sko": 160000, "cas": "0:00:00", "tezce_zran": 1, "pricina": "chyby p\u0159i ud\u00e1n\u00ed sm\u011bru j\u00edzdy", "x": 16.483936, "y": 49.180932, "mesic": 4, "objectid": 963, "lehce_zran": 1}}, {"type": "Feature", "geometry": {"type": "Point", "coordinates": [16.560949, 49.289334]}, "properties": {"fid": 963, "den": 24, "usmrceno": 0, "druh": "sr\u00e1\u017eka s jedouc\u00edm nekolejov\u00fdm vozidlem", "rok": 2015, "hmotna_sko": 150000, "cas": "0:00:00", "tezce_zran": 1, "pricina": "p\u0159i odbo\u010dov\u00e1n\u00ed vlevo", "x": 16.560949, "y": 49.289334, "mesic": 4, "objectid": 964, "lehce_zran": 0}}, {"type": "Feature", "geometry": {"type": "Point", "coordinates": [16.660879, 49.075066]}, "properties": {"fid": 965, "den": 6, "usmrceno": 0, "druh": "sr\u00e1\u017eka s chodcem", "rok": 2015, "hmotna_sko": 0, "cas": "0:00:00", "tezce_zran": 1, "pricina": "\u0159idi\u010d se pln\u011b nev\u011bnoval \u0159\u00edzen\u00ed vozidla", "x": 16.660879, "y": 49.075066, "mesic": 4, "objectid": 966, "lehce_zran": 0}}, {"type": "Feature", "geometry": {"type": "Point", "coordinates": [16.780929, 49.185219]}, "properties": {"fid": 966, "den": 13, "usmrceno": 0, "druh": "nehoda", "rok": 2015, "hmotna_sko": 10000, "cas": "0:00:00", "tezce_zran": 1, "pricina": "proti p\u0159\u00edkazu dopravn\u00ed zna\u010dky dej p\u0159ednost", "x": 16.780929, "y": 49.185219, "mesic": 4, "objectid": 967, "lehce_zran": 0}}, {"type": "Feature", "geometry": {"type": "Point", "coordinates": [16.77168, 49.108777]}, "properties": {"fid": 967, "den": 10, "usmrceno": 0, "druh": "sr\u00e1\u017eka s jedouc\u00edm nekolejov\u00fdm vozidlem", "rok": 2015, "hmotna_sko": 40000, "cas": "0:00:00", "tezce_zran": 0, "pricina": "\u0159idi\u010d se pln\u011b nev\u011bnoval \u0159\u00edzen\u00ed vozidla", "x": 16.77168, "y": 49.108777, "mesic": 4, "objectid": 968, "lehce_zran": 1}}, {"type": "Feature", "geometry": {"type": "Point", "coordinates": [16.583392, 49.189863]}, "properties": {"fid": 969, "den": 8, "usmrceno": 0, "druh": "sr\u00e1\u017eka s vozidlem zaparkovan\u00fdm, odstaven\u00fdm", "rok": 2015, "hmotna_sko": 112000, "cas": "0:00:00", "tezce_zran": 0, "pricina": "\u0159idi\u010d se pln\u011b nev\u011bnoval \u0159\u00edzen\u00ed vozidla", "x": 16.583392, "y": 49.189863, "mesic": 4, "objectid": 970, "lehce_zran": 1}}, {"type": "Feature", "geometry": {"type": "Point", "coordinates": [16.623742, 49.204504]}, "properties": {"fid": 970, "den": 8, "usmrceno": 0, "druh": "nehoda", "rok": 2015, "hmotna_sko": 0, "cas": "0:00:00", "tezce_zran": 0, "pricina": "nep\u0159izp\u016fsoben\u00ed rychlosti dopravn\u011b technick\u00e9mu stavu vozovky (zat\u00e1\u010dka, kles\u00e1n\u00ed, stoup\u00e1n\u00ed, \u0161\u00ed\u0159ka vozovky apod.)", "x": 16.623742, "y": 49.204504, "mesic": 4, "objectid": 971, "lehce_zran": 1}}, {"type": "Feature", "geometry": {"type": "Point", "coordinates": [16.61276, 49.197706]}, "properties": {"fid": 971, "den": 9, "usmrceno": 0, "druh": "jin\u00fd druh nehody", "rok": 2015, "hmotna_sko": 0, "cas": "0:00:00", "tezce_zran": 0, "pricina": "vozidlu p\u0159ij\u00ed\u017ed\u011bj\u00edc\u00edmu zprava", "x": 16.61276, "y": 49.197706, "mesic": 4, "objectid": 972, "lehce_zran": 1}}, {"type": "Feature", "geometry": {"type": "Point", "coordinates": [16.652521, 49.153344]}, "properties": {"fid": 972, "den": 7, "usmrceno": 0, "druh": "sr\u00e1\u017eka s chodcem", "rok": 2015, "hmotna_sko": 0, "cas": "0:00:00", "tezce_zran": 0, "pricina": "nespr\u00e1vn\u00e9 ot\u00e1\u010den\u00ed nebo couv\u00e1n\u00ed", "x": 16.652521, "y": 49.153344, "mesic": 4, "objectid": 973, "lehce_zran": 1}}, {"type": "Feature", "geometry": {"type": "Point", "coordinates": [16.713346, 49.106209]}, "properties": {"fid": 973, "den": 11, "usmrceno": 0, "druh": "sr\u00e1\u017eka s jedouc\u00edm nekolejov\u00fdm vozidlem", "rok": 2015, "hmotna_sko": 80000, "cas": "0:00:00", "tezce_zran": 0, "pricina": "proti p\u0159\u00edkazu dopravn\u00ed zna\u010dky dej p\u0159ednost", "x": 16.713346, "y": 49.106209, "mesic": 4, "objectid": 974, "lehce_zran": 1}}, {"type": "Feature", "geometry": {"type": "Point", "coordinates": [16.488276, 49.182301]}, "properties": {"fid": 975, "den": 1, "usmrceno": 0, "druh": "sr\u00e1\u017eka s jedouc\u00edm nekolejov\u00fdm vozidlem", "rok": 2015, "hmotna_sko": 200000, "cas": "0:00:00", "tezce_zran": 0, "pricina": "\u0159idi\u010d se pln\u011b nev\u011bnoval \u0159\u00edzen\u00ed vozidla", "x": 16.488276, "y": 49.182301, "mesic": 4, "objectid": 976, "lehce_zran": 1}}, {"type": "Feature", "geometry": {"type": "Point", "coordinates": [16.569298, 49.166152]}, "properties": {"fid": 979, "den": 18, "usmrceno": 0, "druh": "sr\u00e1\u017eka s jedouc\u00edm nekolejov\u00fdm vozidlem", "rok": 2015, "hmotna_sko": 110000, "cas": "0:00:00", "tezce_zran": 0, "pricina": "p\u0159i odbo\u010dov\u00e1n\u00ed vlevo", "x": 16.569298, "y": 49.166152, "mesic": 4, "objectid": 980, "lehce_zran": 1}}, {"type": "Feature", "geometry": {"type": "Point", "coordinates": [16.665149, 49.143446]}, "properties": {"fid": 980, "den": 17, "usmrceno": 0, "druh": "sr\u00e1\u017eka s jedouc\u00edm nekolejov\u00fdm vozidlem", "rok": 2015, "hmotna_sko": 90000, "cas": "0:00:00", "tezce_zran": 0, "pricina": "nep\u0159izp\u016fsoben\u00ed rychlosti stavu vozovky (n\u00e1led\u00ed, v\u00fdtluky, bl\u00e1to, mokr\u00fd povrch apod.)", "x": 16.665149, "y": 49.143446, "mesic": 4, "objectid": 981, "lehce_zran": 1}}, {"type": "Feature", "geometry": {"type": "Point", "coordinates": [16.693368, 49.182345]}, "properties": {"fid": 981, "den": 27, "usmrceno": 0, "druh": "sr\u00e1\u017eka s jedouc\u00edm nekolejov\u00fdm vozidlem", "rok": 2015, "hmotna_sko": 60000, "cas": "0:00:00", "tezce_zran": 0, "pricina": "\u0159idi\u010d se pln\u011b nev\u011bnoval \u0159\u00edzen\u00ed vozidla", "x": 16.693368, "y": 49.182345, "mesic": 4, "objectid": 982, "lehce_zran": 1}}, {"type": "Feature", "geometry": {"type": "Point", "coordinates": [16.615762, 49.171471]}, "properties": {"fid": 982, "den": 26, "usmrceno": 0, "druh": "sr\u00e1\u017eka s jedouc\u00edm nekolejov\u00fdm vozidlem", "rok": 2015, "hmotna_sko": 140000, "cas": "0:00:00", "tezce_zran": 0, "pricina": "\u0159idi\u010d se pln\u011b nev\u011bnoval \u0159\u00edzen\u00ed vozidla", "x": 16.615762, "y": 49.171471, "mesic": 4, "objectid": 983, "lehce_zran": 2}}, {"type": "Feature", "geometry": {"type": "Point", "coordinates": [16.575301, 49.218539]}, "properties": {"fid": 983, "den": 14, "usmrceno": 0, "druh": "sr\u00e1\u017eka s chodcem", "rok": 2015, "hmotna_sko": 0, "cas": "0:00:00", "tezce_zran": 0, "pricina": "nespr\u00e1vn\u00e9 ot\u00e1\u010den\u00ed nebo couv\u00e1n\u00ed", "x": 16.575301, "y": 49.218539, "mesic": 4, "objectid": 984, "lehce_zran": 1}}, {"type": "Feature", "geometry": {"type": "Point", "coordinates": [16.724578, 49.158498]}, "properties": {"fid": 984, "den": 24, "usmrceno": 0, "druh": "sr\u00e1\u017eka s vozidlem zaparkovan\u00fdm, odstaven\u00fdm", "rok": 2015, "hmotna_sko": 6000, "cas": "0:00:00", "tezce_zran": 0, "pricina": "jin\u00fd druh nespr\u00e1vn\u00e9ho zp\u016fsobu j\u00edzdy", "x": 16.724578, "y": 49.158498, "mesic": 4, "objectid": 985, "lehce_zran": 1}}, {"type": "Feature", "geometry": {"type": "Point", "coordinates": [16.61209, 49.191128]}, "properties": {"fid": 986, "den": 26, "usmrceno": 0, "druh": "sr\u00e1\u017eka s chodcem", "rok": 2015, "hmotna_sko": 0, "cas": "0:00:00", "tezce_zran": 0, "pricina": "nezavin\u011bn\u00e1 \u0159idi\u010dem", "x": 16.61209, "y": 49.191128, "mesic": 4, "objectid": 987, "lehce_zran": 1}}, {"type": "Feature", "geometry": {"type": "Point", "coordinates": [16.570465, 49.207019]}, "properties": {"fid": 987, "den": 30, "usmrceno": 0, "druh": "sr\u00e1\u017eka s jedouc\u00edm nekolejov\u00fdm vozidlem", "rok": 2015, "hmotna_sko": 150000, "cas": "0:00:00", "tezce_zran": 0, "pricina": "\u0159idi\u010d se pln\u011b nev\u011bnoval \u0159\u00edzen\u00ed vozidla", "x": 16.570465, "y": 49.207019, "mesic": 4, "objectid": 988, "lehce_zran": 1}}, {"type": "Feature", "geometry": {"type": "Point", "coordinates": [16.518, 49.21799]}, "properties": {"fid": 989, "den": 27, "usmrceno": 0, "druh": "sr\u00e1\u017eka s chodcem", "rok": 2015, "hmotna_sko": 10000, "cas": "0:00:00", "tezce_zran": 0, "pricina": "nezavin\u011bn\u00e1 \u0159idi\u010dem", "x": 16.518, "y": 49.21799, "mesic": 4, "objectid": 990, "lehce_zran": 1}}, {"type": "Feature", "geometry": {"type": "Point", "coordinates": [16.603513, 49.189155]}, "properties": {"fid": 990, "den": 27, "usmrceno": 0, "druh": "nehoda", "rok": 2015, "hmotna_sko": 2000, "cas": "0:00:00", "tezce_zran": 0, "pricina": "\u0159idi\u010d se pln\u011b nev\u011bnoval \u0159\u00edzen\u00ed vozidla", "x": 16.603513, "y": 49.189155, "mesic": 4, "objectid": 991, "lehce_zran": 1}}, {"type": "Feature", "geometry": {"type": "Point", "coordinates": [16.553528, 49.21774]}, "properties": {"fid": 991, "den": 25, "usmrceno": 0, "druh": "jin\u00fd druh nehody", "rok": 2015, "hmotna_sko": 0, "cas": "0:00:00", "tezce_zran": 0, "pricina": "bezohledn\u00e1, agresivn\u00ed, neohledupln\u00e1 j\u00edzda", "x": 16.553528, "y": 49.21774, "mesic": 4, "objectid": 992, "lehce_zran": 1}}, {"type": "Feature", "geometry": {"type": "Point", "coordinates": [16.766234, 49.124595]}, "properties": {"fid": 992, "den": 21, "usmrceno": 0, "druh": "nehoda", "rok": 2015, "hmotna_sko": 30000, "cas": "0:00:00", "tezce_zran": 0, "pricina": "nep\u0159izp\u016fsoben\u00ed rychlosti dopravn\u011b technick\u00e9mu stavu vozovky (zat\u00e1\u010dka, kles\u00e1n\u00ed, stoup\u00e1n\u00ed, \u0161\u00ed\u0159ka vozovky apod.)", "x": 16.766234, "y": 49.124595, "mesic": 4, "objectid": 993, "lehce_zran": 1}}, {"type": "Feature", "geometry": {"type": "Point", "coordinates": [16.586839, 49.233318]}, "properties": {"fid": 993, "den": 21, "usmrceno": 0, "druh": "sr\u00e1\u017eka s jedouc\u00edm nekolejov\u00fdm vozidlem", "rok": 2015, "hmotna_sko": 230000, "cas": "0:00:00", "tezce_zran": 0, "pricina": "p\u0159i odbo\u010dov\u00e1n\u00ed vlevo", "x": 16.586839, "y": 49.233318, "mesic": 4, "objectid": 994, "lehce_zran": 1}}, {"type": "Feature", "geometry": {"type": "Point", "coordinates": [16.446155, 49.156986]}, "properties": {"fid": 994, "den": 18, "usmrceno": 0, "druh": "sr\u00e1\u017eka s jedouc\u00edm nekolejov\u00fdm vozidlem", "rok": 2015, "hmotna_sko": 60000, "cas": "0:00:00", "tezce_zran": 0, "pricina": "p\u0159i vj\u00ed\u017ed\u011bn\u00ed na silnici", "x": 16.446155, "y": 49.156986, "mesic": 4, "objectid": 995, "lehce_zran": 1}}, {"type": "Feature", "geometry": {"type": "Point", "coordinates": [16.595755, 49.191011]}, "properties": {"fid": 997, "den": 2, "usmrceno": 0, "druh": "sr\u00e1\u017eka s chodcem", "rok": 2015, "hmotna_sko": 0, "cas": "0:00:00", "tezce_zran": 0, "pricina": "nezavin\u011bn\u00e1 \u0159idi\u010dem", "x": 16.595755, "y": 49.191011, "mesic": 4, "objectid": 998, "lehce_zran": 1}}, {"type": "Feature", "geometry": {"type": "Point", "coordinates": [16.640005, 49.212415]}, "properties": {"fid": 999, "den": 16, "usmrceno": 0, "druh": "sr\u00e1\u017eka s jedouc\u00edm nekolejov\u00fdm vozidlem", "rok": 2015, "hmotna_sko": 6000, "cas": "0:00:00", "tezce_zran": 0, "pricina": "nedodr\u017een\u00ed bezpe\u010dn\u00e9 vzd\u00e1lenosti za vozidlem", "x": 16.640005, "y": 49.212415, "mesic": 4, "objectid": 1000, "lehce_zran": 1}}, {"type": "Feature", "geometry": {"type": "Point", "coordinates": [16.636815, 49.1616]}, "properties": {"fid": 1001, "den": 10, "usmrceno": 0, "druh": "sr\u00e1\u017eka s jedouc\u00edm nekolejov\u00fdm vozidlem", "rok": 2015, "hmotna_sko": 16000, "cas": "0:00:00", "tezce_zran": 0, "pricina": "proti p\u0159\u00edkazu dopravn\u00ed zna\u010dky dej p\u0159ednost", "x": 16.636815, "y": 49.1616, "mesic": 4, "objectid": 1002, "lehce_zran": 1}}, {"type": "Feature", "geometry": {"type": "Point", "coordinates": [16.600491, 49.151994]}, "properties": {"fid": 1002, "den": 10, "usmrceno": 0, "druh": "sr\u00e1\u017eka s jedouc\u00edm nekolejov\u00fdm vozidlem", "rok": 2015, "hmotna_sko": 165000, "cas": "0:00:00", "tezce_zran": 0, "pricina": "proti p\u0159\u00edkazu dopravn\u00ed zna\u010dky st\u016fj dej p\u0159ednost", "x": 16.600491, "y": 49.151994, "mesic": 4, "objectid": 1003, "lehce_zran": 1}}, {"type": "Feature", "geometry": {"type": "Point", "coordinates": [16.590823, 49.235528]}, "properties": {"fid": 1003, "den": 2, "usmrceno": 0, "druh": "sr\u00e1\u017eka s jedouc\u00edm nekolejov\u00fdm vozidlem", "rok": 2015, "hmotna_sko": 140000, "cas": "0:00:00", "tezce_zran": 0, "pricina": "nep\u0159izp\u016fsoben\u00ed rychlosti stavu vozovky (n\u00e1led\u00ed, v\u00fdtluky, bl\u00e1to, mokr\u00fd povrch apod.)", "x": 16.590823, "y": 49.235528, "mesic": 4, "objectid": 1004, "lehce_zran": 1}}, {"type": "Feature", "geometry": {"type": "Point", "coordinates": [16.587197, 49.235453]}, "properties": {"fid": 1004, "den": 13, "usmrceno": 0, "druh": "sr\u00e1\u017eka s chodcem", "rok": 2015, "hmotna_sko": 10000, "cas": "0:00:00", "tezce_zran": 0, "pricina": "chodci na vyzna\u010den\u00e9m p\u0159echodu", "x": 16.587197, "y": 49.235453, "mesic": 4, "objectid": 1005, "lehce_zran": 1}}, {"type": "Feature", "geometry": {"type": "Point", "coordinates": [16.601182, 49.223766]}, "properties": {"fid": 1005, "den": 10, "usmrceno": 0, "druh": "sr\u00e1\u017eka s jedouc\u00edm nekolejov\u00fdm vozidlem", "rok": 2015, "hmotna_sko": 41000, "cas": "0:00:00", "tezce_zran": 0, "pricina": "p\u0159i ot\u00e1\u010den\u00ed nebo couv\u00e1n\u00ed", "x": 16.601182, "y": 49.223766, "mesic": 4, "objectid": 1006, "lehce_zran": 1}}, {"type": "Feature", "geometry": {"type": "Point", "coordinates": [16.56838, 49.166905]}, "properties": {"fid": 1008, "den": 18, "usmrceno": 0, "druh": "sr\u00e1\u017eka s chodcem", "rok": 2015, "hmotna_sko": 5000, "cas": "0:00:00", "tezce_zran": 0, "pricina": "nezavin\u011bn\u00e1 \u0159idi\u010dem", "x": 16.56838, "y": 49.166905, "mesic": 4, "objectid": 1009, "lehce_zran": 1}}, {"type": "Feature", "geometry": {"type": "Point", "coordinates": [16.628308, 49.166872]}, "properties": {"fid": 1009, "den": 15, "usmrceno": 0, "druh": "sr\u00e1\u017eka s jedouc\u00edm nekolejov\u00fdm vozidlem", "rok": 2015, "hmotna_sko": 55000, "cas": "0:00:00", "tezce_zran": 0, "pricina": "p\u0159i odbo\u010dov\u00e1n\u00ed vlevo", "x": 16.628308, "y": 49.166872, "mesic": 4, "objectid": 1010, "lehce_zran": 1}}, {"type": "Feature", "geometry": {"type": "Point", "coordinates": [16.67703, 49.246244]}, "properties": {"fid": 1010, "den": 22, "usmrceno": 0, "druh": "nehoda", "rok": 2015, "hmotna_sko": 0, "cas": "0:00:00", "tezce_zran": 0, "pricina": "\u0159idi\u010d se pln\u011b nev\u011bnoval \u0159\u00edzen\u00ed vozidla", "x": 16.67703, "y": 49.246244, "mesic": 4, "objectid": 1011, "lehce_zran": 1}}, {"type": "Feature", "geometry": {"type": "Point", "coordinates": [16.733701, 49.057537]}, "properties": {"fid": 1012, "den": 30, "usmrceno": 0, "druh": "sr\u00e1\u017eka s jedouc\u00edm nekolejov\u00fdm vozidlem", "rok": 2015, "hmotna_sko": 80000, "cas": "0:00:00", "tezce_zran": 0, "pricina": "\u0159idi\u010d se pln\u011b nev\u011bnoval \u0159\u00edzen\u00ed vozidla", "x": 16.733701, "y": 49.057537, "mesic": 4, "objectid": 1013, "lehce_zran": 2}}, {"type": "Feature", "geometry": {"type": "Point", "coordinates": [16.475349, 49.184535]}, "properties": {"fid": 1013, "den": 10, "usmrceno": 0, "druh": "sr\u00e1\u017eka s pevnou p\u0159ek\u00e1\u017ekou", "rok": 2015, "hmotna_sko": 70000, "cas": "0:00:00", "tezce_zran": 0, "pricina": "nep\u0159izp\u016fsoben\u00ed rychlosti dopravn\u011b technick\u00e9mu stavu vozovky (zat\u00e1\u010dka, kles\u00e1n\u00ed, stoup\u00e1n\u00ed, \u0161\u00ed\u0159ka vozovky apod.)", "x": 16.475349, "y": 49.184535, "mesic": 4, "objectid": 1014, "lehce_zran": 1}}, {"type": "Feature", "geometry": {"type": "Point", "coordinates": [16.675812, 49.163242]}, "properties": {"fid": 1014, "den": 26, "usmrceno": 0, "druh": "sr\u00e1\u017eka s pevnou p\u0159ek\u00e1\u017ekou", "rok": 2015, "hmotna_sko": 60000, "cas": "0:00:00", "tezce_zran": 0, "pricina": "nezvl\u00e1dnut\u00ed \u0159\u00edzen\u00ed vozidla", "x": 16.675812, "y": 49.163242, "mesic": 4, "objectid": 1015, "lehce_zran": 2}}, {"type": "Feature", "geometry": {"type": "Point", "coordinates": [16.756435, 49.185762]}, "properties": {"fid": 1017, "den": 29, "usmrceno": 0, "druh": "sr\u00e1\u017eka s jedouc\u00edm nekolejov\u00fdm vozidlem", "rok": 2015, "hmotna_sko": 110000, "cas": "0:00:00", "tezce_zran": 0, "pricina": "nep\u0159izp\u016fsoben\u00ed rychlosti intenzit\u011b (hustot\u011b) provozu", "x": 16.756435, "y": 49.185762, "mesic": 4, "objectid": 1018, "lehce_zran": 1}}, {"type": "Feature", "geometry": {"type": "Point", "coordinates": [16.601274, 49.155009]}, "properties": {"fid": 1018, "den": 28, "usmrceno": 0, "druh": "sr\u00e1\u017eka s chodcem", "rok": 2015, "hmotna_sko": 0, "cas": "0:00:00", "tezce_zran": 0, "pricina": "nespr\u00e1vn\u00e9 ot\u00e1\u010den\u00ed nebo couv\u00e1n\u00ed", "x": 16.601274, "y": 49.155009, "mesic": 4, "objectid": 1019, "lehce_zran": 1}}, {"type": "Feature", "geometry": {"type": "Point", "coordinates": [16.564251, 49.191234]}, "properties": {"fid": 1019, "den": 25, "usmrceno": 0, "druh": "sr\u00e1\u017eka s chodcem", "rok": 2015, "hmotna_sko": 10000, "cas": "0:00:00", "tezce_zran": 0, "pricina": "nezavin\u011bn\u00e1 \u0159idi\u010dem", "x": 16.564251, "y": 49.191234, "mesic": 4, "objectid": 1020, "lehce_zran": 1}}, {"type": "Feature", "geometry": {"type": "Point", "coordinates": [16.595172, 49.186027]}, "properties": {"fid": 1020, "den": 23, "usmrceno": 0, "druh": "sr\u00e1\u017eka s jedouc\u00edm nekolejov\u00fdm vozidlem", "rok": 2015, "hmotna_sko": 60000, "cas": "0:00:00", "tezce_zran": 0, "pricina": "nedodr\u017een\u00ed bezpe\u010dn\u00e9 vzd\u00e1lenosti za vozidlem", "x": 16.595172, "y": 49.186027, "mesic": 4, "objectid": 1021, "lehce_zran": 1}}, {"type": "Feature", "geometry": {"type": "Point", "coordinates": [16.745512, 49.196943]}, "properties": {"fid": 1022, "den": 22, "usmrceno": 0, "druh": "sr\u00e1\u017eka s jedouc\u00edm nekolejov\u00fdm vozidlem", "rok": 2015, "hmotna_sko": 170000, "cas": "0:00:00", "tezce_zran": 0, "pricina": "p\u0159i vj\u00ed\u017ed\u011bn\u00ed na silnici", "x": 16.745512, "y": 49.196943, "mesic": 4, "objectid": 1023, "lehce_zran": 1}}, {"type": "Feature", "geometry": {"type": "Point", "coordinates": [16.521278, 49.219217]}, "properties": {"fid": 1024, "den": 18, "usmrceno": 0, "druh": "sr\u00e1\u017eka s pevnou p\u0159ek\u00e1\u017ekou", "rok": 2015, "hmotna_sko": 55000, "cas": "0:00:00", "tezce_zran": 0, "pricina": "nep\u0159izp\u016fsoben\u00ed rychlosti vlastnostem vozidla a n\u00e1kladu", "x": 16.521278, "y": 49.219217, "mesic": 4, "objectid": 1025, "lehce_zran": 1}}, {"type": "Feature", "geometry": {"type": "Point", "coordinates": [16.567811, 49.201206]}, "properties": {"fid": 1025, "den": 21, "usmrceno": 0, "druh": "sr\u00e1\u017eka s jedouc\u00edm nekolejov\u00fdm vozidlem", "rok": 2015, "hmotna_sko": 40000, "cas": "0:00:00", "tezce_zran": 0, "pricina": "nedodr\u017een\u00ed bezpe\u010dn\u00e9 vzd\u00e1lenosti za vozidlem", "x": 16.567811, "y": 49.201206, "mesic": 4, "objectid": 1026, "lehce_zran": 1}}, {"type": "Feature", "geometry": {"type": "Point", "coordinates": [16.570278, 49.23178]}, "properties": {"fid": 1026, "den": 7, "usmrceno": 0, "druh": "sr\u00e1\u017eka s chodcem", "rok": 2015, "hmotna_sko": 2500, "cas": "0:00:00", "tezce_zran": 0, "pricina": "nezavin\u011bn\u00e1 \u0159idi\u010dem", "x": 16.570278, "y": 49.23178, "mesic": 4, "objectid": 1027, "lehce_zran": 1}}, {"type": "Feature", "geometry": {"type": "Point", "coordinates": [16.438644, 49.191431]}, "properties": {"fid": 1027, "den": 29, "usmrceno": 0, "druh": "sr\u00e1\u017eka s jedouc\u00edm nekolejov\u00fdm vozidlem", "rok": 2015, "hmotna_sko": 200000, "cas": "0:00:00", "tezce_zran": 0, "pricina": "nedodr\u017een\u00ed bezpe\u010dn\u00e9 vzd\u00e1lenosti za vozidlem", "x": 16.438644, "y": 49.191431, "mesic": 4, "objectid": 1028, "lehce_zran": 1}}, {"type": "Feature", "geometry": {"type": "Point", "coordinates": [16.62834, 49.16688]}, "properties": {"fid": 1028, "den": 24, "usmrceno": 0, "druh": "sr\u00e1\u017eka s jedouc\u00edm nekolejov\u00fdm vozidlem", "rok": 2015, "hmotna_sko": 110000, "cas": "0:00:00", "tezce_zran": 0, "pricina": "p\u0159i odbo\u010dov\u00e1n\u00ed vlevo", "x": 16.62834, "y": 49.16688, "mesic": 4, "objectid": 1029, "lehce_zran": 1}}, {"type": "Feature", "geometry": {"type": "Point", "coordinates": [16.435867, 49.27605]}, "properties": {"fid": 1030, "den": 25, "usmrceno": 0, "druh": "sr\u00e1\u017eka s chodcem", "rok": 2015, "hmotna_sko": 0, "cas": "0:00:00", "tezce_zran": 0, "pricina": "nezavin\u011bn\u00e1 \u0159idi\u010dem", "x": 16.435867, "y": 49.27605, "mesic": 4, "objectid": 1031, "lehce_zran": 1}}, {"type": "Feature", "geometry": {"type": "Point", "coordinates": [16.480531, 49.183581]}, "properties": {"fid": 1032, "den": 23, "usmrceno": 0, "druh": "sr\u00e1\u017eka s jedouc\u00edm nekolejov\u00fdm vozidlem", "rok": 2015, "hmotna_sko": 300000, "cas": "0:00:00", "tezce_zran": 0, "pricina": "\u0159idi\u010d se pln\u011b nev\u011bnoval \u0159\u00edzen\u00ed vozidla", "x": 16.480531, "y": 49.183581, "mesic": 4, "objectid": 1033, "lehce_zran": 2}}, {"type": "Feature", "geometry": {"type": "Point", "coordinates": [16.577054, 49.217926]}, "properties": {"fid": 1033, "den": 8, "usmrceno": 0, "druh": "sr\u00e1\u017eka s chodcem", "rok": 2015, "hmotna_sko": 0, "cas": "0:00:00", "tezce_zran": 0, "pricina": "chodci na vyzna\u010den\u00e9m p\u0159echodu", "x": 16.577054, "y": 49.217926, "mesic": 4, "objectid": 1034, "lehce_zran": 1}}, {"type": "Feature", "geometry": {"type": "Point", "coordinates": [16.670999, 49.140063]}, "properties": {"fid": 1034, "den": 10, "usmrceno": 0, "druh": "sr\u00e1\u017eka s pevnou p\u0159ek\u00e1\u017ekou", "rok": 2015, "hmotna_sko": 10500, "cas": "0:00:00", "tezce_zran": 0, "pricina": "jin\u00fd druh nep\u0159im\u011b\u0159en\u00e9 rychlosti", "x": 16.670999, "y": 49.140063, "mesic": 4, "objectid": 1035, "lehce_zran": 1}}, {"type": "Feature", "geometry": {"type": "Point", "coordinates": [16.588266, 49.211723]}, "properties": {"fid": 1035, "den": 29, "usmrceno": 0, "druh": "sr\u00e1\u017eka s pevnou p\u0159ek\u00e1\u017ekou", "rok": 2015, "hmotna_sko": 20000, "cas": "0:00:00", "tezce_zran": 0, "pricina": "nep\u0159izp\u016fsoben\u00ed rychlosti vlastnostem vozidla a n\u00e1kladu", "x": 16.588266, "y": 49.211723, "mesic": 4, "objectid": 1036, "lehce_zran": 1}}, {"type": "Feature", "geometry": {"type": "Point", "coordinates": [16.599837, 49.183153]}, "properties": {"fid": 1036, "den": 1, "usmrceno": 0, "druh": "sr\u00e1\u017eka s jedouc\u00edm nekolejov\u00fdm vozidlem", "rok": 2015, "hmotna_sko": 11000, "cas": "0:00:00", "tezce_zran": 0, "pricina": "proti p\u0159\u00edkazu dopravn\u00ed zna\u010dky st\u016fj dej p\u0159ednost", "x": 16.599837, "y": 49.183153, "mesic": 4, "objectid": 1037, "lehce_zran": 1}}, {"type": "Feature", "geometry": {"type": "Point", "coordinates": [16.626776, 49.220063]}, "properties": {"fid": 1037, "den": 7, "usmrceno": 0, "druh": "sr\u00e1\u017eka s jedouc\u00edm nekolejov\u00fdm vozidlem", "rok": 2015, "hmotna_sko": 265000, "cas": "0:00:00", "tezce_zran": 0, "pricina": "nep\u0159izp\u016fsoben\u00ed rychlosti intenzit\u011b (hustot\u011b) provozu", "x": 16.626776, "y": 49.220063, "mesic": 4, "objectid": 1038, "lehce_zran": 3}}, {"type": "Feature", "geometry": {"type": "Point", "coordinates": [16.770422, 49.18264]}, "properties": {"fid": 1038, "den": 13, "usmrceno": 0, "druh": "sr\u00e1\u017eka s jedouc\u00edm nekolejov\u00fdm vozidlem", "rok": 2015, "hmotna_sko": 185000, "cas": "0:00:00", "tezce_zran": 0, "pricina": "nedodr\u017een\u00ed bezpe\u010dn\u00e9 vzd\u00e1lenosti za vozidlem", "x": 16.770422, "y": 49.18264, "mesic": 4, "objectid": 1039, "lehce_zran": 1}}, {"type": "Feature", "geometry": {"type": "Point", "coordinates": [16.538268, 49.168902]}, "properties": {"fid": 1040, "den": 20, "usmrceno": 0, "druh": "sr\u00e1\u017eka s jedouc\u00edm nekolejov\u00fdm vozidlem", "rok": 2015, "hmotna_sko": 450000, "cas": "0:00:00", "tezce_zran": 0, "pricina": "\u0159idi\u010d se pln\u011b nev\u011bnoval \u0159\u00edzen\u00ed vozidla", "x": 16.538268, "y": 49.168902, "mesic": 4, "objectid": 1041, "lehce_zran": 1}}, {"type": "Feature", "geometry": {"type": "Point", "coordinates": [16.532338, 49.198881]}, "properties": {"fid": 1041, "den": 17, "usmrceno": 0, "druh": "nehoda", "rok": 2015, "hmotna_sko": 500, "cas": "0:00:00", "tezce_zran": 0, "pricina": "\u0159idi\u010d se pln\u011b nev\u011bnoval \u0159\u00edzen\u00ed vozidla", "x": 16.532338, "y": 49.198881, "mesic": 4, "objectid": 1042, "lehce_zran": 1}}, {"type": "Feature", "geometry": {"type": "Point", "coordinates": [16.56694, 49.193486]}, "properties": {"fid": 1042, "den": 17, "usmrceno": 0, "druh": "sr\u00e1\u017eka s chodcem", "rok": 2015, "hmotna_sko": 10000, "cas": "0:00:00", "tezce_zran": 0, "pricina": "chodci na vyzna\u010den\u00e9m p\u0159echodu", "x": 16.56694, "y": 49.193486, "mesic": 4, "objectid": 1043, "lehce_zran": 1}}, {"type": "Feature", "geometry": {"type": "Point", "coordinates": [16.595673, 49.194851]}, "properties": {"fid": 1043, "den": 15, "usmrceno": 0, "druh": "nehoda", "rok": 2015, "hmotna_sko": 2000, "cas": "0:00:00", "tezce_zran": 0, "pricina": "j\u00edzda (vjet\u00ed) jednosm\u011brnou ulic\u00ed, silnic\u00ed (v protism\u011bru)", "x": 16.595673, "y": 49.194851, "mesic": 4, "objectid": 1044, "lehce_zran": 1}}, {"type": "Feature", "geometry": {"type": "Point", "coordinates": [16.586979, 49.23339]}, "properties": {"fid": 1044, "den": 17, "usmrceno": 0, "druh": "sr\u00e1\u017eka s jedouc\u00edm nekolejov\u00fdm vozidlem", "rok": 2015, "hmotna_sko": 230000, "cas": "0:00:00", "tezce_zran": 0, "pricina": "p\u0159i odbo\u010dov\u00e1n\u00ed vlevo", "x": 16.586979, "y": 49.23339, "mesic": 4, "objectid": 1045, "lehce_zran": 1}}, {"type": "Feature", "geometry": {"type": "Point", "coordinates": [16.604458, 49.120219]}, "properties": {"fid": 1045, "den": 21, "usmrceno": 0, "druh": "sr\u00e1\u017eka s jedouc\u00edm nekolejov\u00fdm vozidlem", "rok": 2015, "hmotna_sko": 1000, "cas": "0:00:00", "tezce_zran": 0, "pricina": "\u0159idi\u010d se pln\u011b nev\u011bnoval \u0159\u00edzen\u00ed vozidla", "x": 16.604458, "y": 49.120219, "mesic": 4, "objectid": 1046, "lehce_zran": 1}}, {"type": "Feature", "geometry": {"type": "Point", "coordinates": [16.756698, 49.185786]}, "properties": {"fid": 1046, "den": 27, "usmrceno": 0, "druh": "sr\u00e1\u017eka s jedouc\u00edm nekolejov\u00fdm vozidlem", "rok": 2015, "hmotna_sko": 300000, "cas": "0:00:00", "tezce_zran": 0, "pricina": "nedodr\u017een\u00ed bezpe\u010dn\u00e9 vzd\u00e1lenosti za vozidlem", "x": 16.756698, "y": 49.185786, "mesic": 4, "objectid": 1047, "lehce_zran": 1}}, {"type": "Feature", "geometry": {"type": "Point", "coordinates": [16.548713, 49.219032]}, "properties": {"fid": 1047, "den": 23, "usmrceno": 0, "druh": "sr\u00e1\u017eka s jedouc\u00edm nekolejov\u00fdm vozidlem", "rok": 2015, "hmotna_sko": 352000, "cas": "0:00:00", "tezce_zran": 0, "pricina": "nedodr\u017een\u00ed bezpe\u010dn\u00e9 vzd\u00e1lenosti za vozidlem", "x": 16.548713, "y": 49.219032, "mesic": 4, "objectid": 1048, "lehce_zran": 1}}, {"type": "Feature", "geometry": {"type": "Point", "coordinates": [16.550251, 49.174339]}, "properties": {"fid": 1048, "den": 25, "usmrceno": 0, "druh": "sr\u00e1\u017eka s jedouc\u00edm nekolejov\u00fdm vozidlem", "rok": 2015, "hmotna_sko": 60000, "cas": "0:00:00", "tezce_zran": 0, "pricina": "proti p\u0159\u00edkazu dopravn\u00ed zna\u010dky dej p\u0159ednost", "x": 16.550251, "y": 49.174339, "mesic": 4, "objectid": 1049, "lehce_zran": 1}}, {"type": "Feature", "geometry": {"type": "Point", "coordinates": [16.627635, 49.092127]}, "properties": {"fid": 1049, "den": 27, "usmrceno": 0, "druh": "sr\u00e1\u017eka s jedouc\u00edm nekolejov\u00fdm vozidlem", "rok": 2015, "hmotna_sko": 0, "cas": "0:00:00", "tezce_zran": 0, "pricina": "\u0159idi\u010d se pln\u011b nev\u011bnoval \u0159\u00edzen\u00ed vozidla", "x": 16.627635, "y": 49.092127, "mesic": 4, "objectid": 1050, "lehce_zran": 1}}, {"type": "Feature", "geometry": {"type": "Point", "coordinates": [16.673365, 49.210838]}, "properties": {"fid": 1053, "den": 24, "usmrceno": 0, "druh": "sr\u00e1\u017eka s jedouc\u00edm nekolejov\u00fdm vozidlem", "rok": 2015, "hmotna_sko": 180000, "cas": "0:00:00", "tezce_zran": 0, "pricina": "proti p\u0159\u00edkazu dopravn\u00ed zna\u010dky dej p\u0159ednost", "x": 16.673365, "y": 49.210838, "mesic": 4, "objectid": 1054, "lehce_zran": 1}}, {"type": "Feature", "geometry": {"type": "Point", "coordinates": [16.764786, 49.184066]}, "properties": {"fid": 1054, "den": 26, "usmrceno": 0, "druh": "nehoda", "rok": 2015, "hmotna_sko": 35000, "cas": "0:00:00", "tezce_zran": 0, "pricina": "\u0159idi\u010d se pln\u011b nev\u011bnoval \u0159\u00edzen\u00ed vozidla", "x": 16.764786, "y": 49.184066, "mesic": 4, "objectid": 1055, "lehce_zran": 1}}, {"type": "Feature", "geometry": {"type": "Point", "coordinates": [16.588655, 49.199211]}, "properties": {"fid": 1055, "den": 21, "usmrceno": 0, "druh": "sr\u00e1\u017eka s chodcem", "rok": 2015, "hmotna_sko": 0, "cas": "0:00:00", "tezce_zran": 0, "pricina": "nezavin\u011bn\u00e1 \u0159idi\u010dem", "x": 16.588655, "y": 49.199211, "mesic": 4, "objectid": 1056, "lehce_zran": 1}}, {"type": "Feature", "geometry": {"type": "Point", "coordinates": [16.598107, 49.194853]}, "properties": {"fid": 1056, "den": 14, "usmrceno": 0, "druh": "nehoda", "rok": 2015, "hmotna_sko": 6000, "cas": "0:00:00", "tezce_zran": 0, "pricina": "nep\u0159izp\u016fsoben\u00ed rychlosti dopravn\u011b technick\u00e9mu stavu vozovky (zat\u00e1\u010dka, kles\u00e1n\u00ed, stoup\u00e1n\u00ed, \u0161\u00ed\u0159ka vozovky apod.)", "x": 16.598107, "y": 49.194853, "mesic": 4, "objectid": 1057, "lehce_zran": 1}}, {"type": "Feature", "geometry": {"type": "Point", "coordinates": [16.631322, 49.286449]}, "properties": {"fid": 1057, "den": 20, "usmrceno": 0, "druh": "sr\u00e1\u017eka s chodcem", "rok": 2015, "hmotna_sko": 30000, "cas": "0:00:00", "tezce_zran": 0, "pricina": "nezavin\u011bn\u00e1 \u0159idi\u010dem", "x": 16.631322, "y": 49.286449, "mesic": 4, "objectid": 1058, "lehce_zran": 1}}, {"type": "Feature", "geometry": {"type": "Point", "coordinates": [16.59272, 49.198239]}, "properties": {"fid": 1058, "den": 30, "usmrceno": 0, "druh": "sr\u00e1\u017eka s chodcem", "rok": 2015, "hmotna_sko": 10000, "cas": "0:00:00", "tezce_zran": 0, "pricina": "nezavin\u011bn\u00e1 \u0159idi\u010dem", "x": 16.59272, "y": 49.198239, "mesic": 4, "objectid": 1059, "lehce_zran": 1}}, {"type": "Feature", "geometry": {"type": "Point", "coordinates": [16.551879, 49.295584]}, "properties": {"fid": 1059, "den": 9, "usmrceno": 0, "druh": "sr\u00e1\u017eka s jedouc\u00edm nekolejov\u00fdm vozidlem", "rok": 2015, "hmotna_sko": 320000, "cas": "0:00:00", "tezce_zran": 0, "pricina": "nedodr\u017een\u00ed bezpe\u010dn\u00e9 vzd\u00e1lenosti za vozidlem", "x": 16.551879, "y": 49.295584, "mesic": 4, "objectid": 1060, "lehce_zran": 2}}, {"type": "Feature", "geometry": {"type": "Point", "coordinates": [16.606289, 49.177894]}, "properties": {"fid": 1060, "den": 2, "usmrceno": 0, "druh": "sr\u00e1\u017eka s jedouc\u00edm nekolejov\u00fdm vozidlem", "rok": 2015, "hmotna_sko": 130000, "cas": "0:00:00", "tezce_zran": 0, "pricina": "p\u0159edj\u00ed\u017ed\u011bn\u00ed vlevo vozidla odbo\u010duj\u00edc\u00edho vlevo", "x": 16.606289, "y": 49.177894, "mesic": 4, "objectid": 1061, "lehce_zran": 1}}, {"type": "Feature", "geometry": {"type": "Point", "coordinates": [16.648706, 49.190519]}, "properties": {"fid": 1061, "den": 3, "usmrceno": 0, "druh": "sr\u00e1\u017eka s jedouc\u00edm nekolejov\u00fdm vozidlem", "rok": 2015, "hmotna_sko": 43000, "cas": "0:00:00", "tezce_zran": 0, "pricina": "nep\u0159izp\u016fsoben\u00ed rychlosti intenzit\u011b (hustot\u011b) provozu", "x": 16.648706, "y": 49.190519, "mesic": 4, "objectid": 1062, "lehce_zran": 2}}, {"type": "Feature", "geometry": {"type": "Point", "coordinates": [16.456048, 49.189835]}, "properties": {"fid": 1064, "den": 28, "usmrceno": 0, "druh": "sr\u00e1\u017eka s jedouc\u00edm nekolejov\u00fdm vozidlem", "rok": 2015, "hmotna_sko": 220000, "cas": "0:00:00", "tezce_zran": 0, "pricina": "proti p\u0159\u00edkazu dopravn\u00ed zna\u010dky dej p\u0159ednost", "x": 16.456048, "y": 49.189835, "mesic": 4, "objectid": 1065, "lehce_zran": 2}}, {"type": "Feature", "geometry": {"type": "Point", "coordinates": [16.633627, 49.187421]}, "properties": {"fid": 1065, "den": 24, "usmrceno": 0, "druh": "sr\u00e1\u017eka s chodcem", "rok": 2015, "hmotna_sko": 8000, "cas": "0:00:00", "tezce_zran": 0, "pricina": "nezavin\u011bn\u00e1 \u0159idi\u010dem", "x": 16.633627, "y": 49.187421, "mesic": 4, "objectid": 1066, "lehce_zran": 1}}, {"type": "Feature", "geometry": {"type": "Point", "coordinates": [16.537497, 49.193829]}, "properties": {"fid": 1066, "den": 22, "usmrceno": 0, "druh": "sr\u00e1\u017eka s chodcem", "rok": 2015, "hmotna_sko": 0, "cas": "0:00:00", "tezce_zran": 0, "pricina": "chodci na vyzna\u010den\u00e9m p\u0159echodu", "x": 16.537497, "y": 49.193829, "mesic": 4, "objectid": 1067, "lehce_zran": 1}}, {"type": "Feature", "geometry": {"type": "Point", "coordinates": [16.603436, 49.216375]}, "properties": {"fid": 1067, "den": 23, "usmrceno": 0, "druh": "sr\u00e1\u017eka s jedouc\u00edm nekolejov\u00fdm vozidlem", "rok": 2015, "hmotna_sko": 100000, "cas": "0:00:00", "tezce_zran": 0, "pricina": "nedodr\u017een\u00ed bezpe\u010dn\u00e9 vzd\u00e1lenosti za vozidlem", "x": 16.603436, "y": 49.216375, "mesic": 4, "objectid": 1068, "lehce_zran": 1}}, {"type": "Feature", "geometry": {"type": "Point", "coordinates": [16.630276, 49.277097]}, "properties": {"fid": 1068, "den": 26, "usmrceno": 0, "druh": "sr\u00e1\u017eka s pevnou p\u0159ek\u00e1\u017ekou", "rok": 2015, "hmotna_sko": 150000, "cas": "0:00:00", "tezce_zran": 0, "pricina": "nep\u0159izp\u016fsoben\u00ed rychlosti dopravn\u011b technick\u00e9mu stavu vozovky (zat\u00e1\u010dka, kles\u00e1n\u00ed, stoup\u00e1n\u00ed, \u0161\u00ed\u0159ka vozovky apod.)", "x": 16.630276, "y": 49.277097, "mesic": 4, "objectid": 1069, "lehce_zran": 1}}, {"type": "Feature", "geometry": {"type": "Point", "coordinates": [16.611908, 49.003454]}, "properties": {"fid": 1069, "den": 8, "usmrceno": 0, "druh": "sr\u00e1\u017eka s pevnou p\u0159ek\u00e1\u017ekou", "rok": 2015, "hmotna_sko": 3000, "cas": "0:00:00", "tezce_zran": 0, "pricina": "nezvl\u00e1dnut\u00ed \u0159\u00edzen\u00ed vozidla", "x": 16.611908, "y": 49.003454, "mesic": 4, "objectid": 1070, "lehce_zran": 1}}, {"type": "Feature", "geometry": {"type": "Point", "coordinates": [16.618152, 49.193312]}, "properties": {"fid": 1071, "den": 21, "usmrceno": 0, "druh": "sr\u00e1\u017eka s jedouc\u00edm nekolejov\u00fdm vozidlem", "rok": 2015, "hmotna_sko": 40000, "cas": "0:00:00", "tezce_zran": 0, "pricina": "nedodr\u017een\u00ed bezpe\u010dn\u00e9 vzd\u00e1lenosti za vozidlem", "x": 16.618152, "y": 49.193312, "mesic": 4, "objectid": 1072, "lehce_zran": 1}}, {"type": "Feature", "geometry": {"type": "Point", "coordinates": [16.414811, 49.212482]}, "properties": {"fid": 1072, "den": 21, "usmrceno": 0, "druh": "sr\u00e1\u017eka s jedouc\u00edm nekolejov\u00fdm vozidlem", "rok": 2015, "hmotna_sko": 500000, "cas": "0:00:00", "tezce_zran": 0, "pricina": "\u0159idi\u010d se pln\u011b nev\u011bnoval \u0159\u00edzen\u00ed vozidla", "x": 16.414811, "y": 49.212482, "mesic": 4, "objectid": 1073, "lehce_zran": 2}}, {"type": "Feature", "geometry": {"type": "Point", "coordinates": [16.567032, 49.174996]}, "properties": {"fid": 1073, "den": 27, "usmrceno": 0, "druh": "jin\u00fd druh nehody", "rok": 2015, "hmotna_sko": 0, "cas": "0:00:00", "tezce_zran": 0, "pricina": "p\u0159i odbo\u010dov\u00e1n\u00ed vlevo soub\u011b\u017en\u011b jedouc\u00edmu vozidlu", "x": 16.567032, "y": 49.174996, "mesic": 4, "objectid": 1074, "lehce_zran": 2}}, {"type": "Feature", "geometry": {"type": "Point", "coordinates": [16.614739, 49.025561]}, "properties": {"fid": 1074, "den": 6, "usmrceno": 0, "druh": "sr\u00e1\u017eka s chodcem", "rok": 2015, "hmotna_sko": 0, "cas": "0:00:00", "tezce_zran": 0, "pricina": "\u0159idi\u010d se pln\u011b nev\u011bnoval \u0159\u00edzen\u00ed vozidla", "x": 16.614739, "y": 49.025561, "mesic": 4, "objectid": 1075, "lehce_zran": 1}}, {"type": "Feature", "geometry": {"type": "Point", "coordinates": [16.744487, 49.183219]}, "properties": {"fid": 1075, "den": 24, "usmrceno": 0, "druh": "nehoda", "rok": 2015, "hmotna_sko": 60000, "cas": "0:00:00", "tezce_zran": 0, "pricina": "proti p\u0159\u00edkazu dopravn\u00ed zna\u010dky dej p\u0159ednost", "x": 16.744487, "y": 49.183219, "mesic": 4, "objectid": 1076, "lehce_zran": 1}}, {"type": "Feature", "geometry": {"type": "Point", "coordinates": [16.667306, 49.249191]}, "properties": {"fid": 1076, "den": 16, "usmrceno": 0, "druh": "sr\u00e1\u017eka s pevnou p\u0159ek\u00e1\u017ekou", "rok": 2015, "hmotna_sko": 64000, "cas": "0:00:00", "tezce_zran": 0, "pricina": "samovoln\u00e9 rozjet\u00ed nezaji\u0161t\u011bn\u00e9ho vozidla", "x": 16.667306, "y": 49.249191, "mesic": 4, "objectid": 1077, "lehce_zran": 1}}, {"type": "Feature", "geometry": {"type": "Point", "coordinates": [16.51061, 49.226018]}, "properties": {"fid": 1077, "den": 30, "usmrceno": 0, "druh": "sr\u00e1\u017eka s jedouc\u00edm nekolejov\u00fdm vozidlem", "rok": 2015, "hmotna_sko": 14000, "cas": "0:00:00", "tezce_zran": 0, "pricina": "nep\u0159izp\u016fsoben\u00ed rychlosti dopravn\u011b technick\u00e9mu stavu vozovky (zat\u00e1\u010dka, kles\u00e1n\u00ed, stoup\u00e1n\u00ed, \u0161\u00ed\u0159ka vozovky apod.)", "x": 16.51061, "y": 49.226018, "mesic": 4, "objectid": 1078, "lehce_zran": 1}}, {"type": "Feature", "geometry": {"type": "Point", "coordinates": [16.606193, 49.278615]}, "properties": {"fid": 1078, "den": 21, "usmrceno": 0, "druh": "sr\u00e1\u017eka s vozidlem zaparkovan\u00fdm, odstaven\u00fdm", "rok": 2015, "hmotna_sko": 21000, "cas": "0:00:00", "tezce_zran": 0, "pricina": "\u0159idi\u010d se pln\u011b nev\u011bnoval \u0159\u00edzen\u00ed vozidla", "x": 16.606193, "y": 49.278615, "mesic": 4, "objectid": 1079, "lehce_zran": 0}}, {"type": "Feature", "geometry": {"type": "Point", "coordinates": [16.563332, 49.171287]}, "properties": {"fid": 1079, "den": 19, "usmrceno": 0, "druh": "sr\u00e1\u017eka s vozidlem zaparkovan\u00fdm, odstaven\u00fdm", "rok": 2015, "hmotna_sko": 10000, "cas": "0:00:00", "tezce_zran": 0, "pricina": "\u0159idi\u010d se pln\u011b nev\u011bnoval \u0159\u00edzen\u00ed vozidla", "x": 16.563332, "y": 49.171287, "mesic": 4, "objectid": 1080, "lehce_zran": 0}}, {"type": "Feature", "geometry": {"type": "Point", "coordinates": [16.636571, 49.201241]}, "properties": {"fid": 1080, "den": 24, "usmrceno": 0, "druh": "sr\u00e1\u017eka s vozidlem zaparkovan\u00fdm, odstaven\u00fdm", "rok": 2015, "hmotna_sko": 15000, "cas": "0:00:00", "tezce_zran": 0, "pricina": "\u0159idi\u010d se pln\u011b nev\u011bnoval \u0159\u00edzen\u00ed vozidla", "x": 16.636571, "y": 49.201241, "mesic": 4, "objectid": 1081, "lehce_zran": 0}}, {"type": "Feature", "geometry": {"type": "Point", "coordinates": [16.613965, 49.187579]}, "properties": {"fid": 1082, "den": 11, "usmrceno": 0, "druh": "sr\u00e1\u017eka s pevnou p\u0159ek\u00e1\u017ekou", "rok": 2015, "hmotna_sko": 34000, "cas": "0:00:00", "tezce_zran": 0, "pricina": "\u0159idi\u010d se pln\u011b nev\u011bnoval \u0159\u00edzen\u00ed vozidla", "x": 16.613965, "y": 49.187579, "mesic": 4, "objectid": 1083, "lehce_zran": 0}}, {"type": "Feature", "geometry": {"type": "Point", "coordinates": [16.626288, 49.199495]}, "properties": {"fid": 1083, "den": 1, "usmrceno": 0, "druh": "sr\u00e1\u017eka s jedouc\u00edm nekolejov\u00fdm vozidlem", "rok": 2015, "hmotna_sko": 170000, "cas": "0:00:00", "tezce_zran": 0, "pricina": "\u0159idi\u010d se pln\u011b nev\u011bnoval \u0159\u00edzen\u00ed vozidla", "x": 16.626288, "y": 49.199495, "mesic": 4, "objectid": 1084, "lehce_zran": 0}}, {"type": "Feature", "geometry": {"type": "Point", "coordinates": [16.617996, 49.185818]}, "properties": {"fid": 1084, "den": 2, "usmrceno": 0, "druh": "sr\u00e1\u017eka s jedouc\u00edm nekolejov\u00fdm vozidlem", "rok": 2015, "hmotna_sko": 380000, "cas": "0:00:00", "tezce_zran": 0, "pricina": "p\u0159i p\u0159ej\u00ed\u017ed\u011bn\u00ed z jednoho j\u00edzdn\u00edho pruhu do druh\u00e9ho", "x": 16.617996, "y": 49.185818, "mesic": 4, "objectid": 1085, "lehce_zran": 0}}, {"type": "Feature", "geometry": {"type": "Point", "coordinates": [16.603646, 49.209233]}, "properties": {"fid": 1085, "den": 4, "usmrceno": 0, "druh": "sr\u00e1\u017eka s vozidlem zaparkovan\u00fdm, odstaven\u00fdm", "rok": 2015, "hmotna_sko": 40000, "cas": "0:00:00", "tezce_zran": 0, "pricina": "nep\u0159izp\u016fsoben\u00ed rychlosti dopravn\u011b technick\u00e9mu stavu vozovky (zat\u00e1\u010dka, kles\u00e1n\u00ed, stoup\u00e1n\u00ed, \u0161\u00ed\u0159ka vozovky apod.)", "x": 16.603646, "y": 49.209233, "mesic": 4, "objectid": 1086, "lehce_zran": 0}}, {"type": "Feature", "geometry": {"type": "Point", "coordinates": [16.661534, 49.204594]}, "properties": {"fid": 1086, "den": 4, "usmrceno": 0, "druh": "sr\u00e1\u017eka s vozidlem zaparkovan\u00fdm, odstaven\u00fdm", "rok": 2015, "hmotna_sko": 38000, "cas": "0:00:00", "tezce_zran": 0, "pricina": "\u0159idi\u010d se pln\u011b nev\u011bnoval \u0159\u00edzen\u00ed vozidla", "x": 16.661534, "y": 49.204594, "mesic": 4, "objectid": 1087, "lehce_zran": 0}}, {"type": "Feature", "geometry": {"type": "Point", "coordinates": [16.402809, 49.219964]}, "properties": {"fid": 1087, "den": 6, "usmrceno": 0, "druh": "sr\u00e1\u017eka s dom\u00e1c\u00edm zv\u00ed\u0159etem", "rok": 2015, "hmotna_sko": 20000, "cas": "0:00:00", "tezce_zran": 0, "pricina": "nezavin\u011bn\u00e1 \u0159idi\u010dem", "x": 16.402809, "y": 49.219964, "mesic": 4, "objectid": 1088, "lehce_zran": 0}}, {"type": "Feature", "geometry": {"type": "Point", "coordinates": [16.405006, 49.219129]}, "properties": {"fid": 1090, "den": 6, "usmrceno": 0, "druh": "sr\u00e1\u017eka s lesn\u00ed zv\u011b\u0159\u00ed", "rok": 2015, "hmotna_sko": 55000, "cas": "0:00:00", "tezce_zran": 0, "pricina": "nezavin\u011bn\u00e1 \u0159idi\u010dem", "x": 16.405006, "y": 49.219129, "mesic": 4, "objectid": 1091, "lehce_zran": 0}}, {"type": "Feature", "geometry": {"type": "Point", "coordinates": [16.590823, 49.235528]}, "properties": {"fid": 1091, "den": 2, "usmrceno": 0, "druh": "sr\u00e1\u017eka s pevnou p\u0159ek\u00e1\u017ekou", "rok": 2015, "hmotna_sko": 160000, "cas": "0:00:00", "tezce_zran": 0, "pricina": "nep\u0159izp\u016fsoben\u00ed rychlosti stavu vozovky (n\u00e1led\u00ed, v\u00fdtluky, bl\u00e1to, mokr\u00fd povrch apod.)", "x": 16.590823, "y": 49.235528, "mesic": 4, "objectid": 1092, "lehce_zran": 0}}, {"type": "Feature", "geometry": {"type": "Point", "coordinates": [16.654915, 49.191193]}, "properties": {"fid": 1092, "den": 6, "usmrceno": 0, "druh": "sr\u00e1\u017eka s jedouc\u00edm nekolejov\u00fdm vozidlem", "rok": 2015, "hmotna_sko": 2000, "cas": "0:00:00", "tezce_zran": 0, "pricina": "j\u00edzda po nespr\u00e1vn\u00e9 stran\u011b vozovky, vjet\u00ed do protism\u011bru", "x": 16.654915, "y": 49.191193, "mesic": 4, "objectid": 1093, "lehce_zran": 0}}, {"type": "Feature", "geometry": {"type": "Point", "coordinates": [16.603707, 49.19871]}, "properties": {"fid": 1093, "den": 12, "usmrceno": 0, "druh": "sr\u00e1\u017eka s jedouc\u00edm nekolejov\u00fdm vozidlem", "rok": 2015, "hmotna_sko": 12000, "cas": "0:00:00", "tezce_zran": 0, "pricina": "j\u00edzda na \"\u010dervenou\" 3-barevn\u00e9ho semaforu", "x": 16.603707, "y": 49.19871, "mesic": 4, "objectid": 1094, "lehce_zran": 0}}, {"type": "Feature", "geometry": {"type": "Point", "coordinates": [16.552531, 49.222505]}, "properties": {"fid": 1094, "den": 10, "usmrceno": 0, "druh": "sr\u00e1\u017eka s pevnou p\u0159ek\u00e1\u017ekou", "rok": 2015, "hmotna_sko": 7000, "cas": "0:00:00", "tezce_zran": 0, "pricina": "\u0159idi\u010d se pln\u011b nev\u011bnoval \u0159\u00edzen\u00ed vozidla", "x": 16.552531, "y": 49.222505, "mesic": 4, "objectid": 1095, "lehce_zran": 0}}, {"type": "Feature", "geometry": {"type": "Point", "coordinates": [16.626982, 49.209204]}, "properties": {"fid": 1095, "den": 9, "usmrceno": 0, "druh": "sr\u00e1\u017eka s vozidlem zaparkovan\u00fdm, odstaven\u00fdm", "rok": 2015, "hmotna_sko": 70000, "cas": "0:00:00", "tezce_zran": 0, "pricina": "nep\u0159izp\u016fsoben\u00ed rychlosti dopravn\u011b technick\u00e9mu stavu vozovky (zat\u00e1\u010dka, kles\u00e1n\u00ed, stoup\u00e1n\u00ed, \u0161\u00ed\u0159ka vozovky apod.)", "x": 16.626982, "y": 49.209204, "mesic": 4, "objectid": 1096, "lehce_zran": 0}}, {"type": "Feature", "geometry": {"type": "Point", "coordinates": [16.651663, 49.153483]}, "properties": {"fid": 1096, "den": 8, "usmrceno": 0, "druh": "nehoda", "rok": 2015, "hmotna_sko": 55000, "cas": "0:00:00", "tezce_zran": 0, "pricina": "samovoln\u00e9 rozjet\u00ed nezaji\u0161t\u011bn\u00e9ho vozidla", "x": 16.651663, "y": 49.153483, "mesic": 4, "objectid": 1097, "lehce_zran": 0}}, {"type": "Feature", "geometry": {"type": "Point", "coordinates": [16.69775, 49.085163]}, "properties": {"fid": 1097, "den": 13, "usmrceno": 0, "druh": "sr\u00e1\u017eka s vozidlem zaparkovan\u00fdm, odstaven\u00fdm", "rok": 2015, "hmotna_sko": 20000, "cas": "0:00:00", "tezce_zran": 0, "pricina": "\u0159idi\u010d se pln\u011b nev\u011bnoval \u0159\u00edzen\u00ed vozidla", "x": 16.69775, "y": 49.085163, "mesic": 4, "objectid": 1098, "lehce_zran": 0}}, {"type": "Feature", "geometry": {"type": "Point", "coordinates": [16.404124, 49.219135]}, "properties": {"fid": 1098, "den": 9, "usmrceno": 0, "druh": "nehoda", "rok": 2015, "hmotna_sko": 130000, "cas": "0:00:00", "tezce_zran": 0, "pricina": "\u0159idi\u010d se pln\u011b nev\u011bnoval \u0159\u00edzen\u00ed vozidla", "x": 16.404124, "y": 49.219135, "mesic": 4, "objectid": 1099, "lehce_zran": 0}}, {"type": "Feature", "geometry": {"type": "Point", "coordinates": [16.70157, 49.22964]}, "properties": {"fid": 1099, "den": 16, "usmrceno": 0, "druh": "sr\u00e1\u017eka s jedouc\u00edm nekolejov\u00fdm vozidlem", "rok": 2015, "hmotna_sko": 21000, "cas": "0:00:00", "tezce_zran": 0, "pricina": "proti p\u0159\u00edkazu dopravn\u00ed zna\u010dky dej p\u0159ednost", "x": 16.70157, "y": 49.22964, "mesic": 4, "objectid": 1100, "lehce_zran": 0}}, {"type": "Feature", "geometry": {"type": "Point", "coordinates": [16.54942, 49.001827]}, "properties": {"fid": 1101, "den": 26, "usmrceno": 0, "druh": "sr\u00e1\u017eka s lesn\u00ed zv\u011b\u0159\u00ed", "rok": 2015, "hmotna_sko": 48000, "cas": "0:00:00", "tezce_zran": 0, "pricina": "nezavin\u011bn\u00e1 \u0159idi\u010dem", "x": 16.54942, "y": 49.001827, "mesic": 4, "objectid": 1102, "lehce_zran": 0}}, {"type": "Feature", "geometry": {"type": "Point", "coordinates": [16.576385, 49.146416]}, "properties": {"fid": 1102, "den": 25, "usmrceno": 0, "druh": "sr\u00e1\u017eka s pevnou p\u0159ek\u00e1\u017ekou", "rok": 2015, "hmotna_sko": 10000, "cas": "0:00:00", "tezce_zran": 0, "pricina": "\u0159idi\u010d se pln\u011b nev\u011bnoval \u0159\u00edzen\u00ed vozidla", "x": 16.576385, "y": 49.146416, "mesic": 4, "objectid": 1103, "lehce_zran": 0}}, {"type": "Feature", "geometry": {"type": "Point", "coordinates": [16.597048, 49.173704]}, "properties": {"fid": 1103, "den": 24, "usmrceno": 0, "druh": "sr\u00e1\u017eka s pevnou p\u0159ek\u00e1\u017ekou", "rok": 2015, "hmotna_sko": 6000, "cas": "0:00:00", "tezce_zran": 0, "pricina": "\u0159idi\u010d se pln\u011b nev\u011bnoval \u0159\u00edzen\u00ed vozidla", "x": 16.597048, "y": 49.173704, "mesic": 4, "objectid": 1104, "lehce_zran": 0}}, {"type": "Feature", "geometry": {"type": "Point", "coordinates": [16.585112, 49.236279]}, "properties": {"fid": 1104, "den": 24, "usmrceno": 0, "druh": "sr\u00e1\u017eka s vozidlem zaparkovan\u00fdm, odstaven\u00fdm", "rok": 2015, "hmotna_sko": 5000, "cas": "0:00:00", "tezce_zran": 0, "pricina": "\u0159idi\u010d se pln\u011b nev\u011bnoval \u0159\u00edzen\u00ed vozidla", "x": 16.585112, "y": 49.236279, "mesic": 4, "objectid": 1105, "lehce_zran": 0}}, {"type": "Feature", "geometry": {"type": "Point", "coordinates": [16.667899, 49.205023]}, "properties": {"fid": 1105, "den": 23, "usmrceno": 0, "druh": "sr\u00e1\u017eka s vozidlem zaparkovan\u00fdm, odstaven\u00fdm", "rok": 2015, "hmotna_sko": 5000, "cas": "0:00:00", "tezce_zran": 0, "pricina": "\u0159idi\u010d se pln\u011b nev\u011bnoval \u0159\u00edzen\u00ed vozidla", "x": 16.667899, "y": 49.205023, "mesic": 4, "objectid": 1106, "lehce_zran": 0}}, {"type": "Feature", "geometry": {"type": "Point", "coordinates": [16.607548, 49.20869]}, "properties": {"fid": 1106, "den": 28, "usmrceno": 0, "druh": "sr\u00e1\u017eka s jedouc\u00edm nekolejov\u00fdm vozidlem", "rok": 2015, "hmotna_sko": 25000, "cas": "0:00:00", "tezce_zran": 0, "pricina": "p\u0159i p\u0159ej\u00ed\u017ed\u011bn\u00ed z jednoho j\u00edzdn\u00edho pruhu do druh\u00e9ho", "x": 16.607548, "y": 49.20869, "mesic": 4, "objectid": 1107, "lehce_zran": 0}}, {"type": "Feature", "geometry": {"type": "Point", "coordinates": [16.622387, 49.202203]}, "properties": {"fid": 1108, "den": 26, "usmrceno": 0, "druh": "sr\u00e1\u017eka s vozidlem zaparkovan\u00fdm, odstaven\u00fdm", "rok": 2015, "hmotna_sko": 70000, "cas": "0:00:00", "tezce_zran": 0, "pricina": "nep\u0159izp\u016fsoben\u00ed rychlosti vlastnostem vozidla a n\u00e1kladu", "x": 16.622387, "y": 49.202203, "mesic": 4, "objectid": 1109, "lehce_zran": 0}}, {"type": "Feature", "geometry": {"type": "Point", "coordinates": [16.649938, 49.145865]}, "properties": {"fid": 1109, "den": 28, "usmrceno": 0, "druh": "sr\u00e1\u017eka s pevnou p\u0159ek\u00e1\u017ekou", "rok": 2015, "hmotna_sko": 65000, "cas": "0:00:00", "tezce_zran": 0, "pricina": "nezvl\u00e1dnut\u00ed \u0159\u00edzen\u00ed vozidla", "x": 16.649938, "y": 49.145865, "mesic": 4, "objectid": 1110, "lehce_zran": 0}}, {"type": "Feature", "geometry": {"type": "Point", "coordinates": [16.560123, 49.169321]}, "properties": {"fid": 1111, "den": 29, "usmrceno": 0, "druh": "sr\u00e1\u017eka s vozidlem zaparkovan\u00fdm, odstaven\u00fdm", "rok": 2015, "hmotna_sko": 15000, "cas": "0:00:00", "tezce_zran": 0, "pricina": "\u0159idi\u010d se pln\u011b nev\u011bnoval \u0159\u00edzen\u00ed vozidla", "x": 16.560123, "y": 49.169321, "mesic": 4, "objectid": 1112, "lehce_zran": 0}}, {"type": "Feature", "geometry": {"type": "Point", "coordinates": [16.638348, 49.136545]}, "properties": {"fid": 1112, "den": 26, "usmrceno": 0, "druh": "sr\u00e1\u017eka s pevnou p\u0159ek\u00e1\u017ekou", "rok": 2015, "hmotna_sko": 40000, "cas": "0:00:00", "tezce_zran": 0, "pricina": "nep\u0159izp\u016fsoben\u00ed rychlosti dopravn\u011b technick\u00e9mu stavu vozovky (zat\u00e1\u010dka, kles\u00e1n\u00ed, stoup\u00e1n\u00ed, \u0161\u00ed\u0159ka vozovky apod.)", "x": 16.638348, "y": 49.136545, "mesic": 4, "objectid": 1113, "lehce_zran": 0}}, {"type": "Feature", "geometry": {"type": "Point", "coordinates": [16.605286, 49.216959]}, "properties": {"fid": 1113, "den": 19, "usmrceno": 0, "druh": "nehoda", "rok": 2015, "hmotna_sko": 15000, "cas": "0:00:00", "tezce_zran": 0, "pricina": "\u0159idi\u010d se pln\u011b nev\u011bnoval \u0159\u00edzen\u00ed vozidla", "x": 16.605286, "y": 49.216959, "mesic": 4, "objectid": 1114, "lehce_zran": 0}}, {"type": "Feature", "geometry": {"type": "Point", "coordinates": [16.599336, 49.164333]}, "properties": {"fid": 1114, "den": 21, "usmrceno": 0, "druh": "sr\u00e1\u017eka s jedouc\u00edm nekolejov\u00fdm vozidlem", "rok": 2015, "hmotna_sko": 100000, "cas": "0:00:00", "tezce_zran": 0, "pricina": "nedodr\u017een\u00ed bezpe\u010dn\u00e9 vzd\u00e1lenosti za vozidlem", "x": 16.599336, "y": 49.164333, "mesic": 4, "objectid": 1115, "lehce_zran": 0}}, {"type": "Feature", "geometry": {"type": "Point", "coordinates": [16.623386, 49.223815]}, "properties": {"fid": 1115, "den": 21, "usmrceno": 0, "druh": "sr\u00e1\u017eka s vozidlem zaparkovan\u00fdm, odstaven\u00fdm", "rok": 2015, "hmotna_sko": 111000, "cas": "0:00:00", "tezce_zran": 0, "pricina": "nezvl\u00e1dnut\u00ed \u0159\u00edzen\u00ed vozidla", "x": 16.623386, "y": 49.223815, "mesic": 4, "objectid": 1116, "lehce_zran": 0}}, {"type": "Feature", "geometry": {"type": "Point", "coordinates": [16.558041, 49.292527]}, "properties": {"fid": 1116, "den": 21, "usmrceno": 0, "druh": "sr\u00e1\u017eka s jedouc\u00edm nekolejov\u00fdm vozidlem", "rok": 2015, "hmotna_sko": 28000, "cas": "0:00:00", "tezce_zran": 0, "pricina": "p\u0159i p\u0159edj\u00ed\u017ed\u011bn\u00ed byla p\u0159ejeta pod\u00e9ln\u00e1 \u010d\u00e1ra souvisl\u00e1", "x": 16.558041, "y": 49.292527, "mesic": 4, "objectid": 1117, "lehce_zran": 0}}, {"type": "Feature", "geometry": {"type": "Point", "coordinates": [16.60248, 49.102016]}, "properties": {"fid": 1117, "den": 17, "usmrceno": 0, "druh": "sr\u00e1\u017eka s pevnou p\u0159ek\u00e1\u017ekou", "rok": 2015, "hmotna_sko": 15000, "cas": "0:00:00", "tezce_zran": 0, "pricina": "nep\u0159izp\u016fsoben\u00ed rychlosti dopravn\u011b technick\u00e9mu stavu vozovky (zat\u00e1\u010dka, kles\u00e1n\u00ed, stoup\u00e1n\u00ed, \u0161\u00ed\u0159ka vozovky apod.)", "x": 16.60248, "y": 49.102016, "mesic": 4, "objectid": 1118, "lehce_zran": 0}}, {"type": "Feature", "geometry": {"type": "Point", "coordinates": [16.537275, 49.19669]}, "properties": {"fid": 1118, "den": 23, "usmrceno": 0, "druh": "sr\u00e1\u017eka s vozidlem zaparkovan\u00fdm, odstaven\u00fdm", "rok": 2015, "hmotna_sko": 20000, "cas": "0:00:00", "tezce_zran": 0, "pricina": "\u0159idi\u010d se pln\u011b nev\u011bnoval \u0159\u00edzen\u00ed vozidla", "x": 16.537275, "y": 49.19669, "mesic": 4, "objectid": 1119, "lehce_zran": 0}}, {"type": "Feature", "geometry": {"type": "Point", "coordinates": [16.580435, 49.218902]}, "properties": {"fid": 1119, "den": 8, "usmrceno": 0, "druh": "sr\u00e1\u017eka s vozidlem zaparkovan\u00fdm, odstaven\u00fdm", "rok": 2015, "hmotna_sko": 100000, "cas": "0:00:00", "tezce_zran": 0, "pricina": "\u0159idi\u010d se pln\u011b nev\u011bnoval \u0159\u00edzen\u00ed vozidla", "x": 16.580435, "y": 49.218902, "mesic": 4, "objectid": 1120, "lehce_zran": 0}}, {"type": "Feature", "geometry": {"type": "Point", "coordinates": [16.64489, 49.190191]}, "properties": {"fid": 1120, "den": 10, "usmrceno": 0, "druh": "sr\u00e1\u017eka s pevnou p\u0159ek\u00e1\u017ekou", "rok": 2015, "hmotna_sko": 7000, "cas": "0:00:00", "tezce_zran": 0, "pricina": "\u0159idi\u010d se pln\u011b nev\u011bnoval \u0159\u00edzen\u00ed vozidla", "x": 16.64489, "y": 49.190191, "mesic": 4, "objectid": 1121, "lehce_zran": 0}}, {"type": "Feature", "geometry": {"type": "Point", "coordinates": [16.58333, 49.23627]}, "properties": {"fid": 1121, "den": 1, "usmrceno": 0, "druh": "sr\u00e1\u017eka s vozidlem zaparkovan\u00fdm, odstaven\u00fdm", "rok": 2015, "hmotna_sko": 4000, "cas": "0:00:00", "tezce_zran": 0, "pricina": "\u0159idi\u010d se pln\u011b nev\u011bnoval \u0159\u00edzen\u00ed vozidla", "x": 16.58333, "y": 49.23627, "mesic": 4, "objectid": 1122, "lehce_zran": 0}}, {"type": "Feature", "geometry": {"type": "Point", "coordinates": [16.607134, 49.191388]}, "properties": {"fid": 1122, "den": 1, "usmrceno": 0, "druh": "sr\u00e1\u017eka s pevnou p\u0159ek\u00e1\u017ekou", "rok": 2015, "hmotna_sko": 50000, "cas": "0:00:00", "tezce_zran": 0, "pricina": "\u0159idi\u010d se pln\u011b nev\u011bnoval \u0159\u00edzen\u00ed vozidla", "x": 16.607134, "y": 49.191388, "mesic": 4, "objectid": 1123, "lehce_zran": 0}}, {"type": "Feature", "geometry": {"type": "Point", "coordinates": [16.504023, 49.095472]}, "properties": {"fid": 1125, "den": 3, "usmrceno": 0, "druh": "sr\u00e1\u017eka s lesn\u00ed zv\u011b\u0159\u00ed", "rok": 2015, "hmotna_sko": 45000, "cas": "0:00:00", "tezce_zran": 0, "pricina": "nezavin\u011bn\u00e1 \u0159idi\u010dem", "x": 16.504023, "y": 49.095472, "mesic": 4, "objectid": 1126, "lehce_zran": 0}}, {"type": "Feature", "geometry": {"type": "Point", "coordinates": [16.513981, 49.168093]}, "properties": {"fid": 1126, "den": 5, "usmrceno": 0, "druh": "sr\u00e1\u017eka s pevnou p\u0159ek\u00e1\u017ekou", "rok": 2015, "hmotna_sko": 7000, "cas": "0:00:00", "tezce_zran": 0, "pricina": "nespr\u00e1vn\u00e9 ot\u00e1\u010den\u00ed nebo couv\u00e1n\u00ed", "x": 16.513981, "y": 49.168093, "mesic": 4, "objectid": 1127, "lehce_zran": 0}}, {"type": "Feature", "geometry": {"type": "Point", "coordinates": [16.547419, 49.29675]}, "properties": {"fid": 1127, "den": 5, "usmrceno": 0, "druh": "sr\u00e1\u017eka s vozidlem zaparkovan\u00fdm, odstaven\u00fdm", "rok": 2015, "hmotna_sko": 20000, "cas": "0:00:00", "tezce_zran": 0, "pricina": "\u0159idi\u010d se pln\u011b nev\u011bnoval \u0159\u00edzen\u00ed vozidla", "x": 16.547419, "y": 49.29675, "mesic": 4, "objectid": 1128, "lehce_zran": 0}}, {"type": "Feature", "geometry": {"type": "Point", "coordinates": [16.644569, 49.123374]}, "properties": {"fid": 1128, "den": 6, "usmrceno": 0, "druh": "sr\u00e1\u017eka s lesn\u00ed zv\u011b\u0159\u00ed", "rok": 2015, "hmotna_sko": 23100, "cas": "0:00:00", "tezce_zran": 0, "pricina": "nezavin\u011bn\u00e1 \u0159idi\u010dem", "x": 16.644569, "y": 49.123374, "mesic": 4, "objectid": 1129, "lehce_zran": 0}}, {"type": "Feature", "geometry": {"type": "Point", "coordinates": [16.53869, 49.19172]}, "properties": {"fid": 1133, "den": 2, "usmrceno": 0, "druh": "jin\u00fd druh nehody", "rok": 2015, "hmotna_sko": 35000, "cas": "0:00:00", "tezce_zran": 0, "pricina": "\u0159idi\u010d se pln\u011b nev\u011bnoval \u0159\u00edzen\u00ed vozidla", "x": 16.53869, "y": 49.19172, "mesic": 4, "objectid": 1134, "lehce_zran": 0}}, {"type": "Feature", "geometry": {"type": "Point", "coordinates": [16.590823, 49.235528]}, "properties": {"fid": 1134, "den": 2, "usmrceno": 0, "druh": "sr\u00e1\u017eka s jedouc\u00edm nekolejov\u00fdm vozidlem", "rok": 2015, "hmotna_sko": 170000, "cas": "0:00:00", "tezce_zran": 0, "pricina": "nep\u0159izp\u016fsoben\u00ed rychlosti stavu vozovky (n\u00e1led\u00ed, v\u00fdtluky, bl\u00e1to, mokr\u00fd povrch apod.)", "x": 16.590823, "y": 49.235528, "mesic": 4, "objectid": 1135, "lehce_zran": 0}}, {"type": "Feature", "geometry": {"type": "Point", "coordinates": [16.600884, 49.156893]}, "properties": {"fid": 1135, "den": 1, "usmrceno": 0, "druh": "sr\u00e1\u017eka s jedouc\u00edm nekolejov\u00fdm vozidlem", "rok": 2015, "hmotna_sko": 150000, "cas": "0:00:00", "tezce_zran": 0, "pricina": "proti p\u0159\u00edkazu dopravn\u00ed zna\u010dky dej p\u0159ednost", "x": 16.600884, "y": 49.156893, "mesic": 4, "objectid": 1136, "lehce_zran": 0}}, {"type": "Feature", "geometry": {"type": "Point", "coordinates": [16.586816, 49.255715]}, "properties": {"fid": 1137, "den": 3, "usmrceno": 0, "druh": "sr\u00e1\u017eka s vozidlem zaparkovan\u00fdm, odstaven\u00fdm", "rok": 2015, "hmotna_sko": 10000, "cas": "0:00:00", "tezce_zran": 0, "pricina": "\u0159idi\u010d se pln\u011b nev\u011bnoval \u0159\u00edzen\u00ed vozidla", "x": 16.586816, "y": 49.255715, "mesic": 4, "objectid": 1138, "lehce_zran": 0}}, {"type": "Feature", "geometry": {"type": "Point", "coordinates": [16.64339, 49.220398]}, "properties": {"fid": 1139, "den": 21, "usmrceno": 0, "druh": "sr\u00e1\u017eka s pevnou p\u0159ek\u00e1\u017ekou", "rok": 2015, "hmotna_sko": 82000, "cas": "0:00:00", "tezce_zran": 0, "pricina": "\u0159idi\u010d se pln\u011b nev\u011bnoval \u0159\u00edzen\u00ed vozidla", "x": 16.64339, "y": 49.220398, "mesic": 4, "objectid": 1140, "lehce_zran": 0}}, {"type": "Feature", "geometry": {"type": "Point", "coordinates": [16.564644, 49.176517]}, "properties": {"fid": 1140, "den": 17, "usmrceno": 0, "druh": "sr\u00e1\u017eka s jedouc\u00edm nekolejov\u00fdm vozidlem", "rok": 2015, "hmotna_sko": 40000, "cas": "0:00:00", "tezce_zran": 0, "pricina": "proti p\u0159\u00edkazu dopravn\u00ed zna\u010dky dej p\u0159ednost", "x": 16.564644, "y": 49.176517, "mesic": 4, "objectid": 1141, "lehce_zran": 0}}, {"type": "Feature", "geometry": {"type": "Point", "coordinates": [16.600205, 49.20405]}, "properties": {"fid": 1141, "den": 14, "usmrceno": 0, "druh": "sr\u00e1\u017eka s pevnou p\u0159ek\u00e1\u017ekou", "rok": 2015, "hmotna_sko": 6000, "cas": "0:00:00", "tezce_zran": 0, "pricina": "\u0159idi\u010d se pln\u011b nev\u011bnoval \u0159\u00edzen\u00ed vozidla", "x": 16.600205, "y": 49.20405, "mesic": 4, "objectid": 1142, "lehce_zran": 0}}, {"type": "Feature", "geometry": {"type": "Point", "coordinates": [16.565447, 49.0562]}, "properties": {"fid": 1143, "den": 13, "usmrceno": 0, "druh": "nehoda", "rok": 2015, "hmotna_sko": 205000, "cas": "0:00:00", "tezce_zran": 0, "pricina": "nep\u0159izp\u016fsoben\u00ed rychlosti dopravn\u011b technick\u00e9mu stavu vozovky (zat\u00e1\u010dka, kles\u00e1n\u00ed, stoup\u00e1n\u00ed, \u0161\u00ed\u0159ka vozovky apod.)", "x": 16.565447, "y": 49.0562, "mesic": 4, "objectid": 1144, "lehce_zran": 0}}, {"type": "Feature", "geometry": {"type": "Point", "coordinates": [16.600262, 49.152774]}, "properties": {"fid": 1145, "den": 11, "usmrceno": 0, "druh": "sr\u00e1\u017eka s pevnou p\u0159ek\u00e1\u017ekou", "rok": 2015, "hmotna_sko": 10000, "cas": "0:00:00", "tezce_zran": 0, "pricina": "\u0159idi\u010d se pln\u011b nev\u011bnoval \u0159\u00edzen\u00ed vozidla", "x": 16.600262, "y": 49.152774, "mesic": 4, "objectid": 1146, "lehce_zran": 0}}, {"type": "Feature", "geometry": {"type": "Point", "coordinates": [16.624448, 49.150987]}, "properties": {"fid": 1146, "den": 13, "usmrceno": 0, "druh": "sr\u00e1\u017eka s pevnou p\u0159ek\u00e1\u017ekou", "rok": 2015, "hmotna_sko": 85000, "cas": "0:00:00", "tezce_zran": 0, "pricina": "nespr\u00e1vn\u00e9 ot\u00e1\u010den\u00ed nebo couv\u00e1n\u00ed", "x": 16.624448, "y": 49.150987, "mesic": 4, "objectid": 1147, "lehce_zran": 0}}, {"type": "Feature", "geometry": {"type": "Point", "coordinates": [16.613759, 49.195337]}, "properties": {"fid": 1147, "den": 4, "usmrceno": 0, "druh": "sr\u00e1\u017eka s pevnou p\u0159ek\u00e1\u017ekou", "rok": 2015, "hmotna_sko": 5000, "cas": "0:00:00", "tezce_zran": 0, "pricina": "\u0159idi\u010d se pln\u011b nev\u011bnoval \u0159\u00edzen\u00ed vozidla", "x": 16.613759, "y": 49.195337, "mesic": 4, "objectid": 1148, "lehce_zran": 0}}, {"type": "Feature", "geometry": {"type": "Point", "coordinates": [16.493795, 49.180476]}, "properties": {"fid": 1150, "den": 10, "usmrceno": 0, "druh": "sr\u00e1\u017eka s pevnou p\u0159ek\u00e1\u017ekou", "rok": 2015, "hmotna_sko": 380000, "cas": "0:00:00", "tezce_zran": 0, "pricina": "\u0159idi\u010d se pln\u011b nev\u011bnoval \u0159\u00edzen\u00ed vozidla", "x": 16.493795, "y": 49.180476, "mesic": 4, "objectid": 1151, "lehce_zran": 0}}, {"type": "Feature", "geometry": {"type": "Point", "coordinates": [16.717123, 49.182911]}, "properties": {"fid": 1151, "den": 9, "usmrceno": 0, "druh": "sr\u00e1\u017eka s pevnou p\u0159ek\u00e1\u017ekou", "rok": 2015, "hmotna_sko": 200000, "cas": "0:00:00", "tezce_zran": 0, "pricina": "nep\u0159izp\u016fsoben\u00ed rychlosti dopravn\u011b technick\u00e9mu stavu vozovky (zat\u00e1\u010dka, kles\u00e1n\u00ed, stoup\u00e1n\u00ed, \u0161\u00ed\u0159ka vozovky apod.)", "x": 16.717123, "y": 49.182911, "mesic": 4, "objectid": 1152, "lehce_zran": 0}}, {"type": "Feature", "geometry": {"type": "Point", "coordinates": [16.795416, 49.215355]}, "properties": {"fid": 1152, "den": 2, "usmrceno": 0, "druh": "sr\u00e1\u017eka s pevnou p\u0159ek\u00e1\u017ekou", "rok": 2015, "hmotna_sko": 30000, "cas": "0:00:00", "tezce_zran": 0, "pricina": "nep\u0159izp\u016fsoben\u00ed rychlosti viditelnosti (mlha, soumrak, j\u00edzda v noci na tlumen\u00e1 sv\u011btla apod.)", "x": 16.795416, "y": 49.215355, "mesic": 4, "objectid": 1153, "lehce_zran": 0}}, {"type": "Feature", "geometry": {"type": "Point", "coordinates": [16.517331, 49.221026]}, "properties": {"fid": 1155, "den": 2, "usmrceno": 0, "druh": "sr\u00e1\u017eka s vozidlem zaparkovan\u00fdm, odstaven\u00fdm", "rok": 2015, "hmotna_sko": 30000, "cas": "0:00:00", "tezce_zran": 0, "pricina": "\u0159idi\u010d se pln\u011b nev\u011bnoval \u0159\u00edzen\u00ed vozidla", "x": 16.517331, "y": 49.221026, "mesic": 4, "objectid": 1156, "lehce_zran": 0}}, {"type": "Feature", "geometry": {"type": "Point", "coordinates": [16.590823, 49.235528]}, "properties": {"fid": 1156, "den": 2, "usmrceno": 0, "druh": "sr\u00e1\u017eka s jedouc\u00edm nekolejov\u00fdm vozidlem", "rok": 2015, "hmotna_sko": 180000, "cas": "0:00:00", "tezce_zran": 0, "pricina": "nep\u0159izp\u016fsoben\u00ed rychlosti stavu vozovky (n\u00e1led\u00ed, v\u00fdtluky, bl\u00e1to, mokr\u00fd povrch apod.)", "x": 16.590823, "y": 49.235528, "mesic": 4, "objectid": 1157, "lehce_zran": 0}}, {"type": "Feature", "geometry": {"type": "Point", "coordinates": [16.563198, 49.177693]}, "properties": {"fid": 1157, "den": 6, "usmrceno": 0, "druh": "sr\u00e1\u017eka s pevnou p\u0159ek\u00e1\u017ekou", "rok": 2015, "hmotna_sko": 215000, "cas": "0:00:00", "tezce_zran": 0, "pricina": "nep\u0159izp\u016fsoben\u00ed rychlosti dopravn\u011b technick\u00e9mu stavu vozovky (zat\u00e1\u010dka, kles\u00e1n\u00ed, stoup\u00e1n\u00ed, \u0161\u00ed\u0159ka vozovky apod.)", "x": 16.563198, "y": 49.177693, "mesic": 4, "objectid": 1158, "lehce_zran": 0}}, {"type": "Feature", "geometry": {"type": "Point", "coordinates": [16.608927, 49.217626]}, "properties": {"fid": 1158, "den": 12, "usmrceno": 0, "druh": "sr\u00e1\u017eka s pevnou p\u0159ek\u00e1\u017ekou", "rok": 2015, "hmotna_sko": 20000, "cas": "0:00:00", "tezce_zran": 0, "pricina": "nep\u0159izp\u016fsoben\u00ed rychlosti dopravn\u011b technick\u00e9mu stavu vozovky (zat\u00e1\u010dka, kles\u00e1n\u00ed, stoup\u00e1n\u00ed, \u0161\u00ed\u0159ka vozovky apod.)", "x": 16.608927, "y": 49.217626, "mesic": 4, "objectid": 1159, "lehce_zran": 0}}, {"type": "Feature", "geometry": {"type": "Point", "coordinates": [16.698159, 49.15626]}, "properties": {"fid": 1159, "den": 12, "usmrceno": 0, "druh": "nehoda", "rok": 2015, "hmotna_sko": 305000, "cas": "0:00:00", "tezce_zran": 0, "pricina": "nep\u0159izp\u016fsoben\u00ed rychlosti dopravn\u011b technick\u00e9mu stavu vozovky (zat\u00e1\u010dka, kles\u00e1n\u00ed, stoup\u00e1n\u00ed, \u0161\u00ed\u0159ka vozovky apod.)", "x": 16.698159, "y": 49.15626, "mesic": 4, "objectid": 1160, "lehce_zran": 0}}, {"type": "Feature", "geometry": {"type": "Point", "coordinates": [16.597181, 49.173738]}, "properties": {"fid": 1160, "den": 7, "usmrceno": 0, "druh": "sr\u00e1\u017eka s vozidlem zaparkovan\u00fdm, odstaven\u00fdm", "rok": 2015, "hmotna_sko": 31000, "cas": "0:00:00", "tezce_zran": 0, "pricina": "\u0159idi\u010d se pln\u011b nev\u011bnoval \u0159\u00edzen\u00ed vozidla", "x": 16.597181, "y": 49.173738, "mesic": 4, "objectid": 1161, "lehce_zran": 0}}, {"type": "Feature", "geometry": {"type": "Point", "coordinates": [16.636527, 49.136683]}, "properties": {"fid": 1164, "den": 19, "usmrceno": 0, "druh": "sr\u00e1\u017eka s pevnou p\u0159ek\u00e1\u017ekou", "rok": 2015, "hmotna_sko": 55000, "cas": "0:00:00", "tezce_zran": 0, "pricina": "\u0159idi\u010d se pln\u011b nev\u011bnoval \u0159\u00edzen\u00ed vozidla", "x": 16.636527, "y": 49.136683, "mesic": 4, "objectid": 1165, "lehce_zran": 0}}, {"type": "Feature", "geometry": {"type": "Point", "coordinates": [16.614527, 49.198599]}, "properties": {"fid": 1165, "den": 17, "usmrceno": 0, "druh": "sr\u00e1\u017eka s pevnou p\u0159ek\u00e1\u017ekou", "rok": 2015, "hmotna_sko": 2000, "cas": "0:00:00", "tezce_zran": 0, "pricina": "\u0159idi\u010d se pln\u011b nev\u011bnoval \u0159\u00edzen\u00ed vozidla", "x": 16.614527, "y": 49.198599, "mesic": 4, "objectid": 1166, "lehce_zran": 0}}, {"type": "Feature", "geometry": {"type": "Point", "coordinates": [16.411239, 49.216849]}, "properties": {"fid": 1166, "den": 24, "usmrceno": 0, "druh": "sr\u00e1\u017eka s lesn\u00ed zv\u011b\u0159\u00ed", "rok": 2015, "hmotna_sko": 45000, "cas": "0:00:00", "tezce_zran": 0, "pricina": "nezavin\u011bn\u00e1 \u0159idi\u010dem", "x": 16.411239, "y": 49.216849, "mesic": 4, "objectid": 1167, "lehce_zran": 0}}, {"type": "Feature", "geometry": {"type": "Point", "coordinates": [16.575678, 49.192055]}, "properties": {"fid": 1167, "den": 22, "usmrceno": 0, "druh": "sr\u00e1\u017eka s pevnou p\u0159ek\u00e1\u017ekou", "rok": 2015, "hmotna_sko": 11000, "cas": "0:00:00", "tezce_zran": 0, "pricina": "\u0159idi\u010d se pln\u011b nev\u011bnoval \u0159\u00edzen\u00ed vozidla", "x": 16.575678, "y": 49.192055, "mesic": 4, "objectid": 1168, "lehce_zran": 0}}, {"type": "Feature", "geometry": {"type": "Point", "coordinates": [16.649186, 49.23145]}, "properties": {"fid": 1168, "den": 24, "usmrceno": 0, "druh": "sr\u00e1\u017eka s jedouc\u00edm nekolejov\u00fdm vozidlem", "rok": 2015, "hmotna_sko": 42000, "cas": "0:00:00", "tezce_zran": 0, "pricina": "nespr\u00e1vn\u00e9 ot\u00e1\u010den\u00ed nebo couv\u00e1n\u00ed", "x": 16.649186, "y": 49.23145, "mesic": 4, "objectid": 1169, "lehce_zran": 0}}, {"type": "Feature", "geometry": {"type": "Point", "coordinates": [16.61046, 49.210355]}, "properties": {"fid": 1171, "den": 28, "usmrceno": 0, "druh": "sr\u00e1\u017eka s jedouc\u00edm nekolejov\u00fdm vozidlem", "rok": 2015, "hmotna_sko": 70000, "cas": "0:00:00", "tezce_zran": 0, "pricina": "n\u00e1hl\u00e9 bezd\u016fvodn\u00e9 sn\u00ed\u017een\u00ed rychlosti j\u00edzdy, zabrzd\u011bn\u00ed nebo zastaven\u00ed", "x": 16.61046, "y": 49.210355, "mesic": 4, "objectid": 1172, "lehce_zran": 0}}, {"type": "Feature", "geometry": {"type": "Point", "coordinates": [16.603643, 49.130648]}, "properties": {"fid": 1172, "den": 30, "usmrceno": 0, "druh": "sr\u00e1\u017eka s jedouc\u00edm nekolejov\u00fdm vozidlem", "rok": 2015, "hmotna_sko": 150000, "cas": "0:00:00", "tezce_zran": 0, "pricina": "nep\u0159izp\u016fsoben\u00ed rychlosti intenzit\u011b (hustot\u011b) provozu", "x": 16.603643, "y": 49.130648, "mesic": 4, "objectid": 1173, "lehce_zran": 0}}, {"type": "Feature", "geometry": {"type": "Point", "coordinates": [16.631161, 49.189767]}, "properties": {"fid": 1174, "den": 29, "usmrceno": 0, "druh": "sr\u00e1\u017eka s jedouc\u00edm nekolejov\u00fdm vozidlem", "rok": 2015, "hmotna_sko": 53000, "cas": "0:00:00", "tezce_zran": 0, "pricina": "\u0159idi\u010d se pln\u011b nev\u011bnoval \u0159\u00edzen\u00ed vozidla", "x": 16.631161, "y": 49.189767, "mesic": 4, "objectid": 1175, "lehce_zran": 0}}, {"type": "Feature", "geometry": {"type": "Point", "coordinates": [16.594209, 49.187768]}, "properties": {"fid": 1175, "den": 23, "usmrceno": 0, "druh": "sr\u00e1\u017eka s jedouc\u00edm nekolejov\u00fdm vozidlem", "rok": 2015, "hmotna_sko": 130000, "cas": "0:00:00", "tezce_zran": 0, "pricina": "\u0159idi\u010d se pln\u011b nev\u011bnoval \u0159\u00edzen\u00ed vozidla", "x": 16.594209, "y": 49.187768, "mesic": 4, "objectid": 1176, "lehce_zran": 0}}, {"type": "Feature", "geometry": {"type": "Point", "coordinates": [16.582945, 49.224885]}, "properties": {"fid": 1176, "den": 22, "usmrceno": 0, "druh": "sr\u00e1\u017eka s pevnou p\u0159ek\u00e1\u017ekou", "rok": 2015, "hmotna_sko": 17000, "cas": "0:00:00", "tezce_zran": 0, "pricina": "samovoln\u00e9 rozjet\u00ed nezaji\u0161t\u011bn\u00e9ho vozidla", "x": 16.582945, "y": 49.224885, "mesic": 4, "objectid": 1177, "lehce_zran": 0}}, {"type": "Feature", "geometry": {"type": "Point", "coordinates": [16.625893, 49.200243]}, "properties": {"fid": 1177, "den": 29, "usmrceno": 0, "druh": "sr\u00e1\u017eka s jedouc\u00edm nekolejov\u00fdm vozidlem", "rok": 2015, "hmotna_sko": 5000, "cas": "0:00:00", "tezce_zran": 0, "pricina": "\u0159idi\u010d se pln\u011b nev\u011bnoval \u0159\u00edzen\u00ed vozidla", "x": 16.625893, "y": 49.200243, "mesic": 4, "objectid": 1178, "lehce_zran": 0}}, {"type": "Feature", "geometry": {"type": "Point", "coordinates": [16.722007, 49.184795]}, "properties": {"fid": 1178, "den": 26, "usmrceno": 0, "druh": "sr\u00e1\u017eka s pevnou p\u0159ek\u00e1\u017ekou", "rok": 2015, "hmotna_sko": 280000, "cas": "0:00:00", "tezce_zran": 0, "pricina": "\u0159idi\u010d se pln\u011b nev\u011bnoval \u0159\u00edzen\u00ed vozidla", "x": 16.722007, "y": 49.184795, "mesic": 4, "objectid": 1179, "lehce_zran": 0}}, {"type": "Feature", "geometry": {"type": "Point", "coordinates": [16.639963, 49.203117]}, "properties": {"fid": 1179, "den": 25, "usmrceno": 0, "druh": "sr\u00e1\u017eka s pevnou p\u0159ek\u00e1\u017ekou", "rok": 2015, "hmotna_sko": 25000, "cas": "0:00:00", "tezce_zran": 0, "pricina": "\u0159idi\u010d se pln\u011b nev\u011bnoval \u0159\u00edzen\u00ed vozidla", "x": 16.639963, "y": 49.203117, "mesic": 4, "objectid": 1180, "lehce_zran": 0}}, {"type": "Feature", "geometry": {"type": "Point", "coordinates": [16.621524, 49.20546]}, "properties": {"fid": 1180, "den": 21, "usmrceno": 0, "druh": "sr\u00e1\u017eka s vozidlem zaparkovan\u00fdm, odstaven\u00fdm", "rok": 2015, "hmotna_sko": 25000, "cas": "0:00:00", "tezce_zran": 0, "pricina": "\u0159idi\u010d se pln\u011b nev\u011bnoval \u0159\u00edzen\u00ed vozidla", "x": 16.621524, "y": 49.20546, "mesic": 4, "objectid": 1181, "lehce_zran": 0}}, {"type": "Feature", "geometry": {"type": "Point", "coordinates": [16.613377, 49.003034]}, "properties": {"fid": 1181, "den": 15, "usmrceno": 0, "druh": "sr\u00e1\u017eka s pevnou p\u0159ek\u00e1\u017ekou", "rok": 2015, "hmotna_sko": 20000, "cas": "0:00:00", "tezce_zran": 0, "pricina": "\u0159idi\u010d se pln\u011b nev\u011bnoval \u0159\u00edzen\u00ed vozidla", "x": 16.613377, "y": 49.003034, "mesic": 4, "objectid": 1182, "lehce_zran": 0}}, {"type": "Feature", "geometry": {"type": "Point", "coordinates": [16.600304, 49.014358]}, "properties": {"fid": 1183, "den": 8, "usmrceno": 0, "druh": "sr\u00e1\u017eka s pevnou p\u0159ek\u00e1\u017ekou", "rok": 2015, "hmotna_sko": 10000, "cas": "0:00:00", "tezce_zran": 0, "pricina": "proti p\u0159\u00edkazu dopravn\u00ed zna\u010dky dej p\u0159ednost", "x": 16.600304, "y": 49.014358, "mesic": 4, "objectid": 1184, "lehce_zran": 0}}, {"type": "Feature", "geometry": {"type": "Point", "coordinates": [16.614149, 49.190398]}, "properties": {"fid": 1184, "den": 11, "usmrceno": 0, "druh": "sr\u00e1\u017eka s vozidlem zaparkovan\u00fdm, odstaven\u00fdm", "rok": 2015, "hmotna_sko": 20000, "cas": "0:00:00", "tezce_zran": 0, "pricina": "\u0159idi\u010d se pln\u011b nev\u011bnoval \u0159\u00edzen\u00ed vozidla", "x": 16.614149, "y": 49.190398, "mesic": 4, "objectid": 1185, "lehce_zran": 0}}, {"type": "Feature", "geometry": {"type": "Point", "coordinates": [16.611571, 49.197293]}, "properties": {"fid": 1185, "den": 12, "usmrceno": 0, "druh": "sr\u00e1\u017eka s vozidlem zaparkovan\u00fdm, odstaven\u00fdm", "rok": 2015, "hmotna_sko": 65000, "cas": "0:00:00", "tezce_zran": 0, "pricina": "\u0159idi\u010d se pln\u011b nev\u011bnoval \u0159\u00edzen\u00ed vozidla", "x": 16.611571, "y": 49.197293, "mesic": 4, "objectid": 1186, "lehce_zran": 0}}, {"type": "Feature", "geometry": {"type": "Point", "coordinates": [16.574021, 49.210567]}, "properties": {"fid": 1186, "den": 6, "usmrceno": 0, "druh": "sr\u00e1\u017eka s pevnou p\u0159ek\u00e1\u017ekou", "rok": 2015, "hmotna_sko": 48000, "cas": "0:00:00", "tezce_zran": 0, "pricina": "nep\u0159izp\u016fsoben\u00ed rychlosti stavu vozovky (n\u00e1led\u00ed, v\u00fdtluky, bl\u00e1to, mokr\u00fd povrch apod.)", "x": 16.574021, "y": 49.210567, "mesic": 4, "objectid": 1187, "lehce_zran": 0}}, {"type": "Feature", "geometry": {"type": "Point", "coordinates": [16.590823, 49.235528]}, "properties": {"fid": 1187, "den": 2, "usmrceno": 0, "druh": "sr\u00e1\u017eka s pevnou p\u0159ek\u00e1\u017ekou", "rok": 2015, "hmotna_sko": 100000, "cas": "0:00:00", "tezce_zran": 0, "pricina": "nep\u0159izp\u016fsoben\u00ed rychlosti stavu vozovky (n\u00e1led\u00ed, v\u00fdtluky, bl\u00e1to, mokr\u00fd povrch apod.)", "x": 16.590823, "y": 49.235528, "mesic": 4, "objectid": 1188, "lehce_zran": 0}}, {"type": "Feature", "geometry": {"type": "Point", "coordinates": [16.595289, 49.198392]}, "properties": {"fid": 1188, "den": 4, "usmrceno": 0, "druh": "nehoda", "rok": 2015, "hmotna_sko": 46000, "cas": "0:00:00", "tezce_zran": 0, "pricina": "\u0159idi\u010d se pln\u011b nev\u011bnoval \u0159\u00edzen\u00ed vozidla", "x": 16.595289, "y": 49.198392, "mesic": 4, "objectid": 1189, "lehce_zran": 0}}, {"type": "Feature", "geometry": {"type": "Point", "coordinates": [16.604246, 49.120078]}, "properties": {"fid": 1189, "den": 6, "usmrceno": 0, "druh": "sr\u00e1\u017eka s lesn\u00ed zv\u011b\u0159\u00ed", "rok": 2015, "hmotna_sko": 31000, "cas": "0:00:00", "tezce_zran": 0, "pricina": "nezavin\u011bn\u00e1 \u0159idi\u010dem", "x": 16.604246, "y": 49.120078, "mesic": 4, "objectid": 1190, "lehce_zran": 0}}, {"type": "Feature", "geometry": {"type": "Point", "coordinates": [16.638918, 49.161236]}, "properties": {"fid": 1190, "den": 24, "usmrceno": 0, "druh": "sr\u00e1\u017eka s vozidlem zaparkovan\u00fdm, odstaven\u00fdm", "rok": 2015, "hmotna_sko": 10000, "cas": "0:00:00", "tezce_zran": 0, "pricina": "\u0159idi\u010d se pln\u011b nev\u011bnoval \u0159\u00edzen\u00ed vozidla", "x": 16.638918, "y": 49.161236, "mesic": 4, "objectid": 1191, "lehce_zran": 0}}, {"type": "Feature", "geometry": {"type": "Point", "coordinates": [16.65805, 49.085642]}, "properties": {"fid": 1191, "den": 26, "usmrceno": 0, "druh": "sr\u00e1\u017eka s lesn\u00ed zv\u011b\u0159\u00ed", "rok": 2015, "hmotna_sko": 38900, "cas": "0:00:00", "tezce_zran": 0, "pricina": "nezavin\u011bn\u00e1 \u0159idi\u010dem", "x": 16.65805, "y": 49.085642, "mesic": 4, "objectid": 1192, "lehce_zran": 0}}, {"type": "Feature", "geometry": {"type": "Point", "coordinates": [16.687628, 49.184345]}, "properties": {"fid": 1192, "den": 20, "usmrceno": 0, "druh": "sr\u00e1\u017eka s jedouc\u00edm nekolejov\u00fdm vozidlem", "rok": 2015, "hmotna_sko": 60000, "cas": "0:00:00", "tezce_zran": 0, "pricina": "nep\u0159izp\u016fsoben\u00ed rychlosti dopravn\u011b technick\u00e9mu stavu vozovky (zat\u00e1\u010dka, kles\u00e1n\u00ed, stoup\u00e1n\u00ed, \u0161\u00ed\u0159ka vozovky apod.)", "x": 16.687628, "y": 49.184345, "mesic": 4, "objectid": 1193, "lehce_zran": 0}}, {"type": "Feature", "geometry": {"type": "Point", "coordinates": [16.780649, 49.180652]}, "properties": {"fid": 1195, "den": 3, "usmrceno": 0, "druh": "sr\u00e1\u017eka s jedouc\u00edm nekolejov\u00fdm vozidlem", "rok": 2015, "hmotna_sko": 110000, "cas": "0:00:00", "tezce_zran": 0, "pricina": "p\u0159i p\u0159ej\u00ed\u017ed\u011bn\u00ed z jednoho j\u00edzdn\u00edho pruhu do druh\u00e9ho", "x": 16.780649, "y": 49.180652, "mesic": 4, "objectid": 1196, "lehce_zran": 0}}, {"type": "Feature", "geometry": {"type": "Point", "coordinates": [16.602683, 49.165023]}, "properties": {"fid": 1197, "den": 9, "usmrceno": 0, "druh": "sr\u00e1\u017eka s pevnou p\u0159ek\u00e1\u017ekou", "rok": 2015, "hmotna_sko": 15000, "cas": "0:00:00", "tezce_zran": 0, "pricina": "\u0159idi\u010d se pln\u011b nev\u011bnoval \u0159\u00edzen\u00ed vozidla", "x": 16.602683, "y": 49.165023, "mesic": 4, "objectid": 1198, "lehce_zran": 0}}, {"type": "Feature", "geometry": {"type": "Point", "coordinates": [16.575315, 49.167047]}, "properties": {"fid": 1198, "den": 11, "usmrceno": 0, "druh": "sr\u00e1\u017eka s jedouc\u00edm nekolejov\u00fdm vozidlem", "rok": 2015, "hmotna_sko": 160000, "cas": "0:00:00", "tezce_zran": 0, "pricina": "\u0159idi\u010d se pln\u011b nev\u011bnoval \u0159\u00edzen\u00ed vozidla", "x": 16.575315, "y": 49.167047, "mesic": 4, "objectid": 1199, "lehce_zran": 0}}, {"type": "Feature", "geometry": {"type": "Point", "coordinates": [16.582375, 49.231854]}, "properties": {"fid": 1201, "den": 29, "usmrceno": 0, "druh": "sr\u00e1\u017eka s pevnou p\u0159ek\u00e1\u017ekou", "rok": 2015, "hmotna_sko": 30000, "cas": "0:00:00", "tezce_zran": 0, "pricina": "\u0159idi\u010d se pln\u011b nev\u011bnoval \u0159\u00edzen\u00ed vozidla", "x": 16.582375, "y": 49.231854, "mesic": 4, "objectid": 1202, "lehce_zran": 0}}, {"type": "Feature", "geometry": {"type": "Point", "coordinates": [16.648829, 49.230029]}, "properties": {"fid": 1202, "den": 24, "usmrceno": 0, "druh": "sr\u00e1\u017eka s pevnou p\u0159ek\u00e1\u017ekou", "rok": 2015, "hmotna_sko": 50000, "cas": "0:00:00", "tezce_zran": 0, "pricina": "jin\u00fd druh nep\u0159im\u011b\u0159en\u00e9 rychlosti", "x": 16.648829, "y": 49.230029, "mesic": 4, "objectid": 1203, "lehce_zran": 0}}, {"type": "Feature", "geometry": {"type": "Point", "coordinates": [16.589719, 49.211744]}, "properties": {"fid": 1204, "den": 27, "usmrceno": 0, "druh": "sr\u00e1\u017eka s pevnou p\u0159ek\u00e1\u017ekou", "rok": 2015, "hmotna_sko": 20000, "cas": "0:00:00", "tezce_zran": 0, "pricina": "nespr\u00e1vn\u00e9 ot\u00e1\u010den\u00ed nebo couv\u00e1n\u00ed", "x": 16.589719, "y": 49.211744, "mesic": 4, "objectid": 1205, "lehce_zran": 0}}, {"type": "Feature", "geometry": {"type": "Point", "coordinates": [16.603728, 49.196285]}, "properties": {"fid": 1205, "den": 7, "usmrceno": 0, "druh": "sr\u00e1\u017eka s tramvaj\u00ed", "rok": 2015, "hmotna_sko": 90000, "cas": "0:00:00", "tezce_zran": 0, "pricina": "\u0159idi\u010d se pln\u011b nev\u011bnoval \u0159\u00edzen\u00ed vozidla", "x": 16.603728, "y": 49.196285, "mesic": 4, "objectid": 1206, "lehce_zran": 0}}, {"type": "Feature", "geometry": {"type": "Point", "coordinates": [16.600069, 49.099334]}, "properties": {"fid": 1206, "den": 8, "usmrceno": 0, "druh": "sr\u00e1\u017eka s pevnou p\u0159ek\u00e1\u017ekou", "rok": 2015, "hmotna_sko": 90000, "cas": "0:00:00", "tezce_zran": 0, "pricina": "nep\u0159izp\u016fsoben\u00ed rychlosti dopravn\u011b technick\u00e9mu stavu vozovky (zat\u00e1\u010dka, kles\u00e1n\u00ed, stoup\u00e1n\u00ed, \u0161\u00ed\u0159ka vozovky apod.)", "x": 16.600069, "y": 49.099334, "mesic": 4, "objectid": 1207, "lehce_zran": 0}}, {"type": "Feature", "geometry": {"type": "Point", "coordinates": [16.513998, 49.17315]}, "properties": {"fid": 1207, "den": 10, "usmrceno": 0, "druh": "sr\u00e1\u017eka s jedouc\u00edm nekolejov\u00fdm vozidlem", "rok": 2015, "hmotna_sko": 270000, "cas": "0:00:00", "tezce_zran": 0, "pricina": "\u0159idi\u010d se pln\u011b nev\u011bnoval \u0159\u00edzen\u00ed vozidla", "x": 16.513998, "y": 49.17315, "mesic": 4, "objectid": 1208, "lehce_zran": 0}}, {"type": "Feature", "geometry": {"type": "Point", "coordinates": [16.551025, 49.160061]}, "properties": {"fid": 1208, "den": 19, "usmrceno": 0, "druh": "sr\u00e1\u017eka s pevnou p\u0159ek\u00e1\u017ekou", "rok": 2015, "hmotna_sko": 120000, "cas": "0:00:00", "tezce_zran": 0, "pricina": "nep\u0159izp\u016fsoben\u00ed rychlosti dopravn\u011b technick\u00e9mu stavu vozovky (zat\u00e1\u010dka, kles\u00e1n\u00ed, stoup\u00e1n\u00ed, \u0161\u00ed\u0159ka vozovky apod.)", "x": 16.551025, "y": 49.160061, "mesic": 4, "objectid": 1209, "lehce_zran": 0}}, {"type": "Feature", "geometry": {"type": "Point", "coordinates": [16.583029, 49.215676]}, "properties": {"fid": 1209, "den": 20, "usmrceno": 0, "druh": "sr\u00e1\u017eka s vozidlem zaparkovan\u00fdm, odstaven\u00fdm", "rok": 2015, "hmotna_sko": 31000, "cas": "0:00:00", "tezce_zran": 0, "pricina": "\u0159idi\u010d se pln\u011b nev\u011bnoval \u0159\u00edzen\u00ed vozidla", "x": 16.583029, "y": 49.215676, "mesic": 4, "objectid": 1210, "lehce_zran": 0}}, {"type": "Feature", "geometry": {"type": "Point", "coordinates": [16.603909, 49.127051]}, "properties": {"fid": 1210, "den": 22, "usmrceno": 0, "druh": "sr\u00e1\u017eka s jedouc\u00edm nekolejov\u00fdm vozidlem", "rok": 2015, "hmotna_sko": 40000, "cas": "0:00:00", "tezce_zran": 0, "pricina": "\u0159idi\u010d se pln\u011b nev\u011bnoval \u0159\u00edzen\u00ed vozidla", "x": 16.603909, "y": 49.127051, "mesic": 4, "objectid": 1211, "lehce_zran": 0}}, {"type": "Feature", "geometry": {"type": "Point", "coordinates": [16.602034, 49.191152]}, "properties": {"fid": 1211, "den": 20, "usmrceno": 0, "druh": "sr\u00e1\u017eka s vozidlem zaparkovan\u00fdm, odstaven\u00fdm", "rok": 2015, "hmotna_sko": 120000, "cas": "0:00:00", "tezce_zran": 0, "pricina": "\u0159idi\u010d se pln\u011b nev\u011bnoval \u0159\u00edzen\u00ed vozidla", "x": 16.602034, "y": 49.191152, "mesic": 4, "objectid": 1212, "lehce_zran": 0}}, {"type": "Feature", "geometry": {"type": "Point", "coordinates": [16.637274, 49.197132]}, "properties": {"fid": 1212, "den": 21, "usmrceno": 0, "druh": "sr\u00e1\u017eka s vozidlem zaparkovan\u00fdm, odstaven\u00fdm", "rok": 2015, "hmotna_sko": 6000, "cas": "0:00:00", "tezce_zran": 0, "pricina": "\u0159idi\u010d se pln\u011b nev\u011bnoval \u0159\u00edzen\u00ed vozidla", "x": 16.637274, "y": 49.197132, "mesic": 4, "objectid": 1213, "lehce_zran": 0}}, {"type": "Feature", "geometry": {"type": "Point", "coordinates": [16.636325, 49.200975]}, "properties": {"fid": 1213, "den": 19, "usmrceno": 0, "druh": "sr\u00e1\u017eka s vozidlem zaparkovan\u00fdm, odstaven\u00fdm", "rok": 2015, "hmotna_sko": 50000, "cas": "0:00:00", "tezce_zran": 0, "pricina": "nep\u0159izp\u016fsoben\u00ed rychlosti dopravn\u011b technick\u00e9mu stavu vozovky (zat\u00e1\u010dka, kles\u00e1n\u00ed, stoup\u00e1n\u00ed, \u0161\u00ed\u0159ka vozovky apod.)", "x": 16.636325, "y": 49.200975, "mesic": 4, "objectid": 1214, "lehce_zran": 0}}, {"type": "Feature", "geometry": {"type": "Point", "coordinates": [16.756698, 49.185786]}, "properties": {"fid": 1214, "den": 27, "usmrceno": 0, "druh": "sr\u00e1\u017eka s jedouc\u00edm nekolejov\u00fdm vozidlem", "rok": 2015, "hmotna_sko": 330000, "cas": "0:00:00", "tezce_zran": 0, "pricina": "nedodr\u017een\u00ed bezpe\u010dn\u00e9 vzd\u00e1lenosti za vozidlem", "x": 16.756698, "y": 49.185786, "mesic": 4, "objectid": 1215, "lehce_zran": 0}}, {"type": "Feature", "geometry": {"type": "Point", "coordinates": [16.621283, 49.21746]}, "properties": {"fid": 1215, "den": 22, "usmrceno": 0, "druh": "sr\u00e1\u017eka s vozidlem zaparkovan\u00fdm, odstaven\u00fdm", "rok": 2015, "hmotna_sko": 10000, "cas": "0:00:00", "tezce_zran": 0, "pricina": "\u0159idi\u010d se pln\u011b nev\u011bnoval \u0159\u00edzen\u00ed vozidla", "x": 16.621283, "y": 49.21746, "mesic": 4, "objectid": 1216, "lehce_zran": 0}}, {"type": "Feature", "geometry": {"type": "Point", "coordinates": [16.614999, 49.186061]}, "properties": {"fid": 1216, "den": 22, "usmrceno": 0, "druh": "sr\u00e1\u017eka s jedouc\u00edm nekolejov\u00fdm vozidlem", "rok": 2015, "hmotna_sko": 25000, "cas": "0:00:00", "tezce_zran": 0, "pricina": "\u0159idi\u010d se pln\u011b nev\u011bnoval \u0159\u00edzen\u00ed vozidla", "x": 16.614999, "y": 49.186061, "mesic": 4, "objectid": 1217, "lehce_zran": 0}}, {"type": "Feature", "geometry": {"type": "Point", "coordinates": [16.512808, 49.219755]}, "properties": {"fid": 1217, "den": 25, "usmrceno": 0, "druh": "sr\u00e1\u017eka s pevnou p\u0159ek\u00e1\u017ekou", "rok": 2015, "hmotna_sko": 185000, "cas": "0:00:00", "tezce_zran": 0, "pricina": "nep\u0159izp\u016fsoben\u00ed rychlosti dopravn\u011b technick\u00e9mu stavu vozovky (zat\u00e1\u010dka, kles\u00e1n\u00ed, stoup\u00e1n\u00ed, \u0161\u00ed\u0159ka vozovky apod.)", "x": 16.512808, "y": 49.219755, "mesic": 4, "objectid": 1218, "lehce_zran": 0}}, {"type": "Feature", "geometry": {"type": "Point", "coordinates": [16.558327, 49.291617]}, "properties": {"fid": 1218, "den": 30, "usmrceno": 0, "druh": "sr\u00e1\u017eka s jedouc\u00edm nekolejov\u00fdm vozidlem", "rok": 2015, "hmotna_sko": 230000, "cas": "0:00:00", "tezce_zran": 0, "pricina": "j\u00edzda po nespr\u00e1vn\u00e9 stran\u011b vozovky, vjet\u00ed do protism\u011bru", "x": 16.558327, "y": 49.291617, "mesic": 4, "objectid": 1219, "lehce_zran": 0}}, {"type": "Feature", "geometry": {"type": "Point", "coordinates": [16.678761, 49.042541]}, "properties": {"fid": 1219, "den": 17, "usmrceno": 0, "druh": "sr\u00e1\u017eka s pevnou p\u0159ek\u00e1\u017ekou", "rok": 2015, "hmotna_sko": 220000, "cas": "0:00:00", "tezce_zran": 0, "pricina": "\u0159idi\u010d se pln\u011b nev\u011bnoval \u0159\u00edzen\u00ed vozidla", "x": 16.678761, "y": 49.042541, "mesic": 4, "objectid": 1220, "lehce_zran": 0}}, {"type": "Feature", "geometry": {"type": "Point", "coordinates": [16.687309, 49.093854]}, "properties": {"fid": 1221, "den": 19, "usmrceno": 0, "druh": "sr\u00e1\u017eka s lesn\u00ed zv\u011b\u0159\u00ed", "rok": 2015, "hmotna_sko": 15000, "cas": "0:00:00", "tezce_zran": 0, "pricina": "nezavin\u011bn\u00e1 \u0159idi\u010dem", "x": 16.687309, "y": 49.093854, "mesic": 4, "objectid": 1222, "lehce_zran": 0}}, {"type": "Feature", "geometry": {"type": "Point", "coordinates": [16.565551, 49.161452]}, "properties": {"fid": 1222, "den": 16, "usmrceno": 0, "druh": "sr\u00e1\u017eka s jedouc\u00edm nekolejov\u00fdm vozidlem", "rok": 2015, "hmotna_sko": 170000, "cas": "0:00:00", "tezce_zran": 0, "pricina": "nep\u0159izp\u016fsoben\u00ed rychlosti intenzit\u011b (hustot\u011b) provozu", "x": 16.565551, "y": 49.161452, "mesic": 4, "objectid": 1223, "lehce_zran": 0}}, {"type": "Feature", "geometry": {"type": "Point", "coordinates": [16.428296, 49.193068]}, "properties": {"fid": 1223, "den": 16, "usmrceno": 0, "druh": "jin\u00fd druh nehody", "rok": 2015, "hmotna_sko": 150000, "cas": "0:00:00", "tezce_zran": 0, "pricina": "upadnut\u00ed, ztr\u00e1ta kola vozidla (i rezervn\u00edho)", "x": 16.428296, "y": 49.193068, "mesic": 4, "objectid": 1224, "lehce_zran": 0}}, {"type": "Feature", "geometry": {"type": "Point", "coordinates": [16.617189, 49.190526]}, "properties": {"fid": 1224, "den": 30, "usmrceno": 0, "druh": "sr\u00e1\u017eka s vozidlem zaparkovan\u00fdm, odstaven\u00fdm", "rok": 2015, "hmotna_sko": 20000, "cas": "0:00:00", "tezce_zran": 0, "pricina": "\u0159idi\u010d se pln\u011b nev\u011bnoval \u0159\u00edzen\u00ed vozidla", "x": 16.617189, "y": 49.190526, "mesic": 4, "objectid": 1225, "lehce_zran": 0}}, {"type": "Feature", "geometry": {"type": "Point", "coordinates": [16.635567, 49.138497]}, "properties": {"fid": 1225, "den": 29, "usmrceno": 0, "druh": "sr\u00e1\u017eka s pevnou p\u0159ek\u00e1\u017ekou", "rok": 2015, "hmotna_sko": 117600, "cas": "0:00:00", "tezce_zran": 0, "pricina": "\u0159idi\u010d se pln\u011b nev\u011bnoval \u0159\u00edzen\u00ed vozidla", "x": 16.635567, "y": 49.138497, "mesic": 4, "objectid": 1226, "lehce_zran": 0}}, {"type": "Feature", "geometry": {"type": "Point", "coordinates": [16.718967, 49.184107]}, "properties": {"fid": 1226, "den": 24, "usmrceno": 0, "druh": "sr\u00e1\u017eka s jedouc\u00edm nekolejov\u00fdm vozidlem", "rok": 2015, "hmotna_sko": 35000, "cas": "0:00:00", "tezce_zran": 0, "pricina": "p\u0159i p\u0159ej\u00ed\u017ed\u011bn\u00ed z jednoho j\u00edzdn\u00edho pruhu do druh\u00e9ho", "x": 16.718967, "y": 49.184107, "mesic": 4, "objectid": 1227, "lehce_zran": 0}}, {"type": "Feature", "geometry": {"type": "Point", "coordinates": [16.756042, 49.18562]}, "properties": {"fid": 1228, "den": 23, "usmrceno": 0, "druh": "sr\u00e1\u017eka s jedouc\u00edm nekolejov\u00fdm vozidlem", "rok": 2015, "hmotna_sko": 63000, "cas": "0:00:00", "tezce_zran": 0, "pricina": "p\u0159i vj\u00ed\u017ed\u011bn\u00ed na silnici", "x": 16.756042, "y": 49.18562, "mesic": 4, "objectid": 1229, "lehce_zran": 0}}, {"type": "Feature", "geometry": {"type": "Point", "coordinates": [16.593717, 49.225971]}, "properties": {"fid": 1229, "den": 21, "usmrceno": 0, "druh": "sr\u00e1\u017eka s vozidlem zaparkovan\u00fdm, odstaven\u00fdm", "rok": 2015, "hmotna_sko": 4000, "cas": "0:00:00", "tezce_zran": 0, "pricina": "\u0159idi\u010d se pln\u011b nev\u011bnoval \u0159\u00edzen\u00ed vozidla", "x": 16.593717, "y": 49.225971, "mesic": 4, "objectid": 1230, "lehce_zran": 0}}, {"type": "Feature", "geometry": {"type": "Point", "coordinates": [16.405826, 49.218558]}, "properties": {"fid": 1230, "den": 21, "usmrceno": 0, "druh": "sr\u00e1\u017eka s pevnou p\u0159ek\u00e1\u017ekou", "rok": 2015, "hmotna_sko": 80000, "cas": "0:00:00", "tezce_zran": 0, "pricina": "\u0159idi\u010d se pln\u011b nev\u011bnoval \u0159\u00edzen\u00ed vozidla", "x": 16.405826, "y": 49.218558, "mesic": 4, "objectid": 1231, "lehce_zran": 0}}, {"type": "Feature", "geometry": {"type": "Point", "coordinates": [16.731591, 49.142742]}, "properties": {"fid": 1231, "den": 18, "usmrceno": 0, "druh": "sr\u00e1\u017eka s pevnou p\u0159ek\u00e1\u017ekou", "rok": 2015, "hmotna_sko": 61000, "cas": "0:00:00", "tezce_zran": 0, "pricina": "nep\u0159izp\u016fsoben\u00ed rychlosti dopravn\u011b technick\u00e9mu stavu vozovky (zat\u00e1\u010dka, kles\u00e1n\u00ed, stoup\u00e1n\u00ed, \u0161\u00ed\u0159ka vozovky apod.)", "x": 16.731591, "y": 49.142742, "mesic": 4, "objectid": 1232, "lehce_zran": 0}}, {"type": "Feature", "geometry": {"type": "Point", "coordinates": [16.600502, 49.156136]}, "properties": {"fid": 1232, "den": 1, "usmrceno": 0, "druh": "sr\u00e1\u017eka s pevnou p\u0159ek\u00e1\u017ekou", "rok": 2015, "hmotna_sko": 70000, "cas": "0:00:00", "tezce_zran": 0, "pricina": "nep\u0159izp\u016fsoben\u00ed rychlosti dopravn\u011b technick\u00e9mu stavu vozovky (zat\u00e1\u010dka, kles\u00e1n\u00ed, stoup\u00e1n\u00ed, \u0161\u00ed\u0159ka vozovky apod.)", "x": 16.600502, "y": 49.156136, "mesic": 4, "objectid": 1233, "lehce_zran": 0}}, {"type": "Feature", "geometry": {"type": "Point", "coordinates": [16.66784, 49.147787]}, "properties": {"fid": 1233, "den": 1, "usmrceno": 0, "druh": "sr\u00e1\u017eka s jedouc\u00edm nekolejov\u00fdm vozidlem", "rok": 2015, "hmotna_sko": 190000, "cas": "0:00:00", "tezce_zran": 0, "pricina": "proti p\u0159\u00edkazu dopravn\u00ed zna\u010dky st\u016fj dej p\u0159ednost", "x": 16.66784, "y": 49.147787, "mesic": 4, "objectid": 1234, "lehce_zran": 0}}, {"type": "Feature", "geometry": {"type": "Point", "coordinates": [16.590172, 49.236678]}, "properties": {"fid": 1234, "den": 2, "usmrceno": 0, "druh": "sr\u00e1\u017eka s pevnou p\u0159ek\u00e1\u017ekou", "rok": 2015, "hmotna_sko": 150000, "cas": "0:00:00", "tezce_zran": 0, "pricina": "nep\u0159izp\u016fsoben\u00ed rychlosti stavu vozovky (n\u00e1led\u00ed, v\u00fdtluky, bl\u00e1to, mokr\u00fd povrch apod.)", "x": 16.590172, "y": 49.236678, "mesic": 4, "objectid": 1235, "lehce_zran": 0}}, {"type": "Feature", "geometry": {"type": "Point", "coordinates": [16.602223, 49.071637]}, "properties": {"fid": 1235, "den": 9, "usmrceno": 0, "druh": "sr\u00e1\u017eka s lesn\u00ed zv\u011b\u0159\u00ed", "rok": 2015, "hmotna_sko": 31000, "cas": "0:00:00", "tezce_zran": 0, "pricina": "nezavin\u011bn\u00e1 \u0159idi\u010dem", "x": 16.602223, "y": 49.071637, "mesic": 4, "objectid": 1236, "lehce_zran": 0}}, {"type": "Feature", "geometry": {"type": "Point", "coordinates": [16.798076, 49.209475]}, "properties": {"fid": 1236, "den": 7, "usmrceno": 0, "druh": "sr\u00e1\u017eka s jedouc\u00edm nekolejov\u00fdm vozidlem", "rok": 2015, "hmotna_sko": 135000, "cas": "0:00:00", "tezce_zran": 0, "pricina": "n\u00e1hl\u00e9 bezd\u016fvodn\u00e9 sn\u00ed\u017een\u00ed rychlosti j\u00edzdy, zabrzd\u011bn\u00ed nebo zastaven\u00ed", "x": 16.798076, "y": 49.209475, "mesic": 4, "objectid": 1237, "lehce_zran": 0}}, {"type": "Feature", "geometry": {"type": "Point", "coordinates": [16.613444, 49.126613]}, "properties": {"fid": 1237, "den": 7, "usmrceno": 0, "druh": "sr\u00e1\u017eka s jedouc\u00edm nekolejov\u00fdm vozidlem", "rok": 2015, "hmotna_sko": 40000, "cas": "0:00:00", "tezce_zran": 0, "pricina": "vozidlu p\u0159ij\u00ed\u017ed\u011bj\u00edc\u00edmu zprava", "x": 16.613444, "y": 49.126613, "mesic": 4, "objectid": 1238, "lehce_zran": 0}}, {"type": "Feature", "geometry": {"type": "Point", "coordinates": [16.550625, 49.22344]}, "properties": {"fid": 1238, "den": 28, "usmrceno": 0, "druh": "sr\u00e1\u017eka s vozidlem zaparkovan\u00fdm, odstaven\u00fdm", "rok": 2015, "hmotna_sko": 6000, "cas": "0:00:00", "tezce_zran": 0, "pricina": "samovoln\u00e9 rozjet\u00ed nezaji\u0161t\u011bn\u00e9ho vozidla", "x": 16.550625, "y": 49.22344, "mesic": 4, "objectid": 1239, "lehce_zran": 0}}, {"type": "Feature", "geometry": {"type": "Point", "coordinates": [16.511635, 49.221022]}, "properties": {"fid": 1239, "den": 29, "usmrceno": 0, "druh": "sr\u00e1\u017eka s jedouc\u00edm nekolejov\u00fdm vozidlem", "rok": 2015, "hmotna_sko": 20000, "cas": "0:00:00", "tezce_zran": 0, "pricina": "\u0159idi\u010d se pln\u011b nev\u011bnoval \u0159\u00edzen\u00ed vozidla", "x": 16.511635, "y": 49.221022, "mesic": 4, "objectid": 1240, "lehce_zran": 0}}, {"type": "Feature", "geometry": {"type": "Point", "coordinates": [16.50944, 49.230565]}, "properties": {"fid": 1240, "den": 30, "usmrceno": 0, "druh": "sr\u00e1\u017eka s pevnou p\u0159ek\u00e1\u017ekou", "rok": 2015, "hmotna_sko": 44000, "cas": "0:00:00", "tezce_zran": 0, "pricina": "samovoln\u00e9 rozjet\u00ed nezaji\u0161t\u011bn\u00e9ho vozidla", "x": 16.50944, "y": 49.230565, "mesic": 4, "objectid": 1241, "lehce_zran": 0}}, {"type": "Feature", "geometry": {"type": "Point", "coordinates": [16.619253, 49.19813]}, "properties": {"fid": 1241, "den": 26, "usmrceno": 0, "druh": "sr\u00e1\u017eka s pevnou p\u0159ek\u00e1\u017ekou", "rok": 2015, "hmotna_sko": 20000, "cas": "0:00:00", "tezce_zran": 0, "pricina": "\u0159idi\u010d se pln\u011b nev\u011bnoval \u0159\u00edzen\u00ed vozidla", "x": 16.619253, "y": 49.19813, "mesic": 4, "objectid": 1242, "lehce_zran": 0}}, {"type": "Feature", "geometry": {"type": "Point", "coordinates": [16.400663, 49.18352]}, "properties": {"fid": 1242, "den": 9, "usmrceno": 0, "druh": "sr\u00e1\u017eka s jedouc\u00edm nekolejov\u00fdm vozidlem", "rok": 2015, "hmotna_sko": 210000, "cas": "0:00:00", "tezce_zran": 0, "pricina": "nedodr\u017een\u00ed bezpe\u010dn\u00e9 vzd\u00e1lenosti za vozidlem", "x": 16.400663, "y": 49.18352, "mesic": 4, "objectid": 1243, "lehce_zran": 0}}, {"type": "Feature", "geometry": {"type": "Point", "coordinates": [16.582927, 49.220679]}, "properties": {"fid": 1243, "den": 7, "usmrceno": 0, "druh": "sr\u00e1\u017eka s jedouc\u00edm nekolejov\u00fdm vozidlem", "rok": 2015, "hmotna_sko": 220000, "cas": "0:00:00", "tezce_zran": 0, "pricina": "p\u0159i odbo\u010dov\u00e1n\u00ed vlevo", "x": 16.582927, "y": 49.220679, "mesic": 4, "objectid": 1244, "lehce_zran": 0}}, {"type": "Feature", "geometry": {"type": "Point", "coordinates": [16.604496, 49.213781]}, "properties": {"fid": 1245, "den": 14, "usmrceno": 0, "druh": "sr\u00e1\u017eka s pevnou p\u0159ek\u00e1\u017ekou", "rok": 2015, "hmotna_sko": 5000, "cas": "0:00:00", "tezce_zran": 0, "pricina": "\u0159idi\u010d se pln\u011b nev\u011bnoval \u0159\u00edzen\u00ed vozidla", "x": 16.604496, "y": 49.213781, "mesic": 4, "objectid": 1246, "lehce_zran": 0}}, {"type": "Feature", "geometry": {"type": "Point", "coordinates": [16.545189, 49.194631]}, "properties": {"fid": 1246, "den": 15, "usmrceno": 0, "druh": "sr\u00e1\u017eka s vozidlem zaparkovan\u00fdm, odstaven\u00fdm", "rok": 2015, "hmotna_sko": 40000, "cas": "0:00:00", "tezce_zran": 0, "pricina": "\u0159idi\u010d se pln\u011b nev\u011bnoval \u0159\u00edzen\u00ed vozidla", "x": 16.545189, "y": 49.194631, "mesic": 4, "objectid": 1247, "lehce_zran": 0}}, {"type": "Feature", "geometry": {"type": "Point", "coordinates": [16.680835, 49.216965]}, "properties": {"fid": 1247, "den": 15, "usmrceno": 0, "druh": "sr\u00e1\u017eka s lesn\u00ed zv\u011b\u0159\u00ed", "rok": 2015, "hmotna_sko": 10000, "cas": "0:00:00", "tezce_zran": 0, "pricina": "nezavin\u011bn\u00e1 \u0159idi\u010dem", "x": 16.680835, "y": 49.216965, "mesic": 4, "objectid": 1248, "lehce_zran": 0}}, {"type": "Feature", "geometry": {"type": "Point", "coordinates": [16.629312, 49.157312]}, "properties": {"fid": 1248, "den": 22, "usmrceno": 0, "druh": "sr\u00e1\u017eka s vozidlem zaparkovan\u00fdm, odstaven\u00fdm", "rok": 2015, "hmotna_sko": 5000, "cas": "0:00:00", "tezce_zran": 0, "pricina": "chyby p\u0159i ud\u00e1n\u00ed sm\u011bru j\u00edzdy", "x": 16.629312, "y": 49.157312, "mesic": 4, "objectid": 1249, "lehce_zran": 0}}, {"type": "Feature", "geometry": {"type": "Point", "coordinates": [16.727199, 49.165685]}, "properties": {"fid": 1250, "den": 29, "usmrceno": 0, "druh": "sr\u00e1\u017eka s vozidlem zaparkovan\u00fdm, odstaven\u00fdm", "rok": 2015, "hmotna_sko": 10000, "cas": "0:00:00", "tezce_zran": 0, "pricina": "\u0159idi\u010d se pln\u011b nev\u011bnoval \u0159\u00edzen\u00ed vozidla", "x": 16.727199, "y": 49.165685, "mesic": 4, "objectid": 1251, "lehce_zran": 0}}, {"type": "Feature", "geometry": {"type": "Point", "coordinates": [16.637484, 49.202946]}, "properties": {"fid": 1252, "den": 17, "usmrceno": 0, "druh": "sr\u00e1\u017eka s vozidlem zaparkovan\u00fdm, odstaven\u00fdm", "rok": 2015, "hmotna_sko": 40000, "cas": "0:00:00", "tezce_zran": 0, "pricina": "\u0159idi\u010d se pln\u011b nev\u011bnoval \u0159\u00edzen\u00ed vozidla", "x": 16.637484, "y": 49.202946, "mesic": 4, "objectid": 1253, "lehce_zran": 0}}, {"type": "Feature", "geometry": {"type": "Point", "coordinates": [16.59526, 49.220033]}, "properties": {"fid": 1253, "den": 16, "usmrceno": 0, "druh": "sr\u00e1\u017eka s pevnou p\u0159ek\u00e1\u017ekou", "rok": 2015, "hmotna_sko": 50000, "cas": "0:00:00", "tezce_zran": 0, "pricina": "\u0159idi\u010d se pln\u011b nev\u011bnoval \u0159\u00edzen\u00ed vozidla", "x": 16.59526, "y": 49.220033, "mesic": 4, "objectid": 1254, "lehce_zran": 0}}, {"type": "Feature", "geometry": {"type": "Point", "coordinates": [16.598107, 49.157172]}, "properties": {"fid": 1254, "den": 8, "usmrceno": 0, "druh": "sr\u00e1\u017eka s vozidlem zaparkovan\u00fdm, odstaven\u00fdm", "rok": 2015, "hmotna_sko": 1000, "cas": "0:00:00", "tezce_zran": 0, "pricina": "vyh\u00fdb\u00e1n\u00ed bez dostate\u010dn\u00e9ho bo\u010dn\u00edho odstupu (v\u016fle)", "x": 16.598107, "y": 49.157172, "mesic": 4, "objectid": 1255, "lehce_zran": 0}}, {"type": "Feature", "geometry": {"type": "Point", "coordinates": [16.618403, 49.227939]}, "properties": {"fid": 1255, "den": 12, "usmrceno": 0, "druh": "sr\u00e1\u017eka s vozidlem zaparkovan\u00fdm, odstaven\u00fdm", "rok": 2015, "hmotna_sko": 15000, "cas": "0:00:00", "tezce_zran": 0, "pricina": "\u0159idi\u010d se pln\u011b nev\u011bnoval \u0159\u00edzen\u00ed vozidla", "x": 16.618403, "y": 49.227939, "mesic": 4, "objectid": 1256, "lehce_zran": 0}}, {"type": "Feature", "geometry": {"type": "Point", "coordinates": [16.624414, 49.19788]}, "properties": {"fid": 1256, "den": 13, "usmrceno": 0, "druh": "sr\u00e1\u017eka s vozidlem zaparkovan\u00fdm, odstaven\u00fdm", "rok": 2015, "hmotna_sko": 10000, "cas": "0:00:00", "tezce_zran": 0, "pricina": "\u0159idi\u010d se pln\u011b nev\u011bnoval \u0159\u00edzen\u00ed vozidla", "x": 16.624414, "y": 49.19788, "mesic": 4, "objectid": 1257, "lehce_zran": 0}}, {"type": "Feature", "geometry": {"type": "Point", "coordinates": [16.628599, 49.157575]}, "properties": {"fid": 1257, "den": 5, "usmrceno": 0, "druh": "sr\u00e1\u017eka s vozidlem zaparkovan\u00fdm, odstaven\u00fdm", "rok": 2015, "hmotna_sko": 10000, "cas": "0:00:00", "tezce_zran": 0, "pricina": "\u0159idi\u010d se pln\u011b nev\u011bnoval \u0159\u00edzen\u00ed vozidla", "x": 16.628599, "y": 49.157575, "mesic": 4, "objectid": 1258, "lehce_zran": 0}}, {"type": "Feature", "geometry": {"type": "Point", "coordinates": [16.626103, 49.19127]}, "properties": {"fid": 1260, "den": 4, "usmrceno": 0, "druh": "sr\u00e1\u017eka s jedouc\u00edm nekolejov\u00fdm vozidlem", "rok": 2015, "hmotna_sko": 15000, "cas": "0:00:00", "tezce_zran": 0, "pricina": "p\u0159i odbo\u010dov\u00e1n\u00ed vlevo", "x": 16.626103, "y": 49.19127, "mesic": 4, "objectid": 1261, "lehce_zran": 0}}, {"type": "Feature", "geometry": {"type": "Point", "coordinates": [16.614003, 49.192964]}, "properties": {"fid": 1261, "den": 23, "usmrceno": 0, "druh": "sr\u00e1\u017eka s vozidlem zaparkovan\u00fdm, odstaven\u00fdm", "rok": 2015, "hmotna_sko": 10000, "cas": "0:00:00", "tezce_zran": 0, "pricina": "\u0159idi\u010d se pln\u011b nev\u011bnoval \u0159\u00edzen\u00ed vozidla", "x": 16.614003, "y": 49.192964, "mesic": 4, "objectid": 1262, "lehce_zran": 0}}, {"type": "Feature", "geometry": {"type": "Point", "coordinates": [16.640177, 49.17518]}, "properties": {"fid": 1262, "den": 1, "usmrceno": 0, "druh": "jin\u00fd druh nehody", "rok": 2015, "hmotna_sko": 15000, "cas": "0:00:00", "tezce_zran": 0, "pricina": "\u0159idi\u010d se pln\u011b nev\u011bnoval \u0159\u00edzen\u00ed vozidla", "x": 16.640177, "y": 49.17518, "mesic": 4, "objectid": 1263, "lehce_zran": 0}}, {"type": "Feature", "geometry": {"type": "Point", "coordinates": [16.630627, 49.136306]}, "properties": {"fid": 1263, "den": 3, "usmrceno": 0, "druh": "sr\u00e1\u017eka s vozidlem zaparkovan\u00fdm, odstaven\u00fdm", "rok": 2015, "hmotna_sko": 50000, "cas": "0:00:00", "tezce_zran": 0, "pricina": "\u0159idi\u010d se pln\u011b nev\u011bnoval \u0159\u00edzen\u00ed vozidla", "x": 16.630627, "y": 49.136306, "mesic": 4, "objectid": 1264, "lehce_zran": 0}}, {"type": "Feature", "geometry": {"type": "Point", "coordinates": [16.630052, 49.277177]}, "properties": {"fid": 1266, "den": 18, "usmrceno": 0, "druh": "sr\u00e1\u017eka s vozidlem zaparkovan\u00fdm, odstaven\u00fdm", "rok": 2015, "hmotna_sko": 20000, "cas": "0:00:00", "tezce_zran": 0, "pricina": "\u0159idi\u010d se pln\u011b nev\u011bnoval \u0159\u00edzen\u00ed vozidla", "x": 16.630052, "y": 49.277177, "mesic": 4, "objectid": 1267, "lehce_zran": 0}}, {"type": "Feature", "geometry": {"type": "Point", "coordinates": [16.628736, 49.199089]}, "properties": {"fid": 1267, "den": 20, "usmrceno": 0, "druh": "sr\u00e1\u017eka s vozidlem zaparkovan\u00fdm, odstaven\u00fdm", "rok": 2015, "hmotna_sko": 5000, "cas": "0:00:00", "tezce_zran": 0, "pricina": "\u0159idi\u010d se pln\u011b nev\u011bnoval \u0159\u00edzen\u00ed vozidla", "x": 16.628736, "y": 49.199089, "mesic": 4, "objectid": 1268, "lehce_zran": 0}}, {"type": "Feature", "geometry": {"type": "Point", "coordinates": [16.606292, 49.051228]}, "properties": {"fid": 1270, "den": 3, "usmrceno": 0, "druh": "sr\u00e1\u017eka s vozidlem zaparkovan\u00fdm, odstaven\u00fdm", "rok": 2015, "hmotna_sko": 10000, "cas": "0:00:00", "tezce_zran": 0, "pricina": "\u0159idi\u010d se pln\u011b nev\u011bnoval \u0159\u00edzen\u00ed vozidla", "x": 16.606292, "y": 49.051228, "mesic": 4, "objectid": 1271, "lehce_zran": 0}}, {"type": "Feature", "geometry": {"type": "Point", "coordinates": [16.61567, 49.232508]}, "properties": {"fid": 1271, "den": 2, "usmrceno": 0, "druh": "sr\u00e1\u017eka s vozidlem zaparkovan\u00fdm, odstaven\u00fdm", "rok": 2015, "hmotna_sko": 5000, "cas": "0:00:00", "tezce_zran": 0, "pricina": "\u0159idi\u010d se pln\u011b nev\u011bnoval \u0159\u00edzen\u00ed vozidla", "x": 16.61567, "y": 49.232508, "mesic": 4, "objectid": 1272, "lehce_zran": 0}}, {"type": "Feature", "geometry": {"type": "Point", "coordinates": [16.619959, 49.187869]}, "properties": {"fid": 1272, "den": 6, "usmrceno": 0, "druh": "sr\u00e1\u017eka s jedouc\u00edm nekolejov\u00fdm vozidlem", "rok": 2015, "hmotna_sko": 5000, "cas": "0:00:00", "tezce_zran": 0, "pricina": "chyby p\u0159i ud\u00e1n\u00ed sm\u011bru j\u00edzdy", "x": 16.619959, "y": 49.187869, "mesic": 4, "objectid": 1273, "lehce_zran": 0}}, {"type": "Feature", "geometry": {"type": "Point", "coordinates": [16.658856, 49.203926]}, "properties": {"fid": 1273, "den": 13, "usmrceno": 0, "druh": "sr\u00e1\u017eka s vozidlem zaparkovan\u00fdm, odstaven\u00fdm", "rok": 2015, "hmotna_sko": 1000, "cas": "0:00:00", "tezce_zran": 0, "pricina": "\u0159idi\u010d se pln\u011b nev\u011bnoval \u0159\u00edzen\u00ed vozidla", "x": 16.658856, "y": 49.203926, "mesic": 4, "objectid": 1274, "lehce_zran": 0}}, {"type": "Feature", "geometry": {"type": "Point", "coordinates": [16.592527, 49.203924]}, "properties": {"fid": 1274, "den": 17, "usmrceno": 0, "druh": "sr\u00e1\u017eka s vozidlem zaparkovan\u00fdm, odstaven\u00fdm", "rok": 2015, "hmotna_sko": 40000, "cas": "0:00:00", "tezce_zran": 0, "pricina": "\u0159idi\u010d se pln\u011b nev\u011bnoval \u0159\u00edzen\u00ed vozidla", "x": 16.592527, "y": 49.203924, "mesic": 4, "objectid": 1275, "lehce_zran": 0}}, {"type": "Feature", "geometry": {"type": "Point", "coordinates": [16.574581, 49.173848]}, "properties": {"fid": 1275, "den": 7, "usmrceno": 0, "druh": "sr\u00e1\u017eka s vozidlem zaparkovan\u00fdm, odstaven\u00fdm", "rok": 2015, "hmotna_sko": 10000, "cas": "0:00:00", "tezce_zran": 0, "pricina": "\u0159idi\u010d se pln\u011b nev\u011bnoval \u0159\u00edzen\u00ed vozidla", "x": 16.574581, "y": 49.173848, "mesic": 4, "objectid": 1276, "lehce_zran": 0}}, {"type": "Feature", "geometry": {"type": "Point", "coordinates": [16.589847, 49.189318]}, "properties": {"fid": 1276, "den": 25, "usmrceno": 0, "druh": "sr\u00e1\u017eka s vozidlem zaparkovan\u00fdm, odstaven\u00fdm", "rok": 2015, "hmotna_sko": 40000, "cas": "0:00:00", "tezce_zran": 0, "pricina": "\u0159idi\u010d se pln\u011b nev\u011bnoval \u0159\u00edzen\u00ed vozidla", "x": 16.589847, "y": 49.189318, "mesic": 4, "objectid": 1277, "lehce_zran": 0}}, {"type": "Feature", "geometry": {"type": "Point", "coordinates": [16.59781, 49.157435]}, "properties": {"fid": 1277, "den": 24, "usmrceno": 0, "druh": "sr\u00e1\u017eka s vozidlem zaparkovan\u00fdm, odstaven\u00fdm", "rok": 2015, "hmotna_sko": 10000, "cas": "0:00:00", "tezce_zran": 0, "pricina": "\u0159idi\u010d se pln\u011b nev\u011bnoval \u0159\u00edzen\u00ed vozidla", "x": 16.59781, "y": 49.157435, "mesic": 4, "objectid": 1278, "lehce_zran": 0}}, {"type": "Feature", "geometry": {"type": "Point", "coordinates": [16.573265, 49.241117]}, "properties": {"fid": 1278, "den": 22, "usmrceno": 0, "druh": "sr\u00e1\u017eka s pevnou p\u0159ek\u00e1\u017ekou", "rok": 2015, "hmotna_sko": 30000, "cas": "0:00:00", "tezce_zran": 0, "pricina": "\u0159idi\u010d se pln\u011b nev\u011bnoval \u0159\u00edzen\u00ed vozidla", "x": 16.573265, "y": 49.241117, "mesic": 4, "objectid": 1279, "lehce_zran": 0}}, {"type": "Feature", "geometry": {"type": "Point", "coordinates": [16.455981, 49.187042]}, "properties": {"fid": 1279, "den": 27, "usmrceno": 0, "druh": "sr\u00e1\u017eka s jedouc\u00edm nekolejov\u00fdm vozidlem", "rok": 2015, "hmotna_sko": 5000, "cas": "0:00:00", "tezce_zran": 0, "pricina": "\u0159idi\u010d se pln\u011b nev\u011bnoval \u0159\u00edzen\u00ed vozidla", "x": 16.455981, "y": 49.187042, "mesic": 4, "objectid": 1280, "lehce_zran": 0}}, {"type": "Feature", "geometry": {"type": "Point", "coordinates": [16.724246, 49.161037]}, "properties": {"fid": 1281, "den": 3, "usmrceno": 0, "druh": "sr\u00e1\u017eka s vozidlem zaparkovan\u00fdm, odstaven\u00fdm", "rok": 2015, "hmotna_sko": 50000, "cas": "0:00:00", "tezce_zran": 0, "pricina": "\u0159idi\u010d se pln\u011b nev\u011bnoval \u0159\u00edzen\u00ed vozidla", "x": 16.724246, "y": 49.161037, "mesic": 4, "objectid": 1282, "lehce_zran": 0}}, {"type": "Feature", "geometry": {"type": "Point", "coordinates": [16.603594, 49.132106]}, "properties": {"fid": 1282, "den": 11, "usmrceno": 0, "druh": "sr\u00e1\u017eka s jedouc\u00edm nekolejov\u00fdm vozidlem", "rok": 2015, "hmotna_sko": 20000, "cas": "0:00:00", "tezce_zran": 0, "pricina": "vyh\u00fdb\u00e1n\u00ed bez dostate\u010dn\u00e9ho bo\u010dn\u00edho odstupu (v\u016fle)", "x": 16.603594, "y": 49.132106, "mesic": 4, "objectid": 1283, "lehce_zran": 0}}, {"type": "Feature", "geometry": {"type": "Point", "coordinates": [16.761482, 49.184641]}, "properties": {"fid": 1284, "den": 17, "usmrceno": 0, "druh": "sr\u00e1\u017eka s jedouc\u00edm nekolejov\u00fdm vozidlem", "rok": 2015, "hmotna_sko": 70000, "cas": "0:00:00", "tezce_zran": 0, "pricina": "p\u0159i p\u0159ej\u00ed\u017ed\u011bn\u00ed z jednoho j\u00edzdn\u00edho pruhu do druh\u00e9ho", "x": 16.761482, "y": 49.184641, "mesic": 4, "objectid": 1285, "lehce_zran": 0}}, {"type": "Feature", "geometry": {"type": "Point", "coordinates": [16.588077, 49.218201]}, "properties": {"fid": 1286, "den": 22, "usmrceno": 0, "druh": "sr\u00e1\u017eka s vozidlem zaparkovan\u00fdm, odstaven\u00fdm", "rok": 2015, "hmotna_sko": 15000, "cas": "0:00:00", "tezce_zran": 0, "pricina": "\u0159idi\u010d se pln\u011b nev\u011bnoval \u0159\u00edzen\u00ed vozidla", "x": 16.588077, "y": 49.218201, "mesic": 4, "objectid": 1287, "lehce_zran": 0}}, {"type": "Feature", "geometry": {"type": "Point", "coordinates": [16.593183, 49.208966]}, "properties": {"fid": 1287, "den": 21, "usmrceno": 0, "druh": "sr\u00e1\u017eka s vozidlem zaparkovan\u00fdm, odstaven\u00fdm", "rok": 2015, "hmotna_sko": 40000, "cas": "0:00:00", "tezce_zran": 0, "pricina": "\u0159idi\u010d se pln\u011b nev\u011bnoval \u0159\u00edzen\u00ed vozidla", "x": 16.593183, "y": 49.208966, "mesic": 4, "objectid": 1288, "lehce_zran": 0}}, {"type": "Feature", "geometry": {"type": "Point", "coordinates": [16.740974, 49.270965]}, "properties": {"fid": 1289, "den": 26, "usmrceno": 0, "druh": "sr\u00e1\u017eka s pevnou p\u0159ek\u00e1\u017ekou", "rok": 2015, "hmotna_sko": 30000, "cas": "0:00:00", "tezce_zran": 0, "pricina": "j\u00edzda po nespr\u00e1vn\u00e9 stran\u011b vozovky, vjet\u00ed do protism\u011bru", "x": 16.740974, "y": 49.270965, "mesic": 4, "objectid": 1290, "lehce_zran": 0}}, {"type": "Feature", "geometry": {"type": "Point", "coordinates": [16.545668, 49.218656]}, "properties": {"fid": 1290, "den": 9, "usmrceno": 0, "druh": "sr\u00e1\u017eka s jedouc\u00edm nekolejov\u00fdm vozidlem", "rok": 2015, "hmotna_sko": 2000, "cas": "0:00:00", "tezce_zran": 0, "pricina": "\u0159idi\u010d se pln\u011b nev\u011bnoval \u0159\u00edzen\u00ed vozidla", "x": 16.545668, "y": 49.218656, "mesic": 4, "objectid": 1291, "lehce_zran": 0}}, {"type": "Feature", "geometry": {"type": "Point", "coordinates": [16.554017, 49.165899]}, "properties": {"fid": 1291, "den": 6, "usmrceno": 0, "druh": "sr\u00e1\u017eka s pevnou p\u0159ek\u00e1\u017ekou", "rok": 2015, "hmotna_sko": 20000, "cas": "0:00:00", "tezce_zran": 0, "pricina": "\u0159idi\u010d se pln\u011b nev\u011bnoval \u0159\u00edzen\u00ed vozidla", "x": 16.554017, "y": 49.165899, "mesic": 4, "objectid": 1292, "lehce_zran": 0}}, {"type": "Feature", "geometry": {"type": "Point", "coordinates": [16.627654, 49.158671]}, "properties": {"fid": 1292, "den": 4, "usmrceno": 0, "druh": "sr\u00e1\u017eka s vozidlem zaparkovan\u00fdm, odstaven\u00fdm", "rok": 2015, "hmotna_sko": 10000, "cas": "0:00:00", "tezce_zran": 0, "pricina": "\u0159idi\u010d se pln\u011b nev\u011bnoval \u0159\u00edzen\u00ed vozidla", "x": 16.627654, "y": 49.158671, "mesic": 4, "objectid": 1293, "lehce_zran": 0}}, {"type": "Feature", "geometry": {"type": "Point", "coordinates": [16.526352, 49.130622]}, "properties": {"fid": 1294, "den": 2, "usmrceno": 0, "druh": "sr\u00e1\u017eka s pevnou p\u0159ek\u00e1\u017ekou", "rok": 2015, "hmotna_sko": 35000, "cas": "0:00:00", "tezce_zran": 0, "pricina": "j\u00edzda po nespr\u00e1vn\u00e9 stran\u011b vozovky, vjet\u00ed do protism\u011bru", "x": 16.526352, "y": 49.130622, "mesic": 4, "objectid": 1295, "lehce_zran": 0}}, {"type": "Feature", "geometry": {"type": "Point", "coordinates": [16.665682, 49.143872]}, "properties": {"fid": 1295, "den": 10, "usmrceno": 0, "druh": "sr\u00e1\u017eka s vozidlem zaparkovan\u00fdm, odstaven\u00fdm", "rok": 2015, "hmotna_sko": 5000, "cas": "0:00:00", "tezce_zran": 0, "pricina": "\u0159idi\u010d se pln\u011b nev\u011bnoval \u0159\u00edzen\u00ed vozidla", "x": 16.665682, "y": 49.143872, "mesic": 4, "objectid": 1296, "lehce_zran": 0}}, {"type": "Feature", "geometry": {"type": "Point", "coordinates": [16.607233, 49.202528]}, "properties": {"fid": 1297, "den": 26, "usmrceno": 0, "druh": "sr\u00e1\u017eka s vozidlem zaparkovan\u00fdm, odstaven\u00fdm", "rok": 2015, "hmotna_sko": 20000, "cas": "0:00:00", "tezce_zran": 0, "pricina": "\u0159idi\u010d se pln\u011b nev\u011bnoval \u0159\u00edzen\u00ed vozidla", "x": 16.607233, "y": 49.202528, "mesic": 4, "objectid": 1298, "lehce_zran": 0}}, {"type": "Feature", "geometry": {"type": "Point", "coordinates": [16.588981, 49.185749]}, "properties": {"fid": 1298, "den": 29, "usmrceno": 0, "druh": "sr\u00e1\u017eka s vozidlem zaparkovan\u00fdm, odstaven\u00fdm", "rok": 2015, "hmotna_sko": 40000, "cas": "0:00:00", "tezce_zran": 0, "pricina": "\u0159idi\u010d se pln\u011b nev\u011bnoval \u0159\u00edzen\u00ed vozidla", "x": 16.588981, "y": 49.185749, "mesic": 4, "objectid": 1299, "lehce_zran": 0}}, {"type": "Feature", "geometry": {"type": "Point", "coordinates": [16.623515, 49.196184]}, "properties": {"fid": 1299, "den": 7, "usmrceno": 0, "druh": "sr\u00e1\u017eka s vozidlem zaparkovan\u00fdm, odstaven\u00fdm", "rok": 2015, "hmotna_sko": 5000, "cas": "0:00:00", "tezce_zran": 0, "pricina": "\u0159idi\u010d se pln\u011b nev\u011bnoval \u0159\u00edzen\u00ed vozidla", "x": 16.623515, "y": 49.196184, "mesic": 4, "objectid": 1300, "lehce_zran": 0}}, {"type": "Feature", "geometry": {"type": "Point", "coordinates": [16.596414, 49.221375]}, "properties": {"fid": 1301, "den": 15, "usmrceno": 0, "druh": "sr\u00e1\u017eka s vozidlem zaparkovan\u00fdm, odstaven\u00fdm", "rok": 2015, "hmotna_sko": 20000, "cas": "0:00:00", "tezce_zran": 0, "pricina": "\u0159idi\u010d se pln\u011b nev\u011bnoval \u0159\u00edzen\u00ed vozidla", "x": 16.596414, "y": 49.221375, "mesic": 4, "objectid": 1302, "lehce_zran": 0}}, {"type": "Feature", "geometry": {"type": "Point", "coordinates": [16.596259, 49.225502]}, "properties": {"fid": 1302, "den": 15, "usmrceno": 0, "druh": "sr\u00e1\u017eka s vozidlem zaparkovan\u00fdm, odstaven\u00fdm", "rok": 2015, "hmotna_sko": 5000, "cas": "0:00:00", "tezce_zran": 0, "pricina": "\u0159idi\u010d se pln\u011b nev\u011bnoval \u0159\u00edzen\u00ed vozidla", "x": 16.596259, "y": 49.225502, "mesic": 4, "objectid": 1303, "lehce_zran": 0}}, {"type": "Feature", "geometry": {"type": "Point", "coordinates": [16.578744, 49.193495]}, "properties": {"fid": 1303, "den": 16, "usmrceno": 0, "druh": "sr\u00e1\u017eka s vozidlem zaparkovan\u00fdm, odstaven\u00fdm", "rok": 2015, "hmotna_sko": 10000, "cas": "0:00:00", "tezce_zran": 0, "pricina": "\u0159idi\u010d se pln\u011b nev\u011bnoval \u0159\u00edzen\u00ed vozidla", "x": 16.578744, "y": 49.193495, "mesic": 4, "objectid": 1304, "lehce_zran": 0}}, {"type": "Feature", "geometry": {"type": "Point", "coordinates": [16.597382, 49.179213]}, "properties": {"fid": 1304, "den": 21, "usmrceno": 0, "druh": "sr\u00e1\u017eka s vozidlem zaparkovan\u00fdm, odstaven\u00fdm", "rok": 2015, "hmotna_sko": 5000, "cas": "0:00:00", "tezce_zran": 0, "pricina": "\u0159idi\u010d se pln\u011b nev\u011bnoval \u0159\u00edzen\u00ed vozidla", "x": 16.597382, "y": 49.179213, "mesic": 4, "objectid": 1305, "lehce_zran": 0}}, {"type": "Feature", "geometry": {"type": "Point", "coordinates": [16.601147, 49.223768]}, "properties": {"fid": 1305, "den": 10, "usmrceno": 0, "druh": "sr\u00e1\u017eka s jedouc\u00edm nekolejov\u00fdm vozidlem", "rok": 2015, "hmotna_sko": 30000, "cas": "0:00:00", "tezce_zran": 0, "pricina": "p\u0159i p\u0159ej\u00ed\u017ed\u011bn\u00ed z jednoho j\u00edzdn\u00edho pruhu do druh\u00e9ho", "x": 16.601147, "y": 49.223768, "mesic": 4, "objectid": 1306, "lehce_zran": 0}}, {"type": "Feature", "geometry": {"type": "Point", "coordinates": [16.603898, 49.216055]}, "properties": {"fid": 1306, "den": 10, "usmrceno": 0, "druh": "sr\u00e1\u017eka s vozidlem zaparkovan\u00fdm, odstaven\u00fdm", "rok": 2015, "hmotna_sko": 10000, "cas": "0:00:00", "tezce_zran": 0, "pricina": "\u0159idi\u010d se pln\u011b nev\u011bnoval \u0159\u00edzen\u00ed vozidla", "x": 16.603898, "y": 49.216055, "mesic": 4, "objectid": 1307, "lehce_zran": 0}}, {"type": "Feature", "geometry": {"type": "Point", "coordinates": [16.604372, 49.177652]}, "properties": {"fid": 1307, "den": 1, "usmrceno": 0, "druh": "sr\u00e1\u017eka s vozidlem zaparkovan\u00fdm, odstaven\u00fdm", "rok": 2015, "hmotna_sko": 20000, "cas": "0:00:00", "tezce_zran": 0, "pricina": "\u0159idi\u010d se pln\u011b nev\u011bnoval \u0159\u00edzen\u00ed vozidla", "x": 16.604372, "y": 49.177652, "mesic": 4, "objectid": 1308, "lehce_zran": 0}}, {"type": "Feature", "geometry": {"type": "Point", "coordinates": [16.655344, 49.244718]}, "properties": {"fid": 1308, "den": 13, "usmrceno": 0, "druh": "sr\u00e1\u017eka s vozidlem zaparkovan\u00fdm, odstaven\u00fdm", "rok": 2015, "hmotna_sko": 20000, "cas": "0:00:00", "tezce_zran": 0, "pricina": "nespr\u00e1vn\u00e9 ot\u00e1\u010den\u00ed nebo couv\u00e1n\u00ed", "x": 16.655344, "y": 49.244718, "mesic": 4, "objectid": 1309, "lehce_zran": 0}}, {"type": "Feature", "geometry": {"type": "Point", "coordinates": [16.612442, 49.193926]}, "properties": {"fid": 1310, "den": 12, "usmrceno": 0, "druh": "sr\u00e1\u017eka s vozidlem zaparkovan\u00fdm, odstaven\u00fdm", "rok": 2015, "hmotna_sko": 7000, "cas": "0:00:00", "tezce_zran": 0, "pricina": "\u0159idi\u010d se pln\u011b nev\u011bnoval \u0159\u00edzen\u00ed vozidla", "x": 16.612442, "y": 49.193926, "mesic": 4, "objectid": 1311, "lehce_zran": 0}}, {"type": "Feature", "geometry": {"type": "Point", "coordinates": [16.571068, 49.16111]}, "properties": {"fid": 1311, "den": 1, "usmrceno": 0, "druh": "sr\u00e1\u017eka s vozidlem zaparkovan\u00fdm, odstaven\u00fdm", "rok": 2015, "hmotna_sko": 60000, "cas": "0:00:00", "tezce_zran": 0, "pricina": "nespr\u00e1vn\u00e9 ot\u00e1\u010den\u00ed nebo couv\u00e1n\u00ed", "x": 16.571068, "y": 49.16111, "mesic": 4, "objectid": 1312, "lehce_zran": 0}}, {"type": "Feature", "geometry": {"type": "Point", "coordinates": [16.565881, 49.176497]}, "properties": {"fid": 1313, "den": 30, "usmrceno": 0, "druh": "sr\u00e1\u017eka s vozidlem zaparkovan\u00fdm, odstaven\u00fdm", "rok": 2015, "hmotna_sko": 15000, "cas": "0:00:00", "tezce_zran": 0, "pricina": "\u0159idi\u010d se pln\u011b nev\u011bnoval \u0159\u00edzen\u00ed vozidla", "x": 16.565881, "y": 49.176497, "mesic": 4, "objectid": 1314, "lehce_zran": 0}}, {"type": "Feature", "geometry": {"type": "Point", "coordinates": [16.595816, 49.2089]}, "properties": {"fid": 1314, "den": 27, "usmrceno": 0, "druh": "sr\u00e1\u017eka s vozidlem zaparkovan\u00fdm, odstaven\u00fdm", "rok": 2015, "hmotna_sko": 10000, "cas": "0:00:00", "tezce_zran": 0, "pricina": "\u0159idi\u010d se pln\u011b nev\u011bnoval \u0159\u00edzen\u00ed vozidla", "x": 16.595816, "y": 49.2089, "mesic": 4, "objectid": 1315, "lehce_zran": 0}}, {"type": "Feature", "geometry": {"type": "Point", "coordinates": [16.517222, 49.230691]}, "properties": {"fid": 1316, "den": 25, "usmrceno": 0, "druh": "sr\u00e1\u017eka s vozidlem zaparkovan\u00fdm, odstaven\u00fdm", "rok": 2015, "hmotna_sko": 15000, "cas": "0:00:00", "tezce_zran": 0, "pricina": "\u0159idi\u010d se pln\u011b nev\u011bnoval \u0159\u00edzen\u00ed vozidla", "x": 16.517222, "y": 49.230691, "mesic": 4, "objectid": 1317, "lehce_zran": 0}}, {"type": "Feature", "geometry": {"type": "Point", "coordinates": [16.60693, 49.134343]}, "properties": {"fid": 1317, "den": 29, "usmrceno": 0, "druh": "sr\u00e1\u017eka s pevnou p\u0159ek\u00e1\u017ekou", "rok": 2015, "hmotna_sko": 5000, "cas": "0:00:00", "tezce_zran": 0, "pricina": "jin\u00fd druh nespr\u00e1vn\u00e9ho zp\u016fsobu j\u00edzdy", "x": 16.60693, "y": 49.134343, "mesic": 4, "objectid": 1318, "lehce_zran": 0}}, {"type": "Feature", "geometry": {"type": "Point", "coordinates": [16.592047, 49.204443]}, "properties": {"fid": 1318, "den": 14, "usmrceno": 0, "druh": "sr\u00e1\u017eka s vozidlem zaparkovan\u00fdm, odstaven\u00fdm", "rok": 2015, "hmotna_sko": 20000, "cas": "0:00:00", "tezce_zran": 0, "pricina": "nezvl\u00e1dnut\u00ed \u0159\u00edzen\u00ed vozidla", "x": 16.592047, "y": 49.204443, "mesic": 4, "objectid": 1319, "lehce_zran": 0}}, {"type": "Feature", "geometry": {"type": "Point", "coordinates": [16.599005, 49.208496]}, "properties": {"fid": 1319, "den": 28, "usmrceno": 0, "druh": "sr\u00e1\u017eka s vozidlem zaparkovan\u00fdm, odstaven\u00fdm", "rok": 2015, "hmotna_sko": 20000, "cas": "0:00:00", "tezce_zran": 0, "pricina": "\u0159idi\u010d se pln\u011b nev\u011bnoval \u0159\u00edzen\u00ed vozidla", "x": 16.599005, "y": 49.208496, "mesic": 4, "objectid": 1320, "lehce_zran": 0}}, {"type": "Feature", "geometry": {"type": "Point", "coordinates": [16.526207, 49.277177]}, "properties": {"fid": 1401, "den": 27, "usmrceno": 0, "druh": "nehoda", "rok": 2015, "hmotna_sko": 130000, "cas": "0:00:00", "tezce_zran": 0, "pricina": "jin\u00fd druh nespr\u00e1vn\u00e9ho zp\u016fsobu j\u00edzdy", "x": 16.526207, "y": 49.277177, "mesic": 5, "objectid": 1402, "lehce_zran": 1}}, {"type": "Feature", "geometry": {"type": "Point", "coordinates": [16.637529, 49.214266]}, "properties": {"fid": 1322, "den": 22, "usmrceno": 0, "druh": "sr\u00e1\u017eka s tramvaj\u00ed", "rok": 2015, "hmotna_sko": 10000, "cas": "0:00:00", "tezce_zran": 0, "pricina": "\u0159idi\u010d se pln\u011b nev\u011bnoval \u0159\u00edzen\u00ed vozidla", "x": 16.637529, "y": 49.214266, "mesic": 4, "objectid": 1323, "lehce_zran": 0}}, {"type": "Feature", "geometry": {"type": "Point", "coordinates": [16.599845, 49.189291]}, "properties": {"fid": 1323, "den": 23, "usmrceno": 0, "druh": "sr\u00e1\u017eka s vozidlem zaparkovan\u00fdm, odstaven\u00fdm", "rok": 2015, "hmotna_sko": 40000, "cas": "0:00:00", "tezce_zran": 0, "pricina": "\u0159idi\u010d se pln\u011b nev\u011bnoval \u0159\u00edzen\u00ed vozidla", "x": 16.599845, "y": 49.189291, "mesic": 4, "objectid": 1324, "lehce_zran": 0}}, {"type": "Feature", "geometry": {"type": "Point", "coordinates": [16.597395, 49.188189]}, "properties": {"fid": 1324, "den": 16, "usmrceno": 0, "druh": "sr\u00e1\u017eka s vozidlem zaparkovan\u00fdm, odstaven\u00fdm", "rok": 2015, "hmotna_sko": 10000, "cas": "0:00:00", "tezce_zran": 0, "pricina": "\u0159idi\u010d se pln\u011b nev\u011bnoval \u0159\u00edzen\u00ed vozidla", "x": 16.597395, "y": 49.188189, "mesic": 4, "objectid": 1325, "lehce_zran": 0}}, {"type": "Feature", "geometry": {"type": "Point", "coordinates": [16.487927, 49.17966]}, "properties": {"fid": 1325, "den": 20, "usmrceno": 0, "druh": "sr\u00e1\u017eka s pevnou p\u0159ek\u00e1\u017ekou", "rok": 2015, "hmotna_sko": 80000, "cas": "0:00:00", "tezce_zran": 0, "pricina": "\u0159idi\u010d se pln\u011b nev\u011bnoval \u0159\u00edzen\u00ed vozidla", "x": 16.487927, "y": 49.17966, "mesic": 4, "objectid": 1326, "lehce_zran": 0}}, {"type": "Feature", "geometry": {"type": "Point", "coordinates": [16.507621, 49.217758]}, "properties": {"fid": 1329, "den": 1, "usmrceno": 0, "druh": "sr\u00e1\u017eka s vozidlem zaparkovan\u00fdm, odstaven\u00fdm", "rok": 2015, "hmotna_sko": 10000, "cas": "0:00:00", "tezce_zran": 0, "pricina": "\u0159idi\u010d se pln\u011b nev\u011bnoval \u0159\u00edzen\u00ed vozidla", "x": 16.507621, "y": 49.217758, "mesic": 4, "objectid": 1330, "lehce_zran": 0}}, {"type": "Feature", "geometry": {"type": "Point", "coordinates": [16.596369, 49.184772]}, "properties": {"fid": 1330, "den": 8, "usmrceno": 0, "druh": "sr\u00e1\u017eka s vozidlem zaparkovan\u00fdm, odstaven\u00fdm", "rok": 2015, "hmotna_sko": 10000, "cas": "0:00:00", "tezce_zran": 0, "pricina": "vyh\u00fdb\u00e1n\u00ed bez dostate\u010dn\u00e9ho bo\u010dn\u00edho odstupu (v\u016fle)", "x": 16.596369, "y": 49.184772, "mesic": 4, "objectid": 1331, "lehce_zran": 0}}, {"type": "Feature", "geometry": {"type": "Point", "coordinates": [16.62402, 49.131318]}, "properties": {"fid": 1331, "den": 20, "usmrceno": 0, "druh": "sr\u00e1\u017eka s vozidlem zaparkovan\u00fdm, odstaven\u00fdm", "rok": 2015, "hmotna_sko": 15000, "cas": "0:00:00", "tezce_zran": 0, "pricina": "\u0159idi\u010d se pln\u011b nev\u011bnoval \u0159\u00edzen\u00ed vozidla", "x": 16.62402, "y": 49.131318, "mesic": 4, "objectid": 1332, "lehce_zran": 0}}, {"type": "Feature", "geometry": {"type": "Point", "coordinates": [16.616441, 49.192673]}, "properties": {"fid": 1332, "den": 16, "usmrceno": 0, "druh": "sr\u00e1\u017eka s vozidlem zaparkovan\u00fdm, odstaven\u00fdm", "rok": 2015, "hmotna_sko": 5000, "cas": "0:00:00", "tezce_zran": 0, "pricina": "\u0159idi\u010d se pln\u011b nev\u011bnoval \u0159\u00edzen\u00ed vozidla", "x": 16.616441, "y": 49.192673, "mesic": 4, "objectid": 1333, "lehce_zran": 0}}, {"type": "Feature", "geometry": {"type": "Point", "coordinates": [16.620169, 49.187317]}, "properties": {"fid": 1333, "den": 15, "usmrceno": 0, "druh": "sr\u00e1\u017eka s jedouc\u00edm nekolejov\u00fdm vozidlem", "rok": 2015, "hmotna_sko": 40000, "cas": "0:00:00", "tezce_zran": 0, "pricina": "proti p\u0159\u00edkazu dopravn\u00ed zna\u010dky dej p\u0159ednost", "x": 16.620169, "y": 49.187317, "mesic": 4, "objectid": 1334, "lehce_zran": 0}}, {"type": "Feature", "geometry": {"type": "Point", "coordinates": [16.601549, 49.192001]}, "properties": {"fid": 1334, "den": 24, "usmrceno": 0, "druh": "sr\u00e1\u017eka s pevnou p\u0159ek\u00e1\u017ekou", "rok": 2015, "hmotna_sko": 25000, "cas": "0:00:00", "tezce_zran": 0, "pricina": "\u0159idi\u010d se pln\u011b nev\u011bnoval \u0159\u00edzen\u00ed vozidla", "x": 16.601549, "y": 49.192001, "mesic": 4, "objectid": 1335, "lehce_zran": 0}}, {"type": "Feature", "geometry": {"type": "Point", "coordinates": [16.446529, 49.276218]}, "properties": {"fid": 1335, "den": 1, "usmrceno": 1, "druh": "sr\u00e1\u017eka s pevnou p\u0159ek\u00e1\u017ekou", "rok": 2015, "hmotna_sko": 105000, "cas": "0:00:00", "tezce_zran": 0, "pricina": "nep\u0159izp\u016fsoben\u00ed rychlosti dopravn\u011b technick\u00e9mu stavu vozovky (zat\u00e1\u010dka, kles\u00e1n\u00ed, stoup\u00e1n\u00ed, \u0161\u00ed\u0159ka vozovky apod.)", "x": 16.446529, "y": 49.276218, "mesic": 5, "objectid": 1336, "lehce_zran": 0}}, {"type": "Feature", "geometry": {"type": "Point", "coordinates": [16.707627, 49.179205]}, "properties": {"fid": 1336, "den": 25, "usmrceno": 2, "druh": "sr\u00e1\u017eka s jedouc\u00edm nekolejov\u00fdm vozidlem", "rok": 2015, "hmotna_sko": 2671000, "cas": "0:00:00", "tezce_zran": 0, "pricina": "\u0159idi\u010d se pln\u011b nev\u011bnoval \u0159\u00edzen\u00ed vozidla", "x": 16.707627, "y": 49.179205, "mesic": 5, "objectid": 1337, "lehce_zran": 1}}, {"type": "Feature", "geometry": {"type": "Point", "coordinates": [16.62618, 49.200021]}, "properties": {"fid": 1338, "den": 13, "usmrceno": 0, "druh": "sr\u00e1\u017eka s chodcem", "rok": 2015, "hmotna_sko": 0, "cas": "0:00:00", "tezce_zran": 1, "pricina": "nezavin\u011bn\u00e1 \u0159idi\u010dem", "x": 16.62618, "y": 49.200021, "mesic": 5, "objectid": 1339, "lehce_zran": 0}}, {"type": "Feature", "geometry": {"type": "Point", "coordinates": [16.578389, 49.230233]}, "properties": {"fid": 1341, "den": 26, "usmrceno": 0, "druh": "sr\u00e1\u017eka s tramvaj\u00ed", "rok": 2015, "hmotna_sko": 80000, "cas": "0:00:00", "tezce_zran": 1, "pricina": "p\u0159i odbo\u010dov\u00e1n\u00ed vlevo", "x": 16.578389, "y": 49.230233, "mesic": 5, "objectid": 1342, "lehce_zran": 0}}, {"type": "Feature", "geometry": {"type": "Point", "coordinates": [16.618354, 49.222587]}, "properties": {"fid": 1342, "den": 14, "usmrceno": 0, "druh": "sr\u00e1\u017eka s jedouc\u00edm nekolejov\u00fdm vozidlem", "rok": 2015, "hmotna_sko": 100000, "cas": "0:00:00", "tezce_zran": 1, "pricina": "p\u0159i odbo\u010dov\u00e1n\u00ed vlevo", "x": 16.618354, "y": 49.222587, "mesic": 5, "objectid": 1343, "lehce_zran": 0}}, {"type": "Feature", "geometry": {"type": "Point", "coordinates": [16.52281, 49.194923]}, "properties": {"fid": 1343, "den": 1, "usmrceno": 0, "druh": "sr\u00e1\u017eka s jedouc\u00edm nekolejov\u00fdm vozidlem", "rok": 2015, "hmotna_sko": 250000, "cas": "0:00:00", "tezce_zran": 1, "pricina": "nep\u0159izp\u016fsoben\u00ed rychlosti dopravn\u011b technick\u00e9mu stavu vozovky (zat\u00e1\u010dka, kles\u00e1n\u00ed, stoup\u00e1n\u00ed, \u0161\u00ed\u0159ka vozovky apod.)", "x": 16.52281, "y": 49.194923, "mesic": 5, "objectid": 1344, "lehce_zran": 2}}, {"type": "Feature", "geometry": {"type": "Point", "coordinates": [16.589781, 49.185853]}, "properties": {"fid": 1344, "den": 15, "usmrceno": 0, "druh": "sr\u00e1\u017eka s jedouc\u00edm nekolejov\u00fdm vozidlem", "rok": 2015, "hmotna_sko": 20000, "cas": "0:00:00", "tezce_zran": 1, "pricina": "\u0159idi\u010d se pln\u011b nev\u011bnoval \u0159\u00edzen\u00ed vozidla", "x": 16.589781, "y": 49.185853, "mesic": 5, "objectid": 1345, "lehce_zran": 0}}, {"type": "Feature", "geometry": {"type": "Point", "coordinates": [16.631553, 49.201545]}, "properties": {"fid": 1345, "den": 25, "usmrceno": 0, "druh": "sr\u00e1\u017eka s chodcem", "rok": 2015, "hmotna_sko": 1000, "cas": "0:00:00", "tezce_zran": 1, "pricina": "nespr\u00e1vn\u00e9 ot\u00e1\u010den\u00ed nebo couv\u00e1n\u00ed", "x": 16.631553, "y": 49.201545, "mesic": 5, "objectid": 1346, "lehce_zran": 0}}, {"type": "Feature", "geometry": {"type": "Point", "coordinates": [16.525853, 49.149413]}, "properties": {"fid": 1402, "den": 17, "usmrceno": 0, "druh": "nehoda", "rok": 2015, "hmotna_sko": 0, "cas": "0:00:00", "tezce_zran": 0, "pricina": "nezvl\u00e1dnut\u00ed \u0159\u00edzen\u00ed vozidla", "x": 16.525853, "y": 49.149413, "mesic": 5, "objectid": 1403, "lehce_zran": 1}}, {"type": "Feature", "geometry": {"type": "Point", "coordinates": [16.45405, 49.254064]}, "properties": {"fid": 1346, "den": 6, "usmrceno": 0, "druh": "sr\u00e1\u017eka s jedouc\u00edm nekolejov\u00fdm vozidlem", "rok": 2015, "hmotna_sko": 220000, "cas": "0:00:00", "tezce_zran": 1, "pricina": "nep\u0159izp\u016fsoben\u00ed rychlosti stavu vozovky (n\u00e1led\u00ed, v\u00fdtluky, bl\u00e1to, mokr\u00fd povrch apod.)", "x": 16.45405, "y": 49.254064, "mesic": 5, "objectid": 1347, "lehce_zran": 1}}, {"type": "Feature", "geometry": {"type": "Point", "coordinates": [16.560391, 49.181359]}, "properties": {"fid": 1347, "den": 18, "usmrceno": 0, "druh": "sr\u00e1\u017eka s chodcem", "rok": 2015, "hmotna_sko": 0, "cas": "0:00:00", "tezce_zran": 1, "pricina": "nespr\u00e1vn\u00e9 ot\u00e1\u010den\u00ed nebo couv\u00e1n\u00ed", "x": 16.560391, "y": 49.181359, "mesic": 5, "objectid": 1348, "lehce_zran": 0}}, {"type": "Feature", "geometry": {"type": "Point", "coordinates": [16.641317, 49.212367]}, "properties": {"fid": 1348, "den": 12, "usmrceno": 0, "druh": "sr\u00e1\u017eka s jedouc\u00edm nekolejov\u00fdm vozidlem", "rok": 2015, "hmotna_sko": 230000, "cas": "0:00:00", "tezce_zran": 1, "pricina": "j\u00edzda po nespr\u00e1vn\u00e9 stran\u011b vozovky, vjet\u00ed do protism\u011bru", "x": 16.641317, "y": 49.212367, "mesic": 5, "objectid": 1349, "lehce_zran": 0}}, {"type": "Feature", "geometry": {"type": "Point", "coordinates": [16.61396, 49.198236]}, "properties": {"fid": 1350, "den": 8, "usmrceno": 0, "druh": "sr\u00e1\u017eka s jedouc\u00edm nekolejov\u00fdm vozidlem", "rok": 2015, "hmotna_sko": 99000, "cas": "0:00:00", "tezce_zran": 2, "pricina": "nedodr\u017een\u00ed bezpe\u010dn\u00e9 vzd\u00e1lenosti za vozidlem", "x": 16.61396, "y": 49.198236, "mesic": 5, "objectid": 1351, "lehce_zran": 0}}, {"type": "Feature", "geometry": {"type": "Point", "coordinates": [16.605446, 49.199137]}, "properties": {"fid": 1355, "den": 24, "usmrceno": 0, "druh": "sr\u00e1\u017eka s jedouc\u00edm nekolejov\u00fdm vozidlem", "rok": 2015, "hmotna_sko": 321000, "cas": "0:00:00", "tezce_zran": 0, "pricina": "p\u0159i odbo\u010dov\u00e1n\u00ed vlevo", "x": 16.605446, "y": 49.199137, "mesic": 5, "objectid": 1356, "lehce_zran": 5}}, {"type": "Feature", "geometry": {"type": "Point", "coordinates": [16.78194, 49.183586]}, "properties": {"fid": 1358, "den": 3, "usmrceno": 0, "druh": "sr\u00e1\u017eka s pevnou p\u0159ek\u00e1\u017ekou", "rok": 2015, "hmotna_sko": 415000, "cas": "0:00:00", "tezce_zran": 0, "pricina": "\u0159idi\u010d se pln\u011b nev\u011bnoval \u0159\u00edzen\u00ed vozidla", "x": 16.78194, "y": 49.183586, "mesic": 5, "objectid": 1359, "lehce_zran": 1}}, {"type": "Feature", "geometry": {"type": "Point", "coordinates": [16.557228, 49.059877]}, "properties": {"fid": 1359, "den": 7, "usmrceno": 0, "druh": "sr\u00e1\u017eka s jedouc\u00edm nekolejov\u00fdm vozidlem", "rok": 2015, "hmotna_sko": 100000, "cas": "0:00:00", "tezce_zran": 0, "pricina": "vozidlu p\u0159ij\u00ed\u017ed\u011bj\u00edc\u00edmu zprava", "x": 16.557228, "y": 49.059877, "mesic": 5, "objectid": 1360, "lehce_zran": 1}}, {"type": "Feature", "geometry": {"type": "Point", "coordinates": [16.421127, 49.202878]}, "properties": {"fid": 1362, "den": 11, "usmrceno": 0, "druh": "sr\u00e1\u017eka s jedouc\u00edm nekolejov\u00fdm vozidlem", "rok": 2015, "hmotna_sko": 210000, "cas": "0:00:00", "tezce_zran": 0, "pricina": "defekt pneumatiky zp\u016fsoben\u00fd pr\u016frazem nebo n\u00e1hl\u00fdm \u00fanikem vzduchu", "x": 16.421127, "y": 49.202878, "mesic": 5, "objectid": 1363, "lehce_zran": 1}}, {"type": "Feature", "geometry": {"type": "Point", "coordinates": [16.575336, 49.289926]}, "properties": {"fid": 1363, "den": 18, "usmrceno": 0, "druh": "sr\u00e1\u017eka s chodcem", "rok": 2015, "hmotna_sko": 20000, "cas": "0:00:00", "tezce_zran": 0, "pricina": "chodci na vyzna\u010den\u00e9m p\u0159echodu", "x": 16.575336, "y": 49.289926, "mesic": 5, "objectid": 1364, "lehce_zran": 1}}, {"type": "Feature", "geometry": {"type": "Point", "coordinates": [16.67595, 49.213077]}, "properties": {"fid": 1364, "den": 6, "usmrceno": 0, "druh": "sr\u00e1\u017eka s jedouc\u00edm nekolejov\u00fdm vozidlem", "rok": 2015, "hmotna_sko": 170000, "cas": "0:00:00", "tezce_zran": 0, "pricina": "proti p\u0159\u00edkazu dopravn\u00ed zna\u010dky st\u016fj dej p\u0159ednost", "x": 16.67595, "y": 49.213077, "mesic": 5, "objectid": 1365, "lehce_zran": 1}}, {"type": "Feature", "geometry": {"type": "Point", "coordinates": [16.57137, 49.231179]}, "properties": {"fid": 1365, "den": 17, "usmrceno": 0, "druh": "sr\u00e1\u017eka s chodcem", "rok": 2015, "hmotna_sko": 10000, "cas": "0:00:00", "tezce_zran": 0, "pricina": "nezavin\u011bn\u00e1 \u0159idi\u010dem", "x": 16.57137, "y": 49.231179, "mesic": 5, "objectid": 1366, "lehce_zran": 1}}, {"type": "Feature", "geometry": {"type": "Point", "coordinates": [16.628457, 49.166831]}, "properties": {"fid": 1366, "den": 17, "usmrceno": 0, "druh": "sr\u00e1\u017eka s jedouc\u00edm nekolejov\u00fdm vozidlem", "rok": 2015, "hmotna_sko": 170000, "cas": "0:00:00", "tezce_zran": 0, "pricina": "p\u0159i odbo\u010dov\u00e1n\u00ed vlevo", "x": 16.628457, "y": 49.166831, "mesic": 5, "objectid": 1367, "lehce_zran": 2}}, {"type": "Feature", "geometry": {"type": "Point", "coordinates": [16.451724, 49.251136]}, "properties": {"fid": 1367, "den": 3, "usmrceno": 0, "druh": "nehoda", "rok": 2015, "hmotna_sko": 115000, "cas": "0:00:00", "tezce_zran": 0, "pricina": "nep\u0159izp\u016fsoben\u00ed rychlosti dopravn\u011b technick\u00e9mu stavu vozovky (zat\u00e1\u010dka, kles\u00e1n\u00ed, stoup\u00e1n\u00ed, \u0161\u00ed\u0159ka vozovky apod.)", "x": 16.451724, "y": 49.251136, "mesic": 5, "objectid": 1368, "lehce_zran": 1}}, {"type": "Feature", "geometry": {"type": "Point", "coordinates": [16.441307, 49.263251]}, "properties": {"fid": 1369, "den": 16, "usmrceno": 0, "druh": "nehoda", "rok": 2015, "hmotna_sko": 80000, "cas": "0:00:00", "tezce_zran": 0, "pricina": "\u0159idi\u010d se pln\u011b nev\u011bnoval \u0159\u00edzen\u00ed vozidla", "x": 16.441307, "y": 49.263251, "mesic": 5, "objectid": 1370, "lehce_zran": 2}}, {"type": "Feature", "geometry": {"type": "Point", "coordinates": [16.600739, 49.295925]}, "properties": {"fid": 1370, "den": 22, "usmrceno": 0, "druh": "nehoda", "rok": 2015, "hmotna_sko": 50000, "cas": "0:00:00", "tezce_zran": 0, "pricina": "nep\u0159izp\u016fsoben\u00ed rychlosti dopravn\u011b technick\u00e9mu stavu vozovky (zat\u00e1\u010dka, kles\u00e1n\u00ed, stoup\u00e1n\u00ed, \u0161\u00ed\u0159ka vozovky apod.)", "x": 16.600739, "y": 49.295925, "mesic": 5, "objectid": 1371, "lehce_zran": 2}}, {"type": "Feature", "geometry": {"type": "Point", "coordinates": [16.574608, 49.192413]}, "properties": {"fid": 1371, "den": 21, "usmrceno": 0, "druh": "sr\u00e1\u017eka s jedouc\u00edm nekolejov\u00fdm vozidlem", "rok": 2015, "hmotna_sko": 6000, "cas": "0:00:00", "tezce_zran": 0, "pricina": "\u0159idi\u010d se pln\u011b nev\u011bnoval \u0159\u00edzen\u00ed vozidla", "x": 16.574608, "y": 49.192413, "mesic": 5, "objectid": 1372, "lehce_zran": 1}}, {"type": "Feature", "geometry": {"type": "Point", "coordinates": [16.607785, 49.1962]}, "properties": {"fid": 1372, "den": 19, "usmrceno": 0, "druh": "jin\u00fd druh nehody", "rok": 2015, "hmotna_sko": 0, "cas": "0:00:00", "tezce_zran": 0, "pricina": "\u0159idi\u010d se pln\u011b nev\u011bnoval \u0159\u00edzen\u00ed vozidla", "x": 16.607785, "y": 49.1962, "mesic": 5, "objectid": 1373, "lehce_zran": 1}}, {"type": "Feature", "geometry": {"type": "Point", "coordinates": [16.705105, 49.183674]}, "properties": {"fid": 1373, "den": 7, "usmrceno": 0, "druh": "sr\u00e1\u017eka s jedouc\u00edm nekolejov\u00fdm vozidlem", "rok": 2015, "hmotna_sko": 1210000, "cas": "0:00:00", "tezce_zran": 0, "pricina": "nespr\u00e1vn\u00e9 ot\u00e1\u010den\u00ed nebo couv\u00e1n\u00ed", "x": 16.705105, "y": 49.183674, "mesic": 5, "objectid": 1374, "lehce_zran": 3}}, {"type": "Feature", "geometry": {"type": "Point", "coordinates": [16.724848, 49.245548]}, "properties": {"fid": 1376, "den": 9, "usmrceno": 0, "druh": "nehoda", "rok": 2015, "hmotna_sko": 40000, "cas": "0:00:00", "tezce_zran": 0, "pricina": "\u0159idi\u010d se pln\u011b nev\u011bnoval \u0159\u00edzen\u00ed vozidla", "x": 16.724848, "y": 49.245548, "mesic": 5, "objectid": 1377, "lehce_zran": 1}}, {"type": "Feature", "geometry": {"type": "Point", "coordinates": [16.642072, 49.202413]}, "properties": {"fid": 1377, "den": 16, "usmrceno": 0, "druh": "sr\u00e1\u017eka s chodcem", "rok": 2015, "hmotna_sko": 3000, "cas": "0:00:00", "tezce_zran": 0, "pricina": "\u0159idi\u010d se pln\u011b nev\u011bnoval \u0159\u00edzen\u00ed vozidla", "x": 16.642072, "y": 49.202413, "mesic": 5, "objectid": 1378, "lehce_zran": 1}}, {"type": "Feature", "geometry": {"type": "Point", "coordinates": [16.687734, 49.177387]}, "properties": {"fid": 1378, "den": 13, "usmrceno": 0, "druh": "nehoda", "rok": 2015, "hmotna_sko": 1000, "cas": "0:00:00", "tezce_zran": 0, "pricina": "nezvl\u00e1dnut\u00ed \u0159\u00edzen\u00ed vozidla", "x": 16.687734, "y": 49.177387, "mesic": 5, "objectid": 1379, "lehce_zran": 1}}, {"type": "Feature", "geometry": {"type": "Point", "coordinates": [16.67203, 49.182984]}, "properties": {"fid": 1379, "den": 15, "usmrceno": 0, "druh": "sr\u00e1\u017eka s vozidlem zaparkovan\u00fdm, odstaven\u00fdm", "rok": 2015, "hmotna_sko": 80000, "cas": "0:00:00", "tezce_zran": 0, "pricina": "\u0159idi\u010d se pln\u011b nev\u011bnoval \u0159\u00edzen\u00ed vozidla", "x": 16.67203, "y": 49.182984, "mesic": 5, "objectid": 1380, "lehce_zran": 1}}, {"type": "Feature", "geometry": {"type": "Point", "coordinates": [16.610654, 49.18859]}, "properties": {"fid": 1380, "den": 29, "usmrceno": 0, "druh": "sr\u00e1\u017eka s jedouc\u00edm nekolejov\u00fdm vozidlem", "rok": 2015, "hmotna_sko": 160000, "cas": "0:00:00", "tezce_zran": 0, "pricina": "p\u0159i odbo\u010dov\u00e1n\u00ed vlevo", "x": 16.610654, "y": 49.18859, "mesic": 5, "objectid": 1381, "lehce_zran": 1}}, {"type": "Feature", "geometry": {"type": "Point", "coordinates": [16.681205, 49.146292]}, "properties": {"fid": 1381, "den": 29, "usmrceno": 0, "druh": "sr\u00e1\u017eka s chodcem", "rok": 2015, "hmotna_sko": 1000, "cas": "0:00:00", "tezce_zran": 0, "pricina": "nezavin\u011bn\u00e1 \u0159idi\u010dem", "x": 16.681205, "y": 49.146292, "mesic": 5, "objectid": 1382, "lehce_zran": 1}}, {"type": "Feature", "geometry": {"type": "Point", "coordinates": [16.599179, 49.157384]}, "properties": {"fid": 1382, "den": 15, "usmrceno": 0, "druh": "sr\u00e1\u017eka s jedouc\u00edm nekolejov\u00fdm vozidlem", "rok": 2015, "hmotna_sko": 30000, "cas": "0:00:00", "tezce_zran": 0, "pricina": "nedodr\u017een\u00ed bezpe\u010dn\u00e9 vzd\u00e1lenosti za vozidlem", "x": 16.599179, "y": 49.157384, "mesic": 5, "objectid": 1383, "lehce_zran": 1}}, {"type": "Feature", "geometry": {"type": "Point", "coordinates": [16.650513, 49.195694]}, "properties": {"fid": 1383, "den": 13, "usmrceno": 0, "druh": "sr\u00e1\u017eka s jedouc\u00edm nekolejov\u00fdm vozidlem", "rok": 2015, "hmotna_sko": 160000, "cas": "0:00:00", "tezce_zran": 0, "pricina": "j\u00edzda na \"\u010dervenou\" 3-barevn\u00e9ho semaforu", "x": 16.650513, "y": 49.195694, "mesic": 5, "objectid": 1384, "lehce_zran": 1}}, {"type": "Feature", "geometry": {"type": "Point", "coordinates": [16.60519, 49.202174]}, "properties": {"fid": 1384, "den": 13, "usmrceno": 0, "druh": "sr\u00e1\u017eka s chodcem", "rok": 2015, "hmotna_sko": 0, "cas": "0:00:00", "tezce_zran": 0, "pricina": "chodci na vyzna\u010den\u00e9m p\u0159echodu", "x": 16.60519, "y": 49.202174, "mesic": 5, "objectid": 1385, "lehce_zran": 1}}, {"type": "Feature", "geometry": {"type": "Point", "coordinates": [16.638951, 49.213138]}, "properties": {"fid": 1385, "den": 12, "usmrceno": 0, "druh": "sr\u00e1\u017eka s jedouc\u00edm nekolejov\u00fdm vozidlem", "rok": 2015, "hmotna_sko": 320000, "cas": "0:00:00", "tezce_zran": 0, "pricina": "\u0159idi\u010d se pln\u011b nev\u011bnoval \u0159\u00edzen\u00ed vozidla", "x": 16.638951, "y": 49.213138, "mesic": 5, "objectid": 1386, "lehce_zran": 1}}, {"type": "Feature", "geometry": {"type": "Point", "coordinates": [16.563525, 49.177033]}, "properties": {"fid": 1386, "den": 11, "usmrceno": 0, "druh": "sr\u00e1\u017eka s jedouc\u00edm nekolejov\u00fdm vozidlem", "rok": 2015, "hmotna_sko": 35000, "cas": "0:00:00", "tezce_zran": 0, "pricina": "nedodr\u017een\u00ed bezpe\u010dn\u00e9 vzd\u00e1lenosti za vozidlem", "x": 16.563525, "y": 49.177033, "mesic": 5, "objectid": 1387, "lehce_zran": 1}}, {"type": "Feature", "geometry": {"type": "Point", "coordinates": [16.594553, 49.011329]}, "properties": {"fid": 1387, "den": 18, "usmrceno": 0, "druh": "sr\u00e1\u017eka s pevnou p\u0159ek\u00e1\u017ekou", "rok": 2015, "hmotna_sko": 20000, "cas": "0:00:00", "tezce_zran": 0, "pricina": "jin\u00fd druh nep\u0159im\u011b\u0159en\u00e9 rychlosti", "x": 16.594553, "y": 49.011329, "mesic": 5, "objectid": 1388, "lehce_zran": 1}}, {"type": "Feature", "geometry": {"type": "Point", "coordinates": [16.630523, 49.27736]}, "properties": {"fid": 1388, "den": 16, "usmrceno": 0, "druh": "nehoda", "rok": 2015, "hmotna_sko": 15000, "cas": "0:00:00", "tezce_zran": 0, "pricina": "nep\u0159izp\u016fsoben\u00ed rychlosti dopravn\u011b technick\u00e9mu stavu vozovky (zat\u00e1\u010dka, kles\u00e1n\u00ed, stoup\u00e1n\u00ed, \u0161\u00ed\u0159ka vozovky apod.)", "x": 16.630523, "y": 49.27736, "mesic": 5, "objectid": 1389, "lehce_zran": 1}}, {"type": "Feature", "geometry": {"type": "Point", "coordinates": [16.628616, 49.218804]}, "properties": {"fid": 1389, "den": 6, "usmrceno": 0, "druh": "nehoda", "rok": 2015, "hmotna_sko": 1000, "cas": "0:00:00", "tezce_zran": 0, "pricina": "\u0159idi\u010d se pln\u011b nev\u011bnoval \u0159\u00edzen\u00ed vozidla", "x": 16.628616, "y": 49.218804, "mesic": 5, "objectid": 1390, "lehce_zran": 1}}, {"type": "Feature", "geometry": {"type": "Point", "coordinates": [16.674866, 49.206373]}, "properties": {"fid": 1390, "den": 5, "usmrceno": 0, "druh": "sr\u00e1\u017eka s chodcem", "rok": 2015, "hmotna_sko": 0, "cas": "0:00:00", "tezce_zran": 0, "pricina": "nespr\u00e1vn\u00e9 ot\u00e1\u010den\u00ed nebo couv\u00e1n\u00ed", "x": 16.674866, "y": 49.206373, "mesic": 5, "objectid": 1391, "lehce_zran": 1}}, {"type": "Feature", "geometry": {"type": "Point", "coordinates": [16.617577, 49.18665]}, "properties": {"fid": 1391, "den": 4, "usmrceno": 0, "druh": "sr\u00e1\u017eka s pevnou p\u0159ek\u00e1\u017ekou", "rok": 2015, "hmotna_sko": 135000, "cas": "0:00:00", "tezce_zran": 0, "pricina": "j\u00edzda na \"\u010dervenou\" 3-barevn\u00e9ho semaforu", "x": 16.617577, "y": 49.18665, "mesic": 5, "objectid": 1392, "lehce_zran": 1}}, {"type": "Feature", "geometry": {"type": "Point", "coordinates": [16.633656, 49.176427]}, "properties": {"fid": 1392, "den": 4, "usmrceno": 0, "druh": "sr\u00e1\u017eka s jedouc\u00edm nekolejov\u00fdm vozidlem", "rok": 2015, "hmotna_sko": 30000, "cas": "0:00:00", "tezce_zran": 0, "pricina": "nedodr\u017een\u00ed bezpe\u010dn\u00e9 vzd\u00e1lenosti za vozidlem", "x": 16.633656, "y": 49.176427, "mesic": 5, "objectid": 1393, "lehce_zran": 1}}, {"type": "Feature", "geometry": {"type": "Point", "coordinates": [16.60012, 49.095798]}, "properties": {"fid": 1393, "den": 1, "usmrceno": 0, "druh": "sr\u00e1\u017eka s jedouc\u00edm nekolejov\u00fdm vozidlem", "rok": 2015, "hmotna_sko": 50000, "cas": "0:00:00", "tezce_zran": 0, "pricina": "p\u0159i vj\u00ed\u017ed\u011bn\u00ed na silnici", "x": 16.60012, "y": 49.095798, "mesic": 5, "objectid": 1394, "lehce_zran": 1}}, {"type": "Feature", "geometry": {"type": "Point", "coordinates": [16.749795, 49.183509]}, "properties": {"fid": 1395, "den": 11, "usmrceno": 0, "druh": "sr\u00e1\u017eka s vozidlem zaparkovan\u00fdm, odstaven\u00fdm", "rok": 2015, "hmotna_sko": 420000, "cas": "0:00:00", "tezce_zran": 0, "pricina": "\u0159idi\u010d se pln\u011b nev\u011bnoval \u0159\u00edzen\u00ed vozidla", "x": 16.749795, "y": 49.183509, "mesic": 5, "objectid": 1396, "lehce_zran": 1}}, {"type": "Feature", "geometry": {"type": "Point", "coordinates": [16.582369, 49.216295]}, "properties": {"fid": 1396, "den": 18, "usmrceno": 0, "druh": "sr\u00e1\u017eka s jedouc\u00edm nekolejov\u00fdm vozidlem", "rok": 2015, "hmotna_sko": 135000, "cas": "0:00:00", "tezce_zran": 0, "pricina": "nedodr\u017een\u00ed bezpe\u010dn\u00e9 vzd\u00e1lenosti za vozidlem", "x": 16.582369, "y": 49.216295, "mesic": 5, "objectid": 1397, "lehce_zran": 1}}, {"type": "Feature", "geometry": {"type": "Point", "coordinates": [16.628606, 49.167003]}, "properties": {"fid": 1397, "den": 14, "usmrceno": 0, "druh": "sr\u00e1\u017eka s jedouc\u00edm nekolejov\u00fdm vozidlem", "rok": 2015, "hmotna_sko": 130000, "cas": "0:00:00", "tezce_zran": 0, "pricina": "p\u0159i odbo\u010dov\u00e1n\u00ed vlevo", "x": 16.628606, "y": 49.167003, "mesic": 5, "objectid": 1398, "lehce_zran": 1}}, {"type": "Feature", "geometry": {"type": "Point", "coordinates": [16.653958, 49.12544]}, "properties": {"fid": 1398, "den": 10, "usmrceno": 0, "druh": "sr\u00e1\u017eka s jedouc\u00edm nekolejov\u00fdm vozidlem", "rok": 2015, "hmotna_sko": 165000, "cas": "0:00:00", "tezce_zran": 0, "pricina": "proti p\u0159\u00edkazu dopravn\u00ed zna\u010dky st\u016fj dej p\u0159ednost", "x": 16.653958, "y": 49.12544, "mesic": 5, "objectid": 1399, "lehce_zran": 5}}, {"type": "Feature", "geometry": {"type": "Point", "coordinates": [16.723899, 49.11792]}, "properties": {"fid": 1400, "den": 23, "usmrceno": 0, "druh": "sr\u00e1\u017eka s jedouc\u00edm nekolejov\u00fdm vozidlem", "rok": 2015, "hmotna_sko": 30000, "cas": "0:00:00", "tezce_zran": 0, "pricina": "proti p\u0159\u00edkazu dopravn\u00ed zna\u010dky dej p\u0159ednost", "x": 16.723899, "y": 49.11792, "mesic": 5, "objectid": 1401, "lehce_zran": 1}}, {"type": "Feature", "geometry": {"type": "Point", "coordinates": [16.646262, 49.195488]}, "properties": {"fid": 1403, "den": 27, "usmrceno": 0, "druh": "sr\u00e1\u017eka s jedouc\u00edm nekolejov\u00fdm vozidlem", "rok": 2015, "hmotna_sko": 80000, "cas": "0:00:00", "tezce_zran": 0, "pricina": "proti p\u0159\u00edkazu dopravn\u00ed zna\u010dky dej p\u0159ednost", "x": 16.646262, "y": 49.195488, "mesic": 5, "objectid": 1404, "lehce_zran": 1}}, {"type": "Feature", "geometry": {"type": "Point", "coordinates": [16.620661, 49.224382]}, "properties": {"fid": 1406, "den": 5, "usmrceno": 0, "druh": "nehoda", "rok": 2015, "hmotna_sko": 20000, "cas": "0:00:00", "tezce_zran": 0, "pricina": "\u0159idi\u010d se pln\u011b nev\u011bnoval \u0159\u00edzen\u00ed vozidla", "x": 16.620661, "y": 49.224382, "mesic": 5, "objectid": 1407, "lehce_zran": 1}}, {"type": "Feature", "geometry": {"type": "Point", "coordinates": [16.762538, 49.1388]}, "properties": {"fid": 1407, "den": 16, "usmrceno": 0, "druh": "sr\u00e1\u017eka s jedouc\u00edm nekolejov\u00fdm vozidlem", "rok": 2015, "hmotna_sko": 22000, "cas": "0:00:00", "tezce_zran": 0, "pricina": "proti p\u0159\u00edkazu dopravn\u00ed zna\u010dky dej p\u0159ednost", "x": 16.762538, "y": 49.1388, "mesic": 5, "objectid": 1408, "lehce_zran": 1}}, {"type": "Feature", "geometry": {"type": "Point", "coordinates": [16.52329, 49.228417]}, "properties": {"fid": 1408, "den": 9, "usmrceno": 0, "druh": "sr\u00e1\u017eka s jedouc\u00edm nekolejov\u00fdm vozidlem", "rok": 2015, "hmotna_sko": 61000, "cas": "0:00:00", "tezce_zran": 0, "pricina": "proti p\u0159\u00edkazu dopravn\u00ed zna\u010dky dej p\u0159ednost", "x": 16.52329, "y": 49.228417, "mesic": 5, "objectid": 1409, "lehce_zran": 1}}, {"type": "Feature", "geometry": {"type": "Point", "coordinates": [16.60123, 49.096179]}, "properties": {"fid": 1409, "den": 30, "usmrceno": 0, "druh": "nehoda", "rok": 2015, "hmotna_sko": 1000, "cas": "0:00:00", "tezce_zran": 0, "pricina": "nezvl\u00e1dnut\u00ed \u0159\u00edzen\u00ed vozidla", "x": 16.60123, "y": 49.096179, "mesic": 5, "objectid": 1410, "lehce_zran": 1}}, {"type": "Feature", "geometry": {"type": "Point", "coordinates": [16.517878, 49.236919]}, "properties": {"fid": 1410, "den": 31, "usmrceno": 0, "druh": "sr\u00e1\u017eka s jedouc\u00edm nekolejov\u00fdm vozidlem", "rok": 2015, "hmotna_sko": 1000, "cas": "0:00:00", "tezce_zran": 0, "pricina": "\u0159idi\u010d se pln\u011b nev\u011bnoval \u0159\u00edzen\u00ed vozidla", "x": 16.517878, "y": 49.236919, "mesic": 5, "objectid": 1411, "lehce_zran": 1}}, {"type": "Feature", "geometry": {"type": "Point", "coordinates": [16.576432, 49.166724]}, "properties": {"fid": 1411, "den": 31, "usmrceno": 0, "druh": "sr\u00e1\u017eka s vozidlem zaparkovan\u00fdm, odstaven\u00fdm", "rok": 2015, "hmotna_sko": 31000, "cas": "0:00:00", "tezce_zran": 0, "pricina": "\u0159idi\u010d se pln\u011b nev\u011bnoval \u0159\u00edzen\u00ed vozidla", "x": 16.576432, "y": 49.166724, "mesic": 5, "objectid": 1412, "lehce_zran": 1}}, {"type": "Feature", "geometry": {"type": "Point", "coordinates": [16.596963, 49.028122]}, "properties": {"fid": 1413, "den": 24, "usmrceno": 0, "druh": "sr\u00e1\u017eka s pevnou p\u0159ek\u00e1\u017ekou", "rok": 2015, "hmotna_sko": 30000, "cas": "0:00:00", "tezce_zran": 0, "pricina": "nep\u0159izp\u016fsoben\u00ed rychlosti vlastnostem vozidla a n\u00e1kladu", "x": 16.596963, "y": 49.028122, "mesic": 5, "objectid": 1414, "lehce_zran": 2}}, {"type": "Feature", "geometry": {"type": "Point", "coordinates": [16.594296, 49.196513]}, "properties": {"fid": 1414, "den": 11, "usmrceno": 0, "druh": "sr\u00e1\u017eka s jedouc\u00edm nekolejov\u00fdm vozidlem", "rok": 2015, "hmotna_sko": 30000, "cas": "0:00:00", "tezce_zran": 0, "pricina": "\u0159idi\u010d se pln\u011b nev\u011bnoval \u0159\u00edzen\u00ed vozidla", "x": 16.594296, "y": 49.196513, "mesic": 5, "objectid": 1415, "lehce_zran": 1}}, {"type": "Feature", "geometry": {"type": "Point", "coordinates": [16.60983, 49.131353]}, "properties": {"fid": 1415, "den": 16, "usmrceno": 0, "druh": "nehoda", "rok": 2015, "hmotna_sko": 0, "cas": "0:00:00", "tezce_zran": 0, "pricina": "\u0159idi\u010d se pln\u011b nev\u011bnoval \u0159\u00edzen\u00ed vozidla", "x": 16.60983, "y": 49.131353, "mesic": 5, "objectid": 1416, "lehce_zran": 1}}, {"type": "Feature", "geometry": {"type": "Point", "coordinates": [16.535002, 49.226024]}, "properties": {"fid": 1416, "den": 9, "usmrceno": 0, "druh": "sr\u00e1\u017eka s jedouc\u00edm nekolejov\u00fdm vozidlem", "rok": 2015, "hmotna_sko": 170000, "cas": "0:00:00", "tezce_zran": 0, "pricina": "p\u0159i vj\u00ed\u017ed\u011bn\u00ed na silnici", "x": 16.535002, "y": 49.226024, "mesic": 5, "objectid": 1417, "lehce_zran": 2}}, {"type": "Feature", "geometry": {"type": "Point", "coordinates": [16.529919, 49.225832]}, "properties": {"fid": 1417, "den": 16, "usmrceno": 0, "druh": "jin\u00fd druh nehody", "rok": 2015, "hmotna_sko": 1000, "cas": "0:00:00", "tezce_zran": 0, "pricina": "jin\u00fd druh nespr\u00e1vn\u00e9ho zp\u016fsobu j\u00edzdy", "x": 16.529919, "y": 49.225832, "mesic": 5, "objectid": 1418, "lehce_zran": 1}}, {"type": "Feature", "geometry": {"type": "Point", "coordinates": [16.598844, 49.223615]}, "properties": {"fid": 1419, "den": 21, "usmrceno": 0, "druh": "sr\u00e1\u017eka s vozidlem zaparkovan\u00fdm, odstaven\u00fdm", "rok": 2015, "hmotna_sko": 2000, "cas": "0:00:00", "tezce_zran": 0, "pricina": "\u0159idi\u010d se pln\u011b nev\u011bnoval \u0159\u00edzen\u00ed vozidla", "x": 16.598844, "y": 49.223615, "mesic": 5, "objectid": 1420, "lehce_zran": 1}}, {"type": "Feature", "geometry": {"type": "Point", "coordinates": [16.62028, 49.191611]}, "properties": {"fid": 1420, "den": 25, "usmrceno": 0, "druh": "sr\u00e1\u017eka s jedouc\u00edm nekolejov\u00fdm vozidlem", "rok": 2015, "hmotna_sko": 15000, "cas": "0:00:00", "tezce_zran": 0, "pricina": "proti p\u0159\u00edkazu dopravn\u00ed zna\u010dky dej p\u0159ednost", "x": 16.62028, "y": 49.191611, "mesic": 5, "objectid": 1421, "lehce_zran": 1}}, {"type": "Feature", "geometry": {"type": "Point", "coordinates": [16.598818, 49.184285]}, "properties": {"fid": 1421, "den": 13, "usmrceno": 0, "druh": "sr\u00e1\u017eka s chodcem", "rok": 2015, "hmotna_sko": 1000, "cas": "0:00:00", "tezce_zran": 0, "pricina": "\u0159idi\u010d se pln\u011b nev\u011bnoval \u0159\u00edzen\u00ed vozidla", "x": 16.598818, "y": 49.184285, "mesic": 5, "objectid": 1422, "lehce_zran": 1}}, {"type": "Feature", "geometry": {"type": "Point", "coordinates": [16.566659, 49.200861]}, "properties": {"fid": 1422, "den": 15, "usmrceno": 0, "druh": "sr\u00e1\u017eka s jedouc\u00edm nekolejov\u00fdm vozidlem", "rok": 2015, "hmotna_sko": 4000, "cas": "0:00:00", "tezce_zran": 0, "pricina": "\u0159idi\u010d se pln\u011b nev\u011bnoval \u0159\u00edzen\u00ed vozidla", "x": 16.566659, "y": 49.200861, "mesic": 5, "objectid": 1423, "lehce_zran": 1}}, {"type": "Feature", "geometry": {"type": "Point", "coordinates": [16.523098, 49.228342]}, "properties": {"fid": 1423, "den": 18, "usmrceno": 0, "druh": "sr\u00e1\u017eka s chodcem", "rok": 2015, "hmotna_sko": 15000, "cas": "0:00:00", "tezce_zran": 0, "pricina": "chodci na vyzna\u010den\u00e9m p\u0159echodu", "x": 16.523098, "y": 49.228342, "mesic": 5, "objectid": 1424, "lehce_zran": 1}}, {"type": "Feature", "geometry": {"type": "Point", "coordinates": [16.659245, 49.082261]}, "properties": {"fid": 1425, "den": 25, "usmrceno": 0, "druh": "sr\u00e1\u017eka s jedouc\u00edm nekolejov\u00fdm vozidlem", "rok": 2015, "hmotna_sko": 220000, "cas": "0:00:00", "tezce_zran": 0, "pricina": "\u0159idi\u010d se pln\u011b nev\u011bnoval \u0159\u00edzen\u00ed vozidla", "x": 16.659245, "y": 49.082261, "mesic": 5, "objectid": 1426, "lehce_zran": 1}}, {"type": "Feature", "geometry": {"type": "Point", "coordinates": [16.549678, 49.004687]}, "properties": {"fid": 1426, "den": 1, "usmrceno": 0, "druh": "nehoda", "rok": 2015, "hmotna_sko": 50000, "cas": "0:00:00", "tezce_zran": 0, "pricina": "\u0159idi\u010d se pln\u011b nev\u011bnoval \u0159\u00edzen\u00ed vozidla", "x": 16.549678, "y": 49.004687, "mesic": 5, "objectid": 1427, "lehce_zran": 3}}, {"type": "Feature", "geometry": {"type": "Point", "coordinates": [16.597662, 49.175704]}, "properties": {"fid": 1427, "den": 1, "usmrceno": 0, "druh": "sr\u00e1\u017eka s jedouc\u00edm nekolejov\u00fdm vozidlem", "rok": 2015, "hmotna_sko": 80000, "cas": "0:00:00", "tezce_zran": 0, "pricina": "nedodr\u017een\u00ed bezpe\u010dn\u00e9 vzd\u00e1lenosti za vozidlem", "x": 16.597662, "y": 49.175704, "mesic": 5, "objectid": 1428, "lehce_zran": 1}}, {"type": "Feature", "geometry": {"type": "Point", "coordinates": [16.617535, 49.218772]}, "properties": {"fid": 1428, "den": 7, "usmrceno": 0, "druh": "sr\u00e1\u017eka s jedouc\u00edm nekolejov\u00fdm vozidlem", "rok": 2015, "hmotna_sko": 90000, "cas": "0:00:00", "tezce_zran": 0, "pricina": "proti p\u0159\u00edkazu dopravn\u00ed zna\u010dky dej p\u0159ednost", "x": 16.617535, "y": 49.218772, "mesic": 5, "objectid": 1429, "lehce_zran": 1}}, {"type": "Feature", "geometry": {"type": "Point", "coordinates": [16.527356, 49.131157]}, "properties": {"fid": 1430, "den": 26, "usmrceno": 0, "druh": "sr\u00e1\u017eka s jedouc\u00edm nekolejov\u00fdm vozidlem", "rok": 2015, "hmotna_sko": 190000, "cas": "0:00:00", "tezce_zran": 0, "pricina": "nep\u0159izp\u016fsoben\u00ed rychlosti stavu vozovky (n\u00e1led\u00ed, v\u00fdtluky, bl\u00e1to, mokr\u00fd povrch apod.)", "x": 16.527356, "y": 49.131157, "mesic": 5, "objectid": 1431, "lehce_zran": 2}}, {"type": "Feature", "geometry": {"type": "Point", "coordinates": [16.402478, 49.219771]}, "properties": {"fid": 1431, "den": 29, "usmrceno": 0, "druh": "nehoda", "rok": 2015, "hmotna_sko": 20000, "cas": "0:00:00", "tezce_zran": 0, "pricina": "\u0159idi\u010d se pln\u011b nev\u011bnoval \u0159\u00edzen\u00ed vozidla", "x": 16.402478, "y": 49.219771, "mesic": 5, "objectid": 1432, "lehce_zran": 1}}, {"type": "Feature", "geometry": {"type": "Point", "coordinates": [16.757587, 49.185633]}, "properties": {"fid": 1432, "den": 25, "usmrceno": 0, "druh": "sr\u00e1\u017eka s jedouc\u00edm nekolejov\u00fdm vozidlem", "rok": 2015, "hmotna_sko": 330000, "cas": "0:00:00", "tezce_zran": 0, "pricina": "nedodr\u017een\u00ed bezpe\u010dn\u00e9 vzd\u00e1lenosti za vozidlem", "x": 16.757587, "y": 49.185633, "mesic": 5, "objectid": 1433, "lehce_zran": 2}}, {"type": "Feature", "geometry": {"type": "Point", "coordinates": [16.585282, 49.221523]}, "properties": {"fid": 1434, "den": 1, "usmrceno": 0, "druh": "sr\u00e1\u017eka s jedouc\u00edm nekolejov\u00fdm vozidlem", "rok": 2015, "hmotna_sko": 350000, "cas": "0:00:00", "tezce_zran": 0, "pricina": "proti p\u0159\u00edkazu dopravn\u00ed zna\u010dky dej p\u0159ednost", "x": 16.585282, "y": 49.221523, "mesic": 5, "objectid": 1435, "lehce_zran": 3}}, {"type": "Feature", "geometry": {"type": "Point", "coordinates": [16.616939, 49.191918]}, "properties": {"fid": 1435, "den": 7, "usmrceno": 0, "druh": "nehoda", "rok": 2015, "hmotna_sko": 3000, "cas": "0:00:00", "tezce_zran": 0, "pricina": "\u0159idi\u010d se pln\u011b nev\u011bnoval \u0159\u00edzen\u00ed vozidla", "x": 16.616939, "y": 49.191918, "mesic": 5, "objectid": 1436, "lehce_zran": 1}}, {"type": "Feature", "geometry": {"type": "Point", "coordinates": [16.585973, 49.221257]}, "properties": {"fid": 1437, "den": 27, "usmrceno": 0, "druh": "sr\u00e1\u017eka s jedouc\u00edm nekolejov\u00fdm vozidlem", "rok": 2015, "hmotna_sko": 16000, "cas": "0:00:00", "tezce_zran": 0, "pricina": "p\u0159i odbo\u010dov\u00e1n\u00ed vlevo", "x": 16.585973, "y": 49.221257, "mesic": 5, "objectid": 1438, "lehce_zran": 1}}, {"type": "Feature", "geometry": {"type": "Point", "coordinates": [16.64118, 49.201193]}, "properties": {"fid": 1438, "den": 20, "usmrceno": 0, "druh": "sr\u00e1\u017eka s pevnou p\u0159ek\u00e1\u017ekou", "rok": 2015, "hmotna_sko": 65000, "cas": "0:00:00", "tezce_zran": 0, "pricina": "\u0159idi\u010d se pln\u011b nev\u011bnoval \u0159\u00edzen\u00ed vozidla", "x": 16.64118, "y": 49.201193, "mesic": 5, "objectid": 1439, "lehce_zran": 1}}, {"type": "Feature", "geometry": {"type": "Point", "coordinates": [16.59926, 49.206858]}, "properties": {"fid": 1439, "den": 11, "usmrceno": 0, "druh": "sr\u00e1\u017eka s jedouc\u00edm nekolejov\u00fdm vozidlem", "rok": 2015, "hmotna_sko": 40000, "cas": "0:00:00", "tezce_zran": 0, "pricina": "nedodr\u017een\u00ed bezpe\u010dn\u00e9 vzd\u00e1lenosti za vozidlem", "x": 16.59926, "y": 49.206858, "mesic": 5, "objectid": 1440, "lehce_zran": 1}}, {"type": "Feature", "geometry": {"type": "Point", "coordinates": [16.559503, 49.168709]}, "properties": {"fid": 1440, "den": 11, "usmrceno": 0, "druh": "sr\u00e1\u017eka s jedouc\u00edm nekolejov\u00fdm vozidlem", "rok": 2015, "hmotna_sko": 20500, "cas": "0:00:00", "tezce_zran": 0, "pricina": "jin\u00fd druh nep\u0159im\u011b\u0159en\u00e9 rychlosti", "x": 16.559503, "y": 49.168709, "mesic": 5, "objectid": 1441, "lehce_zran": 1}}, {"type": "Feature", "geometry": {"type": "Point", "coordinates": [16.569964, 49.166455]}, "properties": {"fid": 1441, "den": 18, "usmrceno": 0, "druh": "sr\u00e1\u017eka s jedouc\u00edm nekolejov\u00fdm vozidlem", "rok": 2015, "hmotna_sko": 30000, "cas": "0:00:00", "tezce_zran": 0, "pricina": "proti p\u0159\u00edkazu dopravn\u00ed zna\u010dky dej p\u0159ednost", "x": 16.569964, "y": 49.166455, "mesic": 5, "objectid": 1442, "lehce_zran": 1}}, {"type": "Feature", "geometry": {"type": "Point", "coordinates": [16.725643, 49.166371]}, "properties": {"fid": 1442, "den": 16, "usmrceno": 0, "druh": "sr\u00e1\u017eka s vozidlem zaparkovan\u00fdm, odstaven\u00fdm", "rok": 2015, "hmotna_sko": 50000, "cas": "0:00:00", "tezce_zran": 0, "pricina": "nep\u0159izp\u016fsoben\u00ed rychlosti dopravn\u011b technick\u00e9mu stavu vozovky (zat\u00e1\u010dka, kles\u00e1n\u00ed, stoup\u00e1n\u00ed, \u0161\u00ed\u0159ka vozovky apod.)", "x": 16.725643, "y": 49.166371, "mesic": 5, "objectid": 1443, "lehce_zran": 1}}, {"type": "Feature", "geometry": {"type": "Point", "coordinates": [16.721514, 49.114066]}, "properties": {"fid": 1444, "den": 13, "usmrceno": 0, "druh": "sr\u00e1\u017eka s jedouc\u00edm nekolejov\u00fdm vozidlem", "rok": 2015, "hmotna_sko": 60000, "cas": "0:00:00", "tezce_zran": 0, "pricina": "\u0159idi\u010d se pln\u011b nev\u011bnoval \u0159\u00edzen\u00ed vozidla", "x": 16.721514, "y": 49.114066, "mesic": 5, "objectid": 1445, "lehce_zran": 1}}, {"type": "Feature", "geometry": {"type": "Point", "coordinates": [16.625356, 49.191409]}, "properties": {"fid": 1445, "den": 6, "usmrceno": 0, "druh": "nehoda", "rok": 2015, "hmotna_sko": 5000, "cas": "0:00:00", "tezce_zran": 0, "pricina": "nep\u0159izp\u016fsoben\u00ed rychlosti stavu vozovky (n\u00e1led\u00ed, v\u00fdtluky, bl\u00e1to, mokr\u00fd povrch apod.)", "x": 16.625356, "y": 49.191409, "mesic": 5, "objectid": 1446, "lehce_zran": 1}}, {"type": "Feature", "geometry": {"type": "Point", "coordinates": [16.593236, 49.203474]}, "properties": {"fid": 1446, "den": 5, "usmrceno": 0, "druh": "sr\u00e1\u017eka s chodcem", "rok": 2015, "hmotna_sko": 0, "cas": "0:00:00", "tezce_zran": 0, "pricina": "j\u00edzda na \"\u010dervenou\" 3-barevn\u00e9ho semaforu", "x": 16.593236, "y": 49.203474, "mesic": 5, "objectid": 1447, "lehce_zran": 1}}, {"type": "Feature", "geometry": {"type": "Point", "coordinates": [16.599094, 49.160032]}, "properties": {"fid": 1448, "den": 6, "usmrceno": 0, "druh": "sr\u00e1\u017eka s jedouc\u00edm nekolejov\u00fdm vozidlem", "rok": 2015, "hmotna_sko": 90000, "cas": "0:00:00", "tezce_zran": 0, "pricina": "nedodr\u017een\u00ed bezpe\u010dn\u00e9 vzd\u00e1lenosti za vozidlem", "x": 16.599094, "y": 49.160032, "mesic": 5, "objectid": 1449, "lehce_zran": 1}}, {"type": "Feature", "geometry": {"type": "Point", "coordinates": [16.600253, 49.014398]}, "properties": {"fid": 1449, "den": 15, "usmrceno": 0, "druh": "sr\u00e1\u017eka s jedouc\u00edm nekolejov\u00fdm vozidlem", "rok": 2015, "hmotna_sko": 180000, "cas": "0:00:00", "tezce_zran": 0, "pricina": "p\u0159i odbo\u010dov\u00e1n\u00ed vlevo", "x": 16.600253, "y": 49.014398, "mesic": 5, "objectid": 1450, "lehce_zran": 1}}, {"type": "Feature", "geometry": {"type": "Point", "coordinates": [16.576558, 49.173652]}, "properties": {"fid": 1450, "den": 5, "usmrceno": 0, "druh": "sr\u00e1\u017eka s chodcem", "rok": 2015, "hmotna_sko": 5000, "cas": "0:00:00", "tezce_zran": 0, "pricina": "chodci na vyzna\u010den\u00e9m p\u0159echodu", "x": 16.576558, "y": 49.173652, "mesic": 5, "objectid": 1451, "lehce_zran": 1}}, {"type": "Feature", "geometry": {"type": "Point", "coordinates": [16.628971, 49.152419]}, "properties": {"fid": 1451, "den": 17, "usmrceno": 0, "druh": "sr\u00e1\u017eka s chodcem", "rok": 2015, "hmotna_sko": 20000, "cas": "0:00:00", "tezce_zran": 0, "pricina": "nezavin\u011bn\u00e1 \u0159idi\u010dem", "x": 16.628971, "y": 49.152419, "mesic": 5, "objectid": 1452, "lehce_zran": 1}}, {"type": "Feature", "geometry": {"type": "Point", "coordinates": [16.684913, 49.171617]}, "properties": {"fid": 1452, "den": 15, "usmrceno": 0, "druh": "sr\u00e1\u017eka s jedouc\u00edm nekolejov\u00fdm vozidlem", "rok": 2015, "hmotna_sko": 70000, "cas": "0:00:00", "tezce_zran": 0, "pricina": "proti p\u0159\u00edkazu dopravn\u00ed zna\u010dky dej p\u0159ednost", "x": 16.684913, "y": 49.171617, "mesic": 5, "objectid": 1453, "lehce_zran": 1}}, {"type": "Feature", "geometry": {"type": "Point", "coordinates": [16.592925, 49.211847]}, "properties": {"fid": 1453, "den": 12, "usmrceno": 0, "druh": "sr\u00e1\u017eka s chodcem", "rok": 2015, "hmotna_sko": 0, "cas": "0:00:00", "tezce_zran": 0, "pricina": "chodci na vyzna\u010den\u00e9m p\u0159echodu", "x": 16.592925, "y": 49.211847, "mesic": 5, "objectid": 1454, "lehce_zran": 1}}, {"type": "Feature", "geometry": {"type": "Point", "coordinates": [16.594529, 49.042781]}, "properties": {"fid": 1454, "den": 19, "usmrceno": 0, "druh": "sr\u00e1\u017eka s jedouc\u00edm nekolejov\u00fdm vozidlem", "rok": 2015, "hmotna_sko": 31000, "cas": "0:00:00", "tezce_zran": 0, "pricina": "proti p\u0159\u00edkazu dopravn\u00ed zna\u010dky dej p\u0159ednost", "x": 16.594529, "y": 49.042781, "mesic": 5, "objectid": 1455, "lehce_zran": 1}}, {"type": "Feature", "geometry": {"type": "Point", "coordinates": [16.619581, 49.186959]}, "properties": {"fid": 1457, "den": 19, "usmrceno": 0, "druh": "jin\u00fd druh nehody", "rok": 2015, "hmotna_sko": 11000, "cas": "0:00:00", "tezce_zran": 0, "pricina": "nep\u0159izp\u016fsoben\u00ed rychlosti vlastnostem vozidla a n\u00e1kladu", "x": 16.619581, "y": 49.186959, "mesic": 5, "objectid": 1458, "lehce_zran": 1}}, {"type": "Feature", "geometry": {"type": "Point", "coordinates": [16.603695, 49.126807]}, "properties": {"fid": 1460, "den": 14, "usmrceno": 0, "druh": "sr\u00e1\u017eka s jedouc\u00edm nekolejov\u00fdm vozidlem", "rok": 2015, "hmotna_sko": 135000, "cas": "0:00:00", "tezce_zran": 0, "pricina": "nedodr\u017een\u00ed bezpe\u010dn\u00e9 vzd\u00e1lenosti za vozidlem", "x": 16.603695, "y": 49.126807, "mesic": 5, "objectid": 1461, "lehce_zran": 1}}, {"type": "Feature", "geometry": {"type": "Point", "coordinates": [16.640069, 49.224309]}, "properties": {"fid": 1461, "den": 16, "usmrceno": 0, "druh": "sr\u00e1\u017eka s pevnou p\u0159ek\u00e1\u017ekou", "rok": 2015, "hmotna_sko": 3000, "cas": "0:00:00", "tezce_zran": 0, "pricina": "\u0159idi\u010d se pln\u011b nev\u011bnoval \u0159\u00edzen\u00ed vozidla", "x": 16.640069, "y": 49.224309, "mesic": 5, "objectid": 1462, "lehce_zran": 1}}, {"type": "Feature", "geometry": {"type": "Point", "coordinates": [16.564759, 49.178097]}, "properties": {"fid": 1462, "den": 6, "usmrceno": 0, "druh": "sr\u00e1\u017eka s jedouc\u00edm nekolejov\u00fdm vozidlem", "rok": 2015, "hmotna_sko": 400000, "cas": "0:00:00", "tezce_zran": 0, "pricina": "proti p\u0159\u00edkazu dopravn\u00ed zna\u010dky dej p\u0159ednost", "x": 16.564759, "y": 49.178097, "mesic": 5, "objectid": 1463, "lehce_zran": 2}}, {"type": "Feature", "geometry": {"type": "Point", "coordinates": [16.757654, 49.166172]}, "properties": {"fid": 1464, "den": 25, "usmrceno": 0, "druh": "sr\u00e1\u017eka s jedouc\u00edm nekolejov\u00fdm vozidlem", "rok": 2015, "hmotna_sko": 151000, "cas": "0:00:00", "tezce_zran": 0, "pricina": "vozidlu p\u0159ij\u00ed\u017ed\u011bj\u00edc\u00edmu zprava", "x": 16.757654, "y": 49.166172, "mesic": 5, "objectid": 1465, "lehce_zran": 2}}, {"type": "Feature", "geometry": {"type": "Point", "coordinates": [16.604912, 49.19297]}, "properties": {"fid": 1465, "den": 20, "usmrceno": 0, "druh": "nehoda", "rok": 2015, "hmotna_sko": 0, "cas": "0:00:00", "tezce_zran": 0, "pricina": "nezvl\u00e1dnut\u00ed \u0159\u00edzen\u00ed vozidla", "x": 16.604912, "y": 49.19297, "mesic": 5, "objectid": 1466, "lehce_zran": 1}}, {"type": "Feature", "geometry": {"type": "Point", "coordinates": [16.606912, 49.134245]}, "properties": {"fid": 1466, "den": 29, "usmrceno": 0, "druh": "sr\u00e1\u017eka s pevnou p\u0159ek\u00e1\u017ekou", "rok": 2015, "hmotna_sko": 5000, "cas": "0:00:00", "tezce_zran": 0, "pricina": "jin\u00fd druh nespr\u00e1vn\u00e9ho zp\u016fsobu j\u00edzdy", "x": 16.606912, "y": 49.134245, "mesic": 5, "objectid": 1467, "lehce_zran": 0}}, {"type": "Feature", "geometry": {"type": "Point", "coordinates": [16.581656, 49.219081]}, "properties": {"fid": 1467, "den": 19, "usmrceno": 0, "druh": "sr\u00e1\u017eka s vozidlem zaparkovan\u00fdm, odstaven\u00fdm", "rok": 2015, "hmotna_sko": 10000, "cas": "0:00:00", "tezce_zran": 0, "pricina": "\u0159idi\u010d se pln\u011b nev\u011bnoval \u0159\u00edzen\u00ed vozidla", "x": 16.581656, "y": 49.219081, "mesic": 5, "objectid": 1468, "lehce_zran": 0}}, {"type": "Feature", "geometry": {"type": "Point", "coordinates": [16.614762, 49.195981]}, "properties": {"fid": 1468, "den": 18, "usmrceno": 0, "druh": "sr\u00e1\u017eka s vozidlem zaparkovan\u00fdm, odstaven\u00fdm", "rok": 2015, "hmotna_sko": 3000, "cas": "0:00:00", "tezce_zran": 0, "pricina": "\u0159idi\u010d se pln\u011b nev\u011bnoval \u0159\u00edzen\u00ed vozidla", "x": 16.614762, "y": 49.195981, "mesic": 5, "objectid": 1469, "lehce_zran": 0}}, {"type": "Feature", "geometry": {"type": "Point", "coordinates": [16.582105, 49.170451]}, "properties": {"fid": 1470, "den": 20, "usmrceno": 0, "druh": "sr\u00e1\u017eka s vozidlem zaparkovan\u00fdm, odstaven\u00fdm", "rok": 2015, "hmotna_sko": 15000, "cas": "0:00:00", "tezce_zran": 0, "pricina": "\u0159idi\u010d se pln\u011b nev\u011bnoval \u0159\u00edzen\u00ed vozidla", "x": 16.582105, "y": 49.170451, "mesic": 5, "objectid": 1471, "lehce_zran": 0}}, {"type": "Feature", "geometry": {"type": "Point", "coordinates": [16.606442, 49.19714]}, "properties": {"fid": 1471, "den": 2, "usmrceno": 0, "druh": "sr\u00e1\u017eka s pevnou p\u0159ek\u00e1\u017ekou", "rok": 2015, "hmotna_sko": 15000, "cas": "0:00:00", "tezce_zran": 0, "pricina": "\u0159idi\u010d se pln\u011b nev\u011bnoval \u0159\u00edzen\u00ed vozidla", "x": 16.606442, "y": 49.19714, "mesic": 5, "objectid": 1472, "lehce_zran": 0}}, {"type": "Feature", "geometry": {"type": "Point", "coordinates": [16.708955, 49.180202]}, "properties": {"fid": 1472, "den": 25, "usmrceno": 0, "druh": "sr\u00e1\u017eka s jedouc\u00edm nekolejov\u00fdm vozidlem", "rok": 2015, "hmotna_sko": 10000, "cas": "0:00:00", "tezce_zran": 0, "pricina": "jin\u00fd druh nespr\u00e1vn\u00e9ho p\u0159edj\u00ed\u017ed\u011bn\u00ed", "x": 16.708955, "y": 49.180202, "mesic": 5, "objectid": 1473, "lehce_zran": 0}}, {"type": "Feature", "geometry": {"type": "Point", "coordinates": [16.62138, 49.193302]}, "properties": {"fid": 1474, "den": 28, "usmrceno": 0, "druh": "sr\u00e1\u017eka s vozidlem zaparkovan\u00fdm, odstaven\u00fdm", "rok": 2015, "hmotna_sko": 10000, "cas": "0:00:00", "tezce_zran": 0, "pricina": "\u0159idi\u010d se pln\u011b nev\u011bnoval \u0159\u00edzen\u00ed vozidla", "x": 16.62138, "y": 49.193302, "mesic": 5, "objectid": 1475, "lehce_zran": 0}}, {"type": "Feature", "geometry": {"type": "Point", "coordinates": [16.599558, 49.183129]}, "properties": {"fid": 1475, "den": 30, "usmrceno": 0, "druh": "sr\u00e1\u017eka s jedouc\u00edm nekolejov\u00fdm vozidlem", "rok": 2015, "hmotna_sko": 5000, "cas": "0:00:00", "tezce_zran": 0, "pricina": "proti p\u0159\u00edkazu dopravn\u00ed zna\u010dky st\u016fj dej p\u0159ednost", "x": 16.599558, "y": 49.183129, "mesic": 5, "objectid": 1476, "lehce_zran": 0}}, {"type": "Feature", "geometry": {"type": "Point", "coordinates": [16.572585, 49.172132]}, "properties": {"fid": 1476, "den": 27, "usmrceno": 0, "druh": "sr\u00e1\u017eka s pevnou p\u0159ek\u00e1\u017ekou", "rok": 2015, "hmotna_sko": 10000, "cas": "0:00:00", "tezce_zran": 0, "pricina": "\u0159idi\u010d se pln\u011b nev\u011bnoval \u0159\u00edzen\u00ed vozidla", "x": 16.572585, "y": 49.172132, "mesic": 5, "objectid": 1477, "lehce_zran": 0}}, {"type": "Feature", "geometry": {"type": "Point", "coordinates": [16.694585, 49.202633]}, "properties": {"fid": 1477, "den": 27, "usmrceno": 0, "druh": "sr\u00e1\u017eka s vozidlem zaparkovan\u00fdm, odstaven\u00fdm", "rok": 2015, "hmotna_sko": 10000, "cas": "0:00:00", "tezce_zran": 0, "pricina": "\u0159idi\u010d se pln\u011b nev\u011bnoval \u0159\u00edzen\u00ed vozidla", "x": 16.694585, "y": 49.202633, "mesic": 5, "objectid": 1478, "lehce_zran": 0}}, {"type": "Feature", "geometry": {"type": "Point", "coordinates": [16.616215, 49.190072]}, "properties": {"fid": 1478, "den": 28, "usmrceno": 0, "druh": "sr\u00e1\u017eka s vozidlem zaparkovan\u00fdm, odstaven\u00fdm", "rok": 2015, "hmotna_sko": 10000, "cas": "0:00:00", "tezce_zran": 0, "pricina": "\u0159idi\u010d se pln\u011b nev\u011bnoval \u0159\u00edzen\u00ed vozidla", "x": 16.616215, "y": 49.190072, "mesic": 5, "objectid": 1479, "lehce_zran": 0}}, {"type": "Feature", "geometry": {"type": "Point", "coordinates": [16.600278, 49.221113]}, "properties": {"fid": 1479, "den": 11, "usmrceno": 0, "druh": "sr\u00e1\u017eka s pevnou p\u0159ek\u00e1\u017ekou", "rok": 2015, "hmotna_sko": 20000, "cas": "0:00:00", "tezce_zran": 0, "pricina": "\u0159idi\u010d se pln\u011b nev\u011bnoval \u0159\u00edzen\u00ed vozidla", "x": 16.600278, "y": 49.221113, "mesic": 5, "objectid": 1480, "lehce_zran": 0}}, {"type": "Feature", "geometry": {"type": "Point", "coordinates": [16.588505, 49.188766]}, "properties": {"fid": 1480, "den": 17, "usmrceno": 0, "druh": "sr\u00e1\u017eka s vozidlem zaparkovan\u00fdm, odstaven\u00fdm", "rok": 2015, "hmotna_sko": 5000, "cas": "0:00:00", "tezce_zran": 0, "pricina": "\u0159idi\u010d se pln\u011b nev\u011bnoval \u0159\u00edzen\u00ed vozidla", "x": 16.588505, "y": 49.188766, "mesic": 5, "objectid": 1481, "lehce_zran": 0}}, {"type": "Feature", "geometry": {"type": "Point", "coordinates": [16.760939, 49.185034]}, "properties": {"fid": 1482, "den": 12, "usmrceno": 0, "druh": "sr\u00e1\u017eka s jedouc\u00edm nekolejov\u00fdm vozidlem", "rok": 2015, "hmotna_sko": 45000, "cas": "0:00:00", "tezce_zran": 0, "pricina": "\u0159idi\u010d se pln\u011b nev\u011bnoval \u0159\u00edzen\u00ed vozidla", "x": 16.760939, "y": 49.185034, "mesic": 5, "objectid": 1483, "lehce_zran": 0}}, {"type": "Feature", "geometry": {"type": "Point", "coordinates": [16.727142, 49.165621]}, "properties": {"fid": 1484, "den": 6, "usmrceno": 0, "druh": "sr\u00e1\u017eka s vozidlem zaparkovan\u00fdm, odstaven\u00fdm", "rok": 2015, "hmotna_sko": 10000, "cas": "0:00:00", "tezce_zran": 0, "pricina": "\u0159idi\u010d se pln\u011b nev\u011bnoval \u0159\u00edzen\u00ed vozidla", "x": 16.727142, "y": 49.165621, "mesic": 5, "objectid": 1485, "lehce_zran": 0}}, {"type": "Feature", "geometry": {"type": "Point", "coordinates": [16.638667, 49.161575]}, "properties": {"fid": 1485, "den": 6, "usmrceno": 0, "druh": "sr\u00e1\u017eka s vozidlem zaparkovan\u00fdm, odstaven\u00fdm", "rok": 2015, "hmotna_sko": 2000, "cas": "0:00:00", "tezce_zran": 0, "pricina": "\u0159idi\u010d se pln\u011b nev\u011bnoval \u0159\u00edzen\u00ed vozidla", "x": 16.638667, "y": 49.161575, "mesic": 5, "objectid": 1486, "lehce_zran": 0}}, {"type": "Feature", "geometry": {"type": "Point", "coordinates": [16.68797, 49.178359]}, "properties": {"fid": 1486, "den": 29, "usmrceno": 0, "druh": "sr\u00e1\u017eka s vozidlem zaparkovan\u00fdm, odstaven\u00fdm", "rok": 2015, "hmotna_sko": 30000, "cas": "0:00:00", "tezce_zran": 0, "pricina": "\u0159idi\u010d se pln\u011b nev\u011bnoval \u0159\u00edzen\u00ed vozidla", "x": 16.68797, "y": 49.178359, "mesic": 5, "objectid": 1487, "lehce_zran": 0}}, {"type": "Feature", "geometry": {"type": "Point", "coordinates": [16.605544, 49.192516]}, "properties": {"fid": 1488, "den": 29, "usmrceno": 0, "druh": "sr\u00e1\u017eka s vozidlem zaparkovan\u00fdm, odstaven\u00fdm", "rok": 2015, "hmotna_sko": 10000, "cas": "0:00:00", "tezce_zran": 0, "pricina": "\u0159idi\u010d se pln\u011b nev\u011bnoval \u0159\u00edzen\u00ed vozidla", "x": 16.605544, "y": 49.192516, "mesic": 5, "objectid": 1489, "lehce_zran": 0}}, {"type": "Feature", "geometry": {"type": "Point", "coordinates": [16.650493, 49.191545]}, "properties": {"fid": 1489, "den": 19, "usmrceno": 0, "druh": "sr\u00e1\u017eka s vozidlem zaparkovan\u00fdm, odstaven\u00fdm", "rok": 2015, "hmotna_sko": 50000, "cas": "0:00:00", "tezce_zran": 0, "pricina": "\u0159idi\u010d se pln\u011b nev\u011bnoval \u0159\u00edzen\u00ed vozidla", "x": 16.650493, "y": 49.191545, "mesic": 5, "objectid": 1490, "lehce_zran": 0}}, {"type": "Feature", "geometry": {"type": "Point", "coordinates": [16.661765, 49.139838]}, "properties": {"fid": 1491, "den": 4, "usmrceno": 0, "druh": "sr\u00e1\u017eka s pevnou p\u0159ek\u00e1\u017ekou", "rok": 2015, "hmotna_sko": 40000, "cas": "0:00:00", "tezce_zran": 0, "pricina": "\u0159idi\u010d se pln\u011b nev\u011bnoval \u0159\u00edzen\u00ed vozidla", "x": 16.661765, "y": 49.139838, "mesic": 5, "objectid": 1492, "lehce_zran": 0}}, {"type": "Feature", "geometry": {"type": "Point", "coordinates": [16.609265, 49.223711]}, "properties": {"fid": 1492, "den": 14, "usmrceno": 0, "druh": "sr\u00e1\u017eka s pevnou p\u0159ek\u00e1\u017ekou", "rok": 2015, "hmotna_sko": 10000, "cas": "0:00:00", "tezce_zran": 0, "pricina": "\u0159idi\u010d se pln\u011b nev\u011bnoval \u0159\u00edzen\u00ed vozidla", "x": 16.609265, "y": 49.223711, "mesic": 5, "objectid": 1493, "lehce_zran": 0}}, {"type": "Feature", "geometry": {"type": "Point", "coordinates": [16.631073, 49.1405]}, "properties": {"fid": 1495, "den": 27, "usmrceno": 0, "druh": "sr\u00e1\u017eka s vozidlem zaparkovan\u00fdm, odstaven\u00fdm", "rok": 2015, "hmotna_sko": 10000, "cas": "0:00:00", "tezce_zran": 0, "pricina": "\u0159idi\u010d se pln\u011b nev\u011bnoval \u0159\u00edzen\u00ed vozidla", "x": 16.631073, "y": 49.1405, "mesic": 5, "objectid": 1496, "lehce_zran": 0}}, {"type": "Feature", "geometry": {"type": "Point", "coordinates": [16.606257, 49.193982]}, "properties": {"fid": 1496, "den": 13, "usmrceno": 0, "druh": "sr\u00e1\u017eka s vozidlem zaparkovan\u00fdm, odstaven\u00fdm", "rok": 2015, "hmotna_sko": 20000, "cas": "0:00:00", "tezce_zran": 0, "pricina": "\u0159idi\u010d se pln\u011b nev\u011bnoval \u0159\u00edzen\u00ed vozidla", "x": 16.606257, "y": 49.193982, "mesic": 5, "objectid": 1497, "lehce_zran": 0}}, {"type": "Feature", "geometry": {"type": "Point", "coordinates": [16.627272, 49.190259]}, "properties": {"fid": 1497, "den": 15, "usmrceno": 0, "druh": "sr\u00e1\u017eka s vozidlem zaparkovan\u00fdm, odstaven\u00fdm", "rok": 2015, "hmotna_sko": 10000, "cas": "0:00:00", "tezce_zran": 0, "pricina": "\u0159idi\u010d se pln\u011b nev\u011bnoval \u0159\u00edzen\u00ed vozidla", "x": 16.627272, "y": 49.190259, "mesic": 5, "objectid": 1498, "lehce_zran": 0}}, {"type": "Feature", "geometry": {"type": "Point", "coordinates": [16.622327, 49.18909]}, "properties": {"fid": 1498, "den": 15, "usmrceno": 0, "druh": "sr\u00e1\u017eka s vozidlem zaparkovan\u00fdm, odstaven\u00fdm", "rok": 2015, "hmotna_sko": 20000, "cas": "0:00:00", "tezce_zran": 0, "pricina": "nespr\u00e1vn\u00e9 ot\u00e1\u010den\u00ed nebo couv\u00e1n\u00ed", "x": 16.622327, "y": 49.18909, "mesic": 5, "objectid": 1499, "lehce_zran": 0}}, {"type": "Feature", "geometry": {"type": "Point", "coordinates": [16.491343, 49.181518]}, "properties": {"fid": 1499, "den": 13, "usmrceno": 0, "druh": "sr\u00e1\u017eka s pevnou p\u0159ek\u00e1\u017ekou", "rok": 2015, "hmotna_sko": 5000, "cas": "0:00:00", "tezce_zran": 0, "pricina": "nep\u0159izp\u016fsoben\u00ed rychlosti viditelnosti (mlha, soumrak, j\u00edzda v noci na tlumen\u00e1 sv\u011btla apod.)", "x": 16.491343, "y": 49.181518, "mesic": 5, "objectid": 1500, "lehce_zran": 0}}, {"type": "Feature", "geometry": {"type": "Point", "coordinates": [16.661974, 49.162239]}, "properties": {"fid": 1500, "den": 2, "usmrceno": 0, "druh": "sr\u00e1\u017eka s vozidlem zaparkovan\u00fdm, odstaven\u00fdm", "rok": 2015, "hmotna_sko": 60000, "cas": "0:00:00", "tezce_zran": 0, "pricina": "\u0159idi\u010d se pln\u011b nev\u011bnoval \u0159\u00edzen\u00ed vozidla", "x": 16.661974, "y": 49.162239, "mesic": 5, "objectid": 1501, "lehce_zran": 0}}, {"type": "Feature", "geometry": {"type": "Point", "coordinates": [16.721439, 49.184476]}, "properties": {"fid": 1501, "den": 8, "usmrceno": 0, "druh": "sr\u00e1\u017eka s jedouc\u00edm nekolejov\u00fdm vozidlem", "rok": 2015, "hmotna_sko": 50000, "cas": "0:00:00", "tezce_zran": 0, "pricina": "p\u0159i p\u0159ej\u00ed\u017ed\u011bn\u00ed z jednoho j\u00edzdn\u00edho pruhu do druh\u00e9ho", "x": 16.721439, "y": 49.184476, "mesic": 5, "objectid": 1502, "lehce_zran": 0}}, {"type": "Feature", "geometry": {"type": "Point", "coordinates": [16.601698, 49.144111]}, "properties": {"fid": 1502, "den": 3, "usmrceno": 0, "druh": "sr\u00e1\u017eka s jedouc\u00edm nekolejov\u00fdm vozidlem", "rok": 2015, "hmotna_sko": 2000, "cas": "0:00:00", "tezce_zran": 0, "pricina": "\u0159idi\u010d se pln\u011b nev\u011bnoval \u0159\u00edzen\u00ed vozidla", "x": 16.601698, "y": 49.144111, "mesic": 5, "objectid": 1503, "lehce_zran": 0}}, {"type": "Feature", "geometry": {"type": "Point", "coordinates": [16.600446, 49.201703]}, "properties": {"fid": 1503, "den": 4, "usmrceno": 0, "druh": "sr\u00e1\u017eka s vozidlem zaparkovan\u00fdm, odstaven\u00fdm", "rok": 2015, "hmotna_sko": 10000, "cas": "0:00:00", "tezce_zran": 0, "pricina": "\u0159idi\u010d se pln\u011b nev\u011bnoval \u0159\u00edzen\u00ed vozidla", "x": 16.600446, "y": 49.201703, "mesic": 5, "objectid": 1504, "lehce_zran": 0}}, {"type": "Feature", "geometry": {"type": "Point", "coordinates": [16.598726, 49.201045]}, "properties": {"fid": 1505, "den": 11, "usmrceno": 0, "druh": "sr\u00e1\u017eka s vozidlem zaparkovan\u00fdm, odstaven\u00fdm", "rok": 2015, "hmotna_sko": 20000, "cas": "0:00:00", "tezce_zran": 0, "pricina": "\u0159idi\u010d se pln\u011b nev\u011bnoval \u0159\u00edzen\u00ed vozidla", "x": 16.598726, "y": 49.201045, "mesic": 5, "objectid": 1506, "lehce_zran": 0}}, {"type": "Feature", "geometry": {"type": "Point", "coordinates": [16.628005, 49.15794]}, "properties": {"fid": 1506, "den": 11, "usmrceno": 0, "druh": "sr\u00e1\u017eka s vozidlem zaparkovan\u00fdm, odstaven\u00fdm", "rok": 2015, "hmotna_sko": 20000, "cas": "0:00:00", "tezce_zran": 0, "pricina": "\u0159idi\u010d se pln\u011b nev\u011bnoval \u0159\u00edzen\u00ed vozidla", "x": 16.628005, "y": 49.15794, "mesic": 5, "objectid": 1507, "lehce_zran": 0}}, {"type": "Feature", "geometry": {"type": "Point", "coordinates": [16.528365, 49.195001]}, "properties": {"fid": 1508, "den": 19, "usmrceno": 0, "druh": "sr\u00e1\u017eka s vozidlem zaparkovan\u00fdm, odstaven\u00fdm", "rok": 2015, "hmotna_sko": 20000, "cas": "0:00:00", "tezce_zran": 0, "pricina": "\u0159idi\u010d se pln\u011b nev\u011bnoval \u0159\u00edzen\u00ed vozidla", "x": 16.528365, "y": 49.195001, "mesic": 5, "objectid": 1509, "lehce_zran": 0}}, {"type": "Feature", "geometry": {"type": "Point", "coordinates": [16.68669, 49.212428]}, "properties": {"fid": 1510, "den": 27, "usmrceno": 0, "druh": "sr\u00e1\u017eka s vozidlem zaparkovan\u00fdm, odstaven\u00fdm", "rok": 2015, "hmotna_sko": 10000, "cas": "0:00:00", "tezce_zran": 0, "pricina": "\u0159idi\u010d se pln\u011b nev\u011bnoval \u0159\u00edzen\u00ed vozidla", "x": 16.68669, "y": 49.212428, "mesic": 5, "objectid": 1511, "lehce_zran": 0}}, {"type": "Feature", "geometry": {"type": "Point", "coordinates": [16.629001, 49.155796]}, "properties": {"fid": 1512, "den": 8, "usmrceno": 0, "druh": "sr\u00e1\u017eka s vozidlem zaparkovan\u00fdm, odstaven\u00fdm", "rok": 2015, "hmotna_sko": 5000, "cas": "0:00:00", "tezce_zran": 0, "pricina": "\u0159idi\u010d se pln\u011b nev\u011bnoval \u0159\u00edzen\u00ed vozidla", "x": 16.629001, "y": 49.155796, "mesic": 5, "objectid": 1513, "lehce_zran": 0}}, {"type": "Feature", "geometry": {"type": "Point", "coordinates": [16.623806, 49.142538]}, "properties": {"fid": 1513, "den": 15, "usmrceno": 0, "druh": "sr\u00e1\u017eka s pevnou p\u0159ek\u00e1\u017ekou", "rok": 2015, "hmotna_sko": 20000, "cas": "0:00:00", "tezce_zran": 0, "pricina": "vyh\u00fdb\u00e1n\u00ed bez dostate\u010dn\u00e9ho bo\u010dn\u00edho odstupu (v\u016fle)", "x": 16.623806, "y": 49.142538, "mesic": 5, "objectid": 1514, "lehce_zran": 0}}, {"type": "Feature", "geometry": {"type": "Point", "coordinates": [16.634824, 49.136375]}, "properties": {"fid": 1514, "den": 26, "usmrceno": 0, "druh": "sr\u00e1\u017eka s vozidlem zaparkovan\u00fdm, odstaven\u00fdm", "rok": 2015, "hmotna_sko": 10000, "cas": "0:00:00", "tezce_zran": 0, "pricina": "\u0159idi\u010d se pln\u011b nev\u011bnoval \u0159\u00edzen\u00ed vozidla", "x": 16.634824, "y": 49.136375, "mesic": 5, "objectid": 1515, "lehce_zran": 0}}, {"type": "Feature", "geometry": {"type": "Point", "coordinates": [16.620826, 49.225753]}, "properties": {"fid": 1515, "den": 21, "usmrceno": 0, "druh": "jin\u00fd druh nehody", "rok": 2015, "hmotna_sko": 15000, "cas": "0:00:00", "tezce_zran": 0, "pricina": "\u0159idi\u010d se pln\u011b nev\u011bnoval \u0159\u00edzen\u00ed vozidla", "x": 16.620826, "y": 49.225753, "mesic": 5, "objectid": 1516, "lehce_zran": 0}}, {"type": "Feature", "geometry": {"type": "Point", "coordinates": [16.583766, 49.173172]}, "properties": {"fid": 1516, "den": 19, "usmrceno": 0, "druh": "sr\u00e1\u017eka s jedouc\u00edm nekolejov\u00fdm vozidlem", "rok": 2015, "hmotna_sko": 20000, "cas": "0:00:00", "tezce_zran": 0, "pricina": "\u0159idi\u010d se pln\u011b nev\u011bnoval \u0159\u00edzen\u00ed vozidla", "x": 16.583766, "y": 49.173172, "mesic": 5, "objectid": 1517, "lehce_zran": 0}}, {"type": "Feature", "geometry": {"type": "Point", "coordinates": [16.505046, 49.234628]}, "properties": {"fid": 1517, "den": 12, "usmrceno": 0, "druh": "sr\u00e1\u017eka s jedouc\u00edm nekolejov\u00fdm vozidlem", "rok": 2015, "hmotna_sko": 20000, "cas": "0:00:00", "tezce_zran": 0, "pricina": "vyh\u00fdb\u00e1n\u00ed bez dostate\u010dn\u00e9ho bo\u010dn\u00edho odstupu (v\u016fle)", "x": 16.505046, "y": 49.234628, "mesic": 5, "objectid": 1518, "lehce_zran": 0}}, {"type": "Feature", "geometry": {"type": "Point", "coordinates": [16.512693, 49.217199]}, "properties": {"fid": 1518, "den": 12, "usmrceno": 0, "druh": "sr\u00e1\u017eka s vozidlem zaparkovan\u00fdm, odstaven\u00fdm", "rok": 2015, "hmotna_sko": 30000, "cas": "0:00:00", "tezce_zran": 0, "pricina": "\u0159idi\u010d se pln\u011b nev\u011bnoval \u0159\u00edzen\u00ed vozidla", "x": 16.512693, "y": 49.217199, "mesic": 5, "objectid": 1519, "lehce_zran": 0}}, {"type": "Feature", "geometry": {"type": "Point", "coordinates": [16.67966, 49.178921]}, "properties": {"fid": 1521, "den": 14, "usmrceno": 0, "druh": "sr\u00e1\u017eka s pevnou p\u0159ek\u00e1\u017ekou", "rok": 2015, "hmotna_sko": 18000, "cas": "0:00:00", "tezce_zran": 0, "pricina": "vyh\u00fdb\u00e1n\u00ed bez dostate\u010dn\u00e9ho bo\u010dn\u00edho odstupu (v\u016fle)", "x": 16.67966, "y": 49.178921, "mesic": 5, "objectid": 1522, "lehce_zran": 0}}, {"type": "Feature", "geometry": {"type": "Point", "coordinates": [16.587014, 49.210476]}, "properties": {"fid": 1522, "den": 10, "usmrceno": 0, "druh": "sr\u00e1\u017eka s vozidlem zaparkovan\u00fdm, odstaven\u00fdm", "rok": 2015, "hmotna_sko": 10000, "cas": "0:00:00", "tezce_zran": 0, "pricina": "\u0159idi\u010d se pln\u011b nev\u011bnoval \u0159\u00edzen\u00ed vozidla", "x": 16.587014, "y": 49.210476, "mesic": 5, "objectid": 1523, "lehce_zran": 0}}, {"type": "Feature", "geometry": {"type": "Point", "coordinates": [16.572325, 49.164703]}, "properties": {"fid": 1523, "den": 21, "usmrceno": 0, "druh": "sr\u00e1\u017eka s pevnou p\u0159ek\u00e1\u017ekou", "rok": 2015, "hmotna_sko": 20000, "cas": "0:00:00", "tezce_zran": 0, "pricina": "\u0159idi\u010d se pln\u011b nev\u011bnoval \u0159\u00edzen\u00ed vozidla", "x": 16.572325, "y": 49.164703, "mesic": 5, "objectid": 1524, "lehce_zran": 0}}, {"type": "Feature", "geometry": {"type": "Point", "coordinates": [16.590491, 49.209915]}, "properties": {"fid": 1524, "den": 18, "usmrceno": 0, "druh": "sr\u00e1\u017eka s vozidlem zaparkovan\u00fdm, odstaven\u00fdm", "rok": 2015, "hmotna_sko": 2000, "cas": "0:00:00", "tezce_zran": 0, "pricina": "\u0159idi\u010d se pln\u011b nev\u011bnoval \u0159\u00edzen\u00ed vozidla", "x": 16.590491, "y": 49.209915, "mesic": 5, "objectid": 1525, "lehce_zran": 0}}, {"type": "Feature", "geometry": {"type": "Point", "coordinates": [16.579864, 49.150037]}, "properties": {"fid": 1525, "den": 29, "usmrceno": 0, "druh": "sr\u00e1\u017eka s vozidlem zaparkovan\u00fdm, odstaven\u00fdm", "rok": 2015, "hmotna_sko": 10000, "cas": "0:00:00", "tezce_zran": 0, "pricina": "\u0159idi\u010d se pln\u011b nev\u011bnoval \u0159\u00edzen\u00ed vozidla", "x": 16.579864, "y": 49.150037, "mesic": 5, "objectid": 1526, "lehce_zran": 0}}, {"type": "Feature", "geometry": {"type": "Point", "coordinates": [16.615634, 49.188227]}, "properties": {"fid": 1526, "den": 20, "usmrceno": 0, "druh": "sr\u00e1\u017eka s vozidlem zaparkovan\u00fdm, odstaven\u00fdm", "rok": 2015, "hmotna_sko": 20000, "cas": "0:00:00", "tezce_zran": 0, "pricina": "\u0159idi\u010d se pln\u011b nev\u011bnoval \u0159\u00edzen\u00ed vozidla", "x": 16.615634, "y": 49.188227, "mesic": 5, "objectid": 1527, "lehce_zran": 0}}, {"type": "Feature", "geometry": {"type": "Point", "coordinates": [16.626, 49.178497]}, "properties": {"fid": 1527, "den": 18, "usmrceno": 0, "druh": "sr\u00e1\u017eka s vozidlem zaparkovan\u00fdm, odstaven\u00fdm", "rok": 2015, "hmotna_sko": 50000, "cas": "0:00:00", "tezce_zran": 0, "pricina": "\u0159idi\u010d se pln\u011b nev\u011bnoval \u0159\u00edzen\u00ed vozidla", "x": 16.626, "y": 49.178497, "mesic": 5, "objectid": 1528, "lehce_zran": 0}}, {"type": "Feature", "geometry": {"type": "Point", "coordinates": [16.6602, 49.162485]}, "properties": {"fid": 1528, "den": 21, "usmrceno": 0, "druh": "sr\u00e1\u017eka s vozidlem zaparkovan\u00fdm, odstaven\u00fdm", "rok": 2015, "hmotna_sko": 20000, "cas": "0:00:00", "tezce_zran": 0, "pricina": "jin\u00fd druh nespr\u00e1vn\u00e9ho zp\u016fsobu j\u00edzdy", "x": 16.6602, "y": 49.162485, "mesic": 5, "objectid": 1529, "lehce_zran": 0}}, {"type": "Feature", "geometry": {"type": "Point", "coordinates": [16.59957, 49.179713]}, "properties": {"fid": 1529, "den": 25, "usmrceno": 0, "druh": "sr\u00e1\u017eka s vozidlem zaparkovan\u00fdm, odstaven\u00fdm", "rok": 2015, "hmotna_sko": 15000, "cas": "0:00:00", "tezce_zran": 0, "pricina": "\u0159idi\u010d se pln\u011b nev\u011bnoval \u0159\u00edzen\u00ed vozidla", "x": 16.59957, "y": 49.179713, "mesic": 5, "objectid": 1530, "lehce_zran": 0}}, {"type": "Feature", "geometry": {"type": "Point", "coordinates": [16.456012, 49.18699]}, "properties": {"fid": 1531, "den": 2, "usmrceno": 0, "druh": "sr\u00e1\u017eka s jedouc\u00edm nekolejov\u00fdm vozidlem", "rok": 2015, "hmotna_sko": 20000, "cas": "0:00:00", "tezce_zran": 0, "pricina": "nedodr\u017een\u00ed bezpe\u010dn\u00e9 vzd\u00e1lenosti za vozidlem", "x": 16.456012, "y": 49.18699, "mesic": 5, "objectid": 1532, "lehce_zran": 0}}, {"type": "Feature", "geometry": {"type": "Point", "coordinates": [16.626832, 49.215779]}, "properties": {"fid": 1532, "den": 29, "usmrceno": 0, "druh": "sr\u00e1\u017eka s vozidlem zaparkovan\u00fdm, odstaven\u00fdm", "rok": 2015, "hmotna_sko": 5000, "cas": "0:00:00", "tezce_zran": 0, "pricina": "\u0159idi\u010d se pln\u011b nev\u011bnoval \u0159\u00edzen\u00ed vozidla", "x": 16.626832, "y": 49.215779, "mesic": 5, "objectid": 1533, "lehce_zran": 0}}, {"type": "Feature", "geometry": {"type": "Point", "coordinates": [16.608464, 49.183659]}, "properties": {"fid": 1535, "den": 18, "usmrceno": 0, "druh": "sr\u00e1\u017eka s pevnou p\u0159ek\u00e1\u017ekou", "rok": 2015, "hmotna_sko": 8000, "cas": "0:00:00", "tezce_zran": 0, "pricina": "\u0159idi\u010d se pln\u011b nev\u011bnoval \u0159\u00edzen\u00ed vozidla", "x": 16.608464, "y": 49.183659, "mesic": 5, "objectid": 1536, "lehce_zran": 0}}, {"type": "Feature", "geometry": {"type": "Point", "coordinates": [16.614104, 49.196106]}, "properties": {"fid": 1536, "den": 17, "usmrceno": 0, "druh": "sr\u00e1\u017eka s vozidlem zaparkovan\u00fdm, odstaven\u00fdm", "rok": 2015, "hmotna_sko": 50000, "cas": "0:00:00", "tezce_zran": 0, "pricina": "\u0159idi\u010d se pln\u011b nev\u011bnoval \u0159\u00edzen\u00ed vozidla", "x": 16.614104, "y": 49.196106, "mesic": 5, "objectid": 1537, "lehce_zran": 0}}, {"type": "Feature", "geometry": {"type": "Point", "coordinates": [16.652125, 49.10793]}, "properties": {"fid": 1672, "den": 4, "usmrceno": 0, "druh": "sr\u00e1\u017eka s lesn\u00ed zv\u011b\u0159\u00ed", "rok": 2015, "hmotna_sko": 13000, "cas": "0:00:00", "tezce_zran": 0, "pricina": "nezavin\u011bn\u00e1 \u0159idi\u010dem", "x": 16.652125, "y": 49.10793, "mesic": 5, "objectid": 1673, "lehce_zran": 0}}, {"type": "Feature", "geometry": {"type": "Point", "coordinates": [16.617554, 49.20003]}, "properties": {"fid": 1537, "den": 13, "usmrceno": 0, "druh": "sr\u00e1\u017eka s vozidlem zaparkovan\u00fdm, odstaven\u00fdm", "rok": 2015, "hmotna_sko": 20000, "cas": "0:00:00", "tezce_zran": 0, "pricina": "\u0159idi\u010d se pln\u011b nev\u011bnoval \u0159\u00edzen\u00ed vozidla", "x": 16.617554, "y": 49.20003, "mesic": 5, "objectid": 1538, "lehce_zran": 0}}, {"type": "Feature", "geometry": {"type": "Point", "coordinates": [16.574933, 49.218205]}, "properties": {"fid": 1538, "den": 13, "usmrceno": 0, "druh": "sr\u00e1\u017eka s vozidlem zaparkovan\u00fdm, odstaven\u00fdm", "rok": 2015, "hmotna_sko": 5000, "cas": "0:00:00", "tezce_zran": 0, "pricina": "\u0159idi\u010d se pln\u011b nev\u011bnoval \u0159\u00edzen\u00ed vozidla", "x": 16.574933, "y": 49.218205, "mesic": 5, "objectid": 1539, "lehce_zran": 0}}, {"type": "Feature", "geometry": {"type": "Point", "coordinates": [16.672909, 49.146856]}, "properties": {"fid": 1539, "den": 20, "usmrceno": 0, "druh": "sr\u00e1\u017eka s pevnou p\u0159ek\u00e1\u017ekou", "rok": 2015, "hmotna_sko": 25000, "cas": "0:00:00", "tezce_zran": 0, "pricina": "\u0159idi\u010d se pln\u011b nev\u011bnoval \u0159\u00edzen\u00ed vozidla", "x": 16.672909, "y": 49.146856, "mesic": 5, "objectid": 1540, "lehce_zran": 0}}, {"type": "Feature", "geometry": {"type": "Point", "coordinates": [16.616398, 49.199562]}, "properties": {"fid": 1540, "den": 23, "usmrceno": 0, "druh": "sr\u00e1\u017eka s pevnou p\u0159ek\u00e1\u017ekou", "rok": 2015, "hmotna_sko": 15000, "cas": "0:00:00", "tezce_zran": 0, "pricina": "\u0159idi\u010d se pln\u011b nev\u011bnoval \u0159\u00edzen\u00ed vozidla", "x": 16.616398, "y": 49.199562, "mesic": 5, "objectid": 1541, "lehce_zran": 0}}, {"type": "Feature", "geometry": {"type": "Point", "coordinates": [16.579644, 49.23146]}, "properties": {"fid": 1541, "den": 21, "usmrceno": 0, "druh": "sr\u00e1\u017eka s pevnou p\u0159ek\u00e1\u017ekou", "rok": 2015, "hmotna_sko": 10000, "cas": "0:00:00", "tezce_zran": 0, "pricina": "\u0159idi\u010d se pln\u011b nev\u011bnoval \u0159\u00edzen\u00ed vozidla", "x": 16.579644, "y": 49.23146, "mesic": 5, "objectid": 1542, "lehce_zran": 0}}, {"type": "Feature", "geometry": {"type": "Point", "coordinates": [16.65879, 49.206342]}, "properties": {"fid": 1542, "den": 18, "usmrceno": 0, "druh": "sr\u00e1\u017eka s vozidlem zaparkovan\u00fdm, odstaven\u00fdm", "rok": 2015, "hmotna_sko": 10000, "cas": "0:00:00", "tezce_zran": 0, "pricina": "\u0159idi\u010d se pln\u011b nev\u011bnoval \u0159\u00edzen\u00ed vozidla", "x": 16.65879, "y": 49.206342, "mesic": 5, "objectid": 1543, "lehce_zran": 0}}, {"type": "Feature", "geometry": {"type": "Point", "coordinates": [16.551269, 49.177893]}, "properties": {"fid": 1543, "den": 29, "usmrceno": 0, "druh": "sr\u00e1\u017eka s vozidlem zaparkovan\u00fdm, odstaven\u00fdm", "rok": 2015, "hmotna_sko": 5000, "cas": "0:00:00", "tezce_zran": 0, "pricina": "\u0159idi\u010d se pln\u011b nev\u011bnoval \u0159\u00edzen\u00ed vozidla", "x": 16.551269, "y": 49.177893, "mesic": 5, "objectid": 1544, "lehce_zran": 0}}, {"type": "Feature", "geometry": {"type": "Point", "coordinates": [16.531952, 49.227556]}, "properties": {"fid": 1544, "den": 28, "usmrceno": 0, "druh": "sr\u00e1\u017eka s pevnou p\u0159ek\u00e1\u017ekou", "rok": 2015, "hmotna_sko": 52000, "cas": "0:00:00", "tezce_zran": 0, "pricina": "nezvl\u00e1dnut\u00ed \u0159\u00edzen\u00ed vozidla", "x": 16.531952, "y": 49.227556, "mesic": 5, "objectid": 1545, "lehce_zran": 0}}, {"type": "Feature", "geometry": {"type": "Point", "coordinates": [16.592209, 49.233977]}, "properties": {"fid": 1547, "den": 4, "usmrceno": 0, "druh": "sr\u00e1\u017eka s pevnou p\u0159ek\u00e1\u017ekou", "rok": 2015, "hmotna_sko": 49000, "cas": "0:00:00", "tezce_zran": 0, "pricina": "\u0159idi\u010d se pln\u011b nev\u011bnoval \u0159\u00edzen\u00ed vozidla", "x": 16.592209, "y": 49.233977, "mesic": 5, "objectid": 1548, "lehce_zran": 0}}, {"type": "Feature", "geometry": {"type": "Point", "coordinates": [16.491013, 49.181574]}, "properties": {"fid": 1550, "den": 2, "usmrceno": 0, "druh": "sr\u00e1\u017eka s pevnou p\u0159ek\u00e1\u017ekou", "rok": 2015, "hmotna_sko": 25000, "cas": "0:00:00", "tezce_zran": 0, "pricina": "\u0159idi\u010d se pln\u011b nev\u011bnoval \u0159\u00edzen\u00ed vozidla", "x": 16.491013, "y": 49.181574, "mesic": 5, "objectid": 1551, "lehce_zran": 0}}, {"type": "Feature", "geometry": {"type": "Point", "coordinates": [16.453795, 49.191954]}, "properties": {"fid": 1553, "den": 10, "usmrceno": 0, "druh": "sr\u00e1\u017eka s lesn\u00ed zv\u011b\u0159\u00ed", "rok": 2015, "hmotna_sko": 26000, "cas": "0:00:00", "tezce_zran": 0, "pricina": "nezavin\u011bn\u00e1 \u0159idi\u010dem", "x": 16.453795, "y": 49.191954, "mesic": 5, "objectid": 1554, "lehce_zran": 0}}, {"type": "Feature", "geometry": {"type": "Point", "coordinates": [16.704627, 49.142974]}, "properties": {"fid": 1554, "den": 7, "usmrceno": 0, "druh": "sr\u00e1\u017eka s lesn\u00ed zv\u011b\u0159\u00ed", "rok": 2015, "hmotna_sko": 16000, "cas": "0:00:00", "tezce_zran": 0, "pricina": "nezavin\u011bn\u00e1 \u0159idi\u010dem", "x": 16.704627, "y": 49.142974, "mesic": 5, "objectid": 1555, "lehce_zran": 0}}, {"type": "Feature", "geometry": {"type": "Point", "coordinates": [16.567018, 49.175755]}, "properties": {"fid": 1555, "den": 20, "usmrceno": 0, "druh": "sr\u00e1\u017eka s pevnou p\u0159ek\u00e1\u017ekou", "rok": 2015, "hmotna_sko": 2000, "cas": "0:00:00", "tezce_zran": 0, "pricina": "\u0159idi\u010d se pln\u011b nev\u011bnoval \u0159\u00edzen\u00ed vozidla", "x": 16.567018, "y": 49.175755, "mesic": 5, "objectid": 1556, "lehce_zran": 0}}, {"type": "Feature", "geometry": {"type": "Point", "coordinates": [16.400956, 49.181294]}, "properties": {"fid": 1556, "den": 21, "usmrceno": 0, "druh": "sr\u00e1\u017eka s pevnou p\u0159ek\u00e1\u017ekou", "rok": 2015, "hmotna_sko": 6000, "cas": "0:00:00", "tezce_zran": 0, "pricina": "nespr\u00e1vn\u00e9 ot\u00e1\u010den\u00ed nebo couv\u00e1n\u00ed", "x": 16.400956, "y": 49.181294, "mesic": 5, "objectid": 1557, "lehce_zran": 0}}, {"type": "Feature", "geometry": {"type": "Point", "coordinates": [16.621936, 49.199607]}, "properties": {"fid": 1557, "den": 19, "usmrceno": 0, "druh": "sr\u00e1\u017eka s vozidlem zaparkovan\u00fdm, odstaven\u00fdm", "rok": 2015, "hmotna_sko": 20000, "cas": "0:00:00", "tezce_zran": 0, "pricina": "\u0159idi\u010d se pln\u011b nev\u011bnoval \u0159\u00edzen\u00ed vozidla", "x": 16.621936, "y": 49.199607, "mesic": 5, "objectid": 1558, "lehce_zran": 0}}, {"type": "Feature", "geometry": {"type": "Point", "coordinates": [16.704162, 49.177153]}, "properties": {"fid": 1558, "den": 3, "usmrceno": 0, "druh": "sr\u00e1\u017eka s lesn\u00ed zv\u011b\u0159\u00ed", "rok": 2015, "hmotna_sko": 83900, "cas": "0:00:00", "tezce_zran": 0, "pricina": "nezavin\u011bn\u00e1 \u0159idi\u010dem", "x": 16.704162, "y": 49.177153, "mesic": 5, "objectid": 1559, "lehce_zran": 0}}, {"type": "Feature", "geometry": {"type": "Point", "coordinates": [16.586014, 49.169693]}, "properties": {"fid": 1559, "den": 21, "usmrceno": 0, "druh": "sr\u00e1\u017eka s vozidlem zaparkovan\u00fdm, odstaven\u00fdm", "rok": 2015, "hmotna_sko": 151000, "cas": "0:00:00", "tezce_zran": 0, "pricina": "nep\u0159izp\u016fsoben\u00ed rychlosti stavu vozovky (n\u00e1led\u00ed, v\u00fdtluky, bl\u00e1to, mokr\u00fd povrch apod.)", "x": 16.586014, "y": 49.169693, "mesic": 5, "objectid": 1560, "lehce_zran": 0}}, {"type": "Feature", "geometry": {"type": "Point", "coordinates": [16.526697, 49.130804]}, "properties": {"fid": 1560, "den": 14, "usmrceno": 0, "druh": "sr\u00e1\u017eka s jedouc\u00edm nekolejov\u00fdm vozidlem", "rok": 2015, "hmotna_sko": 135000, "cas": "0:00:00", "tezce_zran": 0, "pricina": "nep\u0159izp\u016fsoben\u00ed rychlosti dopravn\u011b technick\u00e9mu stavu vozovky (zat\u00e1\u010dka, kles\u00e1n\u00ed, stoup\u00e1n\u00ed, \u0161\u00ed\u0159ka vozovky apod.)", "x": 16.526697, "y": 49.130804, "mesic": 5, "objectid": 1561, "lehce_zran": 0}}, {"type": "Feature", "geometry": {"type": "Point", "coordinates": [16.638079, 49.159961]}, "properties": {"fid": 1561, "den": 16, "usmrceno": 0, "druh": "sr\u00e1\u017eka s pevnou p\u0159ek\u00e1\u017ekou", "rok": 2015, "hmotna_sko": 1550000, "cas": "0:00:00", "tezce_zran": 0, "pricina": "nep\u0159izp\u016fsoben\u00ed rychlosti vlastnostem vozidla a n\u00e1kladu", "x": 16.638079, "y": 49.159961, "mesic": 5, "objectid": 1562, "lehce_zran": 0}}, {"type": "Feature", "geometry": {"type": "Point", "coordinates": [16.731436, 49.139484]}, "properties": {"fid": 1563, "den": 20, "usmrceno": 0, "druh": "sr\u00e1\u017eka s pevnou p\u0159ek\u00e1\u017ekou", "rok": 2015, "hmotna_sko": 225000, "cas": "0:00:00", "tezce_zran": 0, "pricina": "\u0159idi\u010d se pln\u011b nev\u011bnoval \u0159\u00edzen\u00ed vozidla", "x": 16.731436, "y": 49.139484, "mesic": 5, "objectid": 1564, "lehce_zran": 0}}, {"type": "Feature", "geometry": {"type": "Point", "coordinates": [16.471859, 49.258573]}, "properties": {"fid": 1997, "den": 12, "usmrceno": 0, "druh": "sr\u00e1\u017eka s lesn\u00ed zv\u011b\u0159\u00ed", "rok": 2015, "hmotna_sko": 40000, "cas": "0:00:00", "tezce_zran": 0, "pricina": "nezavin\u011bn\u00e1 \u0159idi\u010dem", "x": 16.471859, "y": 49.258573, "mesic": 6, "objectid": 1998, "lehce_zran": 0}}, {"type": "Feature", "geometry": {"type": "Point", "coordinates": [16.621361, 49.184429]}, "properties": {"fid": 1564, "den": 19, "usmrceno": 0, "druh": "sr\u00e1\u017eka s jedouc\u00edm nekolejov\u00fdm vozidlem", "rok": 2015, "hmotna_sko": 60000, "cas": "0:00:00", "tezce_zran": 0, "pricina": "nedodr\u017een\u00ed bezpe\u010dn\u00e9 vzd\u00e1lenosti za vozidlem", "x": 16.621361, "y": 49.184429, "mesic": 5, "objectid": 1565, "lehce_zran": 0}}, {"type": "Feature", "geometry": {"type": "Point", "coordinates": [16.616738, 49.196244]}, "properties": {"fid": 1565, "den": 21, "usmrceno": 0, "druh": "sr\u00e1\u017eka s vozidlem zaparkovan\u00fdm, odstaven\u00fdm", "rok": 2015, "hmotna_sko": 10000, "cas": "0:00:00", "tezce_zran": 0, "pricina": "\u0159idi\u010d se pln\u011b nev\u011bnoval \u0159\u00edzen\u00ed vozidla", "x": 16.616738, "y": 49.196244, "mesic": 5, "objectid": 1566, "lehce_zran": 0}}, {"type": "Feature", "geometry": {"type": "Point", "coordinates": [16.619895, 49.203323]}, "properties": {"fid": 1566, "den": 20, "usmrceno": 0, "druh": "sr\u00e1\u017eka s pevnou p\u0159ek\u00e1\u017ekou", "rok": 2015, "hmotna_sko": 12000, "cas": "0:00:00", "tezce_zran": 0, "pricina": "\u0159idi\u010d se pln\u011b nev\u011bnoval \u0159\u00edzen\u00ed vozidla", "x": 16.619895, "y": 49.203323, "mesic": 5, "objectid": 1567, "lehce_zran": 0}}, {"type": "Feature", "geometry": {"type": "Point", "coordinates": [16.593241, 49.199129]}, "properties": {"fid": 1567, "den": 19, "usmrceno": 0, "druh": "sr\u00e1\u017eka s jedouc\u00edm nekolejov\u00fdm vozidlem", "rok": 2015, "hmotna_sko": 25000, "cas": "0:00:00", "tezce_zran": 0, "pricina": "nedodr\u017een\u00ed bezpe\u010dn\u00e9 vzd\u00e1lenosti za vozidlem", "x": 16.593241, "y": 49.199129, "mesic": 5, "objectid": 1568, "lehce_zran": 0}}, {"type": "Feature", "geometry": {"type": "Point", "coordinates": [16.560042, 49.292957]}, "properties": {"fid": 1568, "den": 17, "usmrceno": 0, "druh": "sr\u00e1\u017eka s lesn\u00ed zv\u011b\u0159\u00ed", "rok": 2015, "hmotna_sko": 20000, "cas": "0:00:00", "tezce_zran": 0, "pricina": "nezavin\u011bn\u00e1 \u0159idi\u010dem", "x": 16.560042, "y": 49.292957, "mesic": 5, "objectid": 1569, "lehce_zran": 0}}, {"type": "Feature", "geometry": {"type": "Point", "coordinates": [16.759317, 49.282568]}, "properties": {"fid": 1570, "den": 30, "usmrceno": 0, "druh": "sr\u00e1\u017eka s pevnou p\u0159ek\u00e1\u017ekou", "rok": 2015, "hmotna_sko": 205000, "cas": "0:00:00", "tezce_zran": 0, "pricina": "nezvl\u00e1dnut\u00ed \u0159\u00edzen\u00ed vozidla", "x": 16.759317, "y": 49.282568, "mesic": 5, "objectid": 1571, "lehce_zran": 0}}, {"type": "Feature", "geometry": {"type": "Point", "coordinates": [16.658582, 49.208092]}, "properties": {"fid": 1571, "den": 29, "usmrceno": 0, "druh": "jin\u00fd druh nehody", "rok": 2015, "hmotna_sko": 10000, "cas": "0:00:00", "tezce_zran": 0, "pricina": "\u0159idi\u010d se pln\u011b nev\u011bnoval \u0159\u00edzen\u00ed vozidla", "x": 16.658582, "y": 49.208092, "mesic": 5, "objectid": 1572, "lehce_zran": 0}}, {"type": "Feature", "geometry": {"type": "Point", "coordinates": [16.672826, 49.139094]}, "properties": {"fid": 1575, "den": 7, "usmrceno": 0, "druh": "sr\u00e1\u017eka s jedouc\u00edm nekolejov\u00fdm vozidlem", "rok": 2015, "hmotna_sko": 210000, "cas": "0:00:00", "tezce_zran": 0, "pricina": "\u0159idi\u010d se pln\u011b nev\u011bnoval \u0159\u00edzen\u00ed vozidla", "x": 16.672826, "y": 49.139094, "mesic": 5, "objectid": 1576, "lehce_zran": 0}}, {"type": "Feature", "geometry": {"type": "Point", "coordinates": [16.60645, 49.189888]}, "properties": {"fid": 1576, "den": 27, "usmrceno": 0, "druh": "sr\u00e1\u017eka s vozidlem zaparkovan\u00fdm, odstaven\u00fdm", "rok": 2015, "hmotna_sko": 10000, "cas": "0:00:00", "tezce_zran": 0, "pricina": "\u0159idi\u010d se pln\u011b nev\u011bnoval \u0159\u00edzen\u00ed vozidla", "x": 16.60645, "y": 49.189888, "mesic": 5, "objectid": 1577, "lehce_zran": 0}}, {"type": "Feature", "geometry": {"type": "Point", "coordinates": [16.52294, 49.064921]}, "properties": {"fid": 1578, "den": 27, "usmrceno": 0, "druh": "sr\u00e1\u017eka s vozidlem zaparkovan\u00fdm, odstaven\u00fdm", "rok": 2015, "hmotna_sko": 20000, "cas": "0:00:00", "tezce_zran": 0, "pricina": "\u0159idi\u010d se pln\u011b nev\u011bnoval \u0159\u00edzen\u00ed vozidla", "x": 16.52294, "y": 49.064921, "mesic": 5, "objectid": 1579, "lehce_zran": 0}}, {"type": "Feature", "geometry": {"type": "Point", "coordinates": [16.619428, 49.187191]}, "properties": {"fid": 1579, "den": 15, "usmrceno": 0, "druh": "sr\u00e1\u017eka s jedouc\u00edm nekolejov\u00fdm vozidlem", "rok": 2015, "hmotna_sko": 140000, "cas": "0:00:00", "tezce_zran": 0, "pricina": "proti p\u0159\u00edkazu dopravn\u00ed zna\u010dky dej p\u0159ednost", "x": 16.619428, "y": 49.187191, "mesic": 5, "objectid": 1580, "lehce_zran": 0}}, {"type": "Feature", "geometry": {"type": "Point", "coordinates": [16.603536, 49.219363]}, "properties": {"fid": 1581, "den": 13, "usmrceno": 0, "druh": "sr\u00e1\u017eka s pevnou p\u0159ek\u00e1\u017ekou", "rok": 2015, "hmotna_sko": 32000, "cas": "0:00:00", "tezce_zran": 0, "pricina": "nep\u0159izp\u016fsoben\u00ed rychlosti stavu vozovky (n\u00e1led\u00ed, v\u00fdtluky, bl\u00e1to, mokr\u00fd povrch apod.)", "x": 16.603536, "y": 49.219363, "mesic": 5, "objectid": 1582, "lehce_zran": 0}}, {"type": "Feature", "geometry": {"type": "Point", "coordinates": [16.632188, 49.161905]}, "properties": {"fid": 1583, "den": 15, "usmrceno": 0, "druh": "sr\u00e1\u017eka s jedouc\u00edm nekolejov\u00fdm vozidlem", "rok": 2015, "hmotna_sko": 40000, "cas": "0:00:00", "tezce_zran": 0, "pricina": "p\u0159i p\u0159ej\u00ed\u017ed\u011bn\u00ed z jednoho j\u00edzdn\u00edho pruhu do druh\u00e9ho", "x": 16.632188, "y": 49.161905, "mesic": 5, "objectid": 1584, "lehce_zran": 0}}, {"type": "Feature", "geometry": {"type": "Point", "coordinates": [16.615213, 49.18707]}, "properties": {"fid": 1586, "den": 2, "usmrceno": 0, "druh": "sr\u00e1\u017eka s pevnou p\u0159ek\u00e1\u017ekou", "rok": 2015, "hmotna_sko": 20000, "cas": "0:00:00", "tezce_zran": 0, "pricina": "\u0159idi\u010d se pln\u011b nev\u011bnoval \u0159\u00edzen\u00ed vozidla", "x": 16.615213, "y": 49.18707, "mesic": 5, "objectid": 1587, "lehce_zran": 0}}, {"type": "Feature", "geometry": {"type": "Point", "coordinates": [16.504997, 49.193053]}, "properties": {"fid": 1587, "den": 2, "usmrceno": 0, "druh": "sr\u00e1\u017eka s lesn\u00ed zv\u011b\u0159\u00ed", "rok": 2015, "hmotna_sko": 35000, "cas": "0:00:00", "tezce_zran": 0, "pricina": "nezavin\u011bn\u00e1 \u0159idi\u010dem", "x": 16.504997, "y": 49.193053, "mesic": 5, "objectid": 1588, "lehce_zran": 0}}, {"type": "Feature", "geometry": {"type": "Point", "coordinates": [16.72342, 49.261991]}, "properties": {"fid": 1588, "den": 8, "usmrceno": 0, "druh": "sr\u00e1\u017eka s lesn\u00ed zv\u011b\u0159\u00ed", "rok": 2015, "hmotna_sko": 41000, "cas": "0:00:00", "tezce_zran": 0, "pricina": "nezavin\u011bn\u00e1 \u0159idi\u010dem", "x": 16.72342, "y": 49.261991, "mesic": 5, "objectid": 1589, "lehce_zran": 0}}, {"type": "Feature", "geometry": {"type": "Point", "coordinates": [16.629581, 49.15245]}, "properties": {"fid": 1589, "den": 9, "usmrceno": 0, "druh": "sr\u00e1\u017eka s vozidlem zaparkovan\u00fdm, odstaven\u00fdm", "rok": 2015, "hmotna_sko": 31000, "cas": "0:00:00", "tezce_zran": 0, "pricina": "nespr\u00e1vn\u00e9 ot\u00e1\u010den\u00ed nebo couv\u00e1n\u00ed", "x": 16.629581, "y": 49.15245, "mesic": 5, "objectid": 1590, "lehce_zran": 0}}, {"type": "Feature", "geometry": {"type": "Point", "coordinates": [16.523326, 49.220557]}, "properties": {"fid": 1591, "den": 20, "usmrceno": 0, "druh": "sr\u00e1\u017eka s vozidlem zaparkovan\u00fdm, odstaven\u00fdm", "rok": 2015, "hmotna_sko": 80000, "cas": "0:00:00", "tezce_zran": 0, "pricina": "\u0159idi\u010d se pln\u011b nev\u011bnoval \u0159\u00edzen\u00ed vozidla", "x": 16.523326, "y": 49.220557, "mesic": 5, "objectid": 1592, "lehce_zran": 0}}, {"type": "Feature", "geometry": {"type": "Point", "coordinates": [16.564379, 49.192897]}, "properties": {"fid": 1592, "den": 16, "usmrceno": 0, "druh": "sr\u00e1\u017eka s jedouc\u00edm nekolejov\u00fdm vozidlem", "rok": 2015, "hmotna_sko": 90000, "cas": "0:00:00", "tezce_zran": 0, "pricina": "\u0159idi\u010d se pln\u011b nev\u011bnoval \u0159\u00edzen\u00ed vozidla", "x": 16.564379, "y": 49.192897, "mesic": 5, "objectid": 1593, "lehce_zran": 0}}, {"type": "Feature", "geometry": {"type": "Point", "coordinates": [16.544798, 49.189945]}, "properties": {"fid": 1593, "den": 16, "usmrceno": 0, "druh": "sr\u00e1\u017eka s vozidlem zaparkovan\u00fdm, odstaven\u00fdm", "rok": 2015, "hmotna_sko": 10000, "cas": "0:00:00", "tezce_zran": 0, "pricina": "\u0159idi\u010d se pln\u011b nev\u011bnoval \u0159\u00edzen\u00ed vozidla", "x": 16.544798, "y": 49.189945, "mesic": 5, "objectid": 1594, "lehce_zran": 0}}, {"type": "Feature", "geometry": {"type": "Point", "coordinates": [16.664265, 49.208731]}, "properties": {"fid": 1594, "den": 12, "usmrceno": 0, "druh": "sr\u00e1\u017eka s jedouc\u00edm nekolejov\u00fdm vozidlem", "rok": 2015, "hmotna_sko": 20000, "cas": "0:00:00", "tezce_zran": 0, "pricina": "\u0159idi\u010d se pln\u011b nev\u011bnoval \u0159\u00edzen\u00ed vozidla", "x": 16.664265, "y": 49.208731, "mesic": 5, "objectid": 1595, "lehce_zran": 0}}, {"type": "Feature", "geometry": {"type": "Point", "coordinates": [16.539506, 49.192926]}, "properties": {"fid": 1595, "den": 11, "usmrceno": 0, "druh": "sr\u00e1\u017eka s vozidlem zaparkovan\u00fdm, odstaven\u00fdm", "rok": 2015, "hmotna_sko": 60000, "cas": "0:00:00", "tezce_zran": 0, "pricina": "\u0159idi\u010d se pln\u011b nev\u011bnoval \u0159\u00edzen\u00ed vozidla", "x": 16.539506, "y": 49.192926, "mesic": 5, "objectid": 1596, "lehce_zran": 0}}, {"type": "Feature", "geometry": {"type": "Point", "coordinates": [16.648001, 49.199602]}, "properties": {"fid": 1598, "den": 27, "usmrceno": 0, "druh": "sr\u00e1\u017eka s pevnou p\u0159ek\u00e1\u017ekou", "rok": 2015, "hmotna_sko": 10000, "cas": "0:00:00", "tezce_zran": 0, "pricina": "\u0159idi\u010d se pln\u011b nev\u011bnoval \u0159\u00edzen\u00ed vozidla", "x": 16.648001, "y": 49.199602, "mesic": 5, "objectid": 1599, "lehce_zran": 0}}, {"type": "Feature", "geometry": {"type": "Point", "coordinates": [16.59512, 49.187191]}, "properties": {"fid": 1599, "den": 26, "usmrceno": 0, "druh": "sr\u00e1\u017eka s jedouc\u00edm nekolejov\u00fdm vozidlem", "rok": 2015, "hmotna_sko": 11000, "cas": "0:00:00", "tezce_zran": 0, "pricina": "\u0159idi\u010d se pln\u011b nev\u011bnoval \u0159\u00edzen\u00ed vozidla", "x": 16.59512, "y": 49.187191, "mesic": 5, "objectid": 1600, "lehce_zran": 0}}, {"type": "Feature", "geometry": {"type": "Point", "coordinates": [16.599703, 49.160111]}, "properties": {"fid": 1600, "den": 22, "usmrceno": 0, "druh": "sr\u00e1\u017eka s jedouc\u00edm nekolejov\u00fdm vozidlem", "rok": 2015, "hmotna_sko": 90000, "cas": "0:00:00", "tezce_zran": 0, "pricina": "nedodr\u017een\u00ed bezpe\u010dn\u00e9 vzd\u00e1lenosti za vozidlem", "x": 16.599703, "y": 49.160111, "mesic": 5, "objectid": 1601, "lehce_zran": 0}}, {"type": "Feature", "geometry": {"type": "Point", "coordinates": [16.632409, 49.163802]}, "properties": {"fid": 1601, "den": 29, "usmrceno": 0, "druh": "sr\u00e1\u017eka s jedouc\u00edm nekolejov\u00fdm vozidlem", "rok": 2015, "hmotna_sko": 5000, "cas": "0:00:00", "tezce_zran": 0, "pricina": "\u0159idi\u010d se pln\u011b nev\u011bnoval \u0159\u00edzen\u00ed vozidla", "x": 16.632409, "y": 49.163802, "mesic": 5, "objectid": 1602, "lehce_zran": 0}}, {"type": "Feature", "geometry": {"type": "Point", "coordinates": [16.515548, 49.172548]}, "properties": {"fid": 1603, "den": 27, "usmrceno": 0, "druh": "sr\u00e1\u017eka s vozidlem zaparkovan\u00fdm, odstaven\u00fdm", "rok": 2015, "hmotna_sko": 230000, "cas": "0:00:00", "tezce_zran": 0, "pricina": "\u0159idi\u010d se pln\u011b nev\u011bnoval \u0159\u00edzen\u00ed vozidla", "x": 16.515548, "y": 49.172548, "mesic": 5, "objectid": 1604, "lehce_zran": 0}}, {"type": "Feature", "geometry": {"type": "Point", "coordinates": [16.567034, 49.175278]}, "properties": {"fid": 1604, "den": 13, "usmrceno": 0, "druh": "sr\u00e1\u017eka s pevnou p\u0159ek\u00e1\u017ekou", "rok": 2015, "hmotna_sko": 60000, "cas": "0:00:00", "tezce_zran": 0, "pricina": "\u0159idi\u010d se pln\u011b nev\u011bnoval \u0159\u00edzen\u00ed vozidla", "x": 16.567034, "y": 49.175278, "mesic": 5, "objectid": 1605, "lehce_zran": 0}}, {"type": "Feature", "geometry": {"type": "Point", "coordinates": [16.590932, 49.199348]}, "properties": {"fid": 1605, "den": 22, "usmrceno": 0, "druh": "sr\u00e1\u017eka s vozidlem zaparkovan\u00fdm, odstaven\u00fdm", "rok": 2015, "hmotna_sko": 11000, "cas": "0:00:00", "tezce_zran": 0, "pricina": "samovoln\u00e9 rozjet\u00ed nezaji\u0161t\u011bn\u00e9ho vozidla", "x": 16.590932, "y": 49.199348, "mesic": 5, "objectid": 1606, "lehce_zran": 0}}, {"type": "Feature", "geometry": {"type": "Point", "coordinates": [16.52786, 49.146842]}, "properties": {"fid": 1606, "den": 23, "usmrceno": 0, "druh": "sr\u00e1\u017eka s lesn\u00ed zv\u011b\u0159\u00ed", "rok": 2015, "hmotna_sko": 31000, "cas": "0:00:00", "tezce_zran": 0, "pricina": "nezavin\u011bn\u00e1 \u0159idi\u010dem", "x": 16.52786, "y": 49.146842, "mesic": 5, "objectid": 1607, "lehce_zran": 0}}, {"type": "Feature", "geometry": {"type": "Point", "coordinates": [16.710049, 49.18325]}, "properties": {"fid": 1607, "den": 9, "usmrceno": 0, "druh": "sr\u00e1\u017eka s pevnou p\u0159ek\u00e1\u017ekou", "rok": 2015, "hmotna_sko": 160000, "cas": "0:00:00", "tezce_zran": 0, "pricina": "nep\u0159izp\u016fsoben\u00ed rychlosti stavu vozovky (n\u00e1led\u00ed, v\u00fdtluky, bl\u00e1to, mokr\u00fd povrch apod.)", "x": 16.710049, "y": 49.18325, "mesic": 5, "objectid": 1608, "lehce_zran": 0}}, {"type": "Feature", "geometry": {"type": "Point", "coordinates": [16.484352, 49.21131]}, "properties": {"fid": 1608, "den": 3, "usmrceno": 0, "druh": "sr\u00e1\u017eka s pevnou p\u0159ek\u00e1\u017ekou", "rok": 2015, "hmotna_sko": 25000, "cas": "0:00:00", "tezce_zran": 0, "pricina": "nep\u0159izp\u016fsoben\u00ed rychlosti dopravn\u011b technick\u00e9mu stavu vozovky (zat\u00e1\u010dka, kles\u00e1n\u00ed, stoup\u00e1n\u00ed, \u0161\u00ed\u0159ka vozovky apod.)", "x": 16.484352, "y": 49.21131, "mesic": 5, "objectid": 1609, "lehce_zran": 0}}, {"type": "Feature", "geometry": {"type": "Point", "coordinates": [16.618322, 49.187579]}, "properties": {"fid": 1609, "den": 13, "usmrceno": 0, "druh": "sr\u00e1\u017eka s jedouc\u00edm nekolejov\u00fdm vozidlem", "rok": 2015, "hmotna_sko": 1000, "cas": "0:00:00", "tezce_zran": 0, "pricina": "\u0159idi\u010d se pln\u011b nev\u011bnoval \u0159\u00edzen\u00ed vozidla", "x": 16.618322, "y": 49.187579, "mesic": 5, "objectid": 1610, "lehce_zran": 0}}, {"type": "Feature", "geometry": {"type": "Point", "coordinates": [16.677788, 49.043909]}, "properties": {"fid": 1610, "den": 19, "usmrceno": 0, "druh": "sr\u00e1\u017eka s jedouc\u00edm nekolejov\u00fdm vozidlem", "rok": 2015, "hmotna_sko": 390000, "cas": "0:00:00", "tezce_zran": 0, "pricina": "\u0159idi\u010d se pln\u011b nev\u011bnoval \u0159\u00edzen\u00ed vozidla", "x": 16.677788, "y": 49.043909, "mesic": 5, "objectid": 1611, "lehce_zran": 0}}, {"type": "Feature", "geometry": {"type": "Point", "coordinates": [16.596317, 49.229313]}, "properties": {"fid": 1613, "den": 26, "usmrceno": 0, "druh": "sr\u00e1\u017eka s pevnou p\u0159ek\u00e1\u017ekou", "rok": 2015, "hmotna_sko": 13000, "cas": "0:00:00", "tezce_zran": 0, "pricina": "nespr\u00e1vn\u00e9 ot\u00e1\u010den\u00ed nebo couv\u00e1n\u00ed", "x": 16.596317, "y": 49.229313, "mesic": 5, "objectid": 1614, "lehce_zran": 0}}, {"type": "Feature", "geometry": {"type": "Point", "coordinates": [16.68796, 49.177025]}, "properties": {"fid": 1614, "den": 22, "usmrceno": 0, "druh": "sr\u00e1\u017eka s pevnou p\u0159ek\u00e1\u017ekou", "rok": 2015, "hmotna_sko": 60000, "cas": "0:00:00", "tezce_zran": 0, "pricina": "\u0159idi\u010d se pln\u011b nev\u011bnoval \u0159\u00edzen\u00ed vozidla", "x": 16.68796, "y": 49.177025, "mesic": 5, "objectid": 1615, "lehce_zran": 0}}, {"type": "Feature", "geometry": {"type": "Point", "coordinates": [16.654091, 49.140491]}, "properties": {"fid": 1615, "den": 22, "usmrceno": 0, "druh": "sr\u00e1\u017eka s pevnou p\u0159ek\u00e1\u017ekou", "rok": 2015, "hmotna_sko": 100000, "cas": "0:00:00", "tezce_zran": 0, "pricina": "jin\u00e1 technick\u00e1 z\u00e1vada (vztahuje se i na p\u0159\u00edpojn\u00e1 vozidla)", "x": 16.654091, "y": 49.140491, "mesic": 5, "objectid": 1616, "lehce_zran": 0}}, {"type": "Feature", "geometry": {"type": "Point", "coordinates": [16.565293, 49.168993]}, "properties": {"fid": 1616, "den": 26, "usmrceno": 0, "druh": "sr\u00e1\u017eka s vozidlem zaparkovan\u00fdm, odstaven\u00fdm", "rok": 2015, "hmotna_sko": 25000, "cas": "0:00:00", "tezce_zran": 0, "pricina": "\u0159idi\u010d se pln\u011b nev\u011bnoval \u0159\u00edzen\u00ed vozidla", "x": 16.565293, "y": 49.168993, "mesic": 5, "objectid": 1617, "lehce_zran": 0}}, {"type": "Feature", "geometry": {"type": "Point", "coordinates": [16.606887, 49.203715]}, "properties": {"fid": 1617, "den": 25, "usmrceno": 0, "druh": "sr\u00e1\u017eka s vozidlem zaparkovan\u00fdm, odstaven\u00fdm", "rok": 2015, "hmotna_sko": 10000, "cas": "0:00:00", "tezce_zran": 0, "pricina": "\u0159idi\u010d se pln\u011b nev\u011bnoval \u0159\u00edzen\u00ed vozidla", "x": 16.606887, "y": 49.203715, "mesic": 5, "objectid": 1618, "lehce_zran": 0}}, {"type": "Feature", "geometry": {"type": "Point", "coordinates": [16.568076, 49.193752]}, "properties": {"fid": 1618, "den": 26, "usmrceno": 0, "druh": "sr\u00e1\u017eka s jedouc\u00edm nekolejov\u00fdm vozidlem", "rok": 2015, "hmotna_sko": 25000, "cas": "0:00:00", "tezce_zran": 0, "pricina": "\u0159idi\u010d se pln\u011b nev\u011bnoval \u0159\u00edzen\u00ed vozidla", "x": 16.568076, "y": 49.193752, "mesic": 5, "objectid": 1619, "lehce_zran": 0}}, {"type": "Feature", "geometry": {"type": "Point", "coordinates": [16.597204, 49.191974]}, "properties": {"fid": 1619, "den": 28, "usmrceno": 0, "druh": "sr\u00e1\u017eka s pevnou p\u0159ek\u00e1\u017ekou", "rok": 2015, "hmotna_sko": 5000, "cas": "0:00:00", "tezce_zran": 0, "pricina": "\u0159idi\u010d se pln\u011b nev\u011bnoval \u0159\u00edzen\u00ed vozidla", "x": 16.597204, "y": 49.191974, "mesic": 5, "objectid": 1620, "lehce_zran": 0}}, {"type": "Feature", "geometry": {"type": "Point", "coordinates": [16.555256, 49.018567]}, "properties": {"fid": 1620, "den": 25, "usmrceno": 0, "druh": "sr\u00e1\u017eka s lesn\u00ed zv\u011b\u0159\u00ed", "rok": 2015, "hmotna_sko": 30500, "cas": "0:00:00", "tezce_zran": 0, "pricina": "nezavin\u011bn\u00e1 \u0159idi\u010dem", "x": 16.555256, "y": 49.018567, "mesic": 5, "objectid": 1621, "lehce_zran": 0}}, {"type": "Feature", "geometry": {"type": "Point", "coordinates": [16.604861, 49.219794]}, "properties": {"fid": 1623, "den": 12, "usmrceno": 0, "druh": "sr\u00e1\u017eka s pevnou p\u0159ek\u00e1\u017ekou", "rok": 2015, "hmotna_sko": 140000, "cas": "0:00:00", "tezce_zran": 0, "pricina": "\u0159idi\u010d se pln\u011b nev\u011bnoval \u0159\u00edzen\u00ed vozidla", "x": 16.604861, "y": 49.219794, "mesic": 5, "objectid": 1624, "lehce_zran": 0}}, {"type": "Feature", "geometry": {"type": "Point", "coordinates": [16.633992, 49.135907]}, "properties": {"fid": 1624, "den": 11, "usmrceno": 0, "druh": "sr\u00e1\u017eka s vozidlem zaparkovan\u00fdm, odstaven\u00fdm", "rok": 2015, "hmotna_sko": 15000, "cas": "0:00:00", "tezce_zran": 0, "pricina": "\u0159idi\u010d se pln\u011b nev\u011bnoval \u0159\u00edzen\u00ed vozidla", "x": 16.633992, "y": 49.135907, "mesic": 5, "objectid": 1625, "lehce_zran": 0}}, {"type": "Feature", "geometry": {"type": "Point", "coordinates": [16.58738, 49.19907]}, "properties": {"fid": 1627, "den": 24, "usmrceno": 0, "druh": "sr\u00e1\u017eka s pevnou p\u0159ek\u00e1\u017ekou", "rok": 2015, "hmotna_sko": 95000, "cas": "0:00:00", "tezce_zran": 0, "pricina": "nep\u0159izp\u016fsoben\u00ed rychlosti stavu vozovky (n\u00e1led\u00ed, v\u00fdtluky, bl\u00e1to, mokr\u00fd povrch apod.)", "x": 16.58738, "y": 49.19907, "mesic": 5, "objectid": 1628, "lehce_zran": 0}}, {"type": "Feature", "geometry": {"type": "Point", "coordinates": [16.600259, 49.098655]}, "properties": {"fid": 1628, "den": 26, "usmrceno": 0, "druh": "sr\u00e1\u017eka s pevnou p\u0159ek\u00e1\u017ekou", "rok": 2015, "hmotna_sko": 70000, "cas": "0:00:00", "tezce_zran": 0, "pricina": "nep\u0159izp\u016fsoben\u00ed rychlosti stavu vozovky (n\u00e1led\u00ed, v\u00fdtluky, bl\u00e1to, mokr\u00fd povrch apod.)", "x": 16.600259, "y": 49.098655, "mesic": 5, "objectid": 1629, "lehce_zran": 0}}, {"type": "Feature", "geometry": {"type": "Point", "coordinates": [16.574877, 49.253911]}, "properties": {"fid": 1629, "den": 20, "usmrceno": 0, "druh": "sr\u00e1\u017eka s pevnou p\u0159ek\u00e1\u017ekou", "rok": 2015, "hmotna_sko": 10000, "cas": "0:00:00", "tezce_zran": 0, "pricina": "\u0159idi\u010d se pln\u011b nev\u011bnoval \u0159\u00edzen\u00ed vozidla", "x": 16.574877, "y": 49.253911, "mesic": 5, "objectid": 1630, "lehce_zran": 0}}, {"type": "Feature", "geometry": {"type": "Point", "coordinates": [16.60878, 49.183663]}, "properties": {"fid": 1632, "den": 25, "usmrceno": 0, "druh": "sr\u00e1\u017eka s jedouc\u00edm nekolejov\u00fdm vozidlem", "rok": 2015, "hmotna_sko": 50000, "cas": "0:00:00", "tezce_zran": 0, "pricina": "\u0159idi\u010d se pln\u011b nev\u011bnoval \u0159\u00edzen\u00ed vozidla", "x": 16.60878, "y": 49.183663, "mesic": 5, "objectid": 1633, "lehce_zran": 0}}, {"type": "Feature", "geometry": {"type": "Point", "coordinates": [16.671136, 49.163261]}, "properties": {"fid": 1633, "den": 13, "usmrceno": 0, "druh": "sr\u00e1\u017eka s lesn\u00ed zv\u011b\u0159\u00ed", "rok": 2015, "hmotna_sko": 113000, "cas": "0:00:00", "tezce_zran": 0, "pricina": "nezavin\u011bn\u00e1 \u0159idi\u010dem", "x": 16.671136, "y": 49.163261, "mesic": 5, "objectid": 1634, "lehce_zran": 0}}, {"type": "Feature", "geometry": {"type": "Point", "coordinates": [16.519906, 49.195045]}, "properties": {"fid": 1634, "den": 13, "usmrceno": 0, "druh": "sr\u00e1\u017eka s pevnou p\u0159ek\u00e1\u017ekou", "rok": 2015, "hmotna_sko": 31000, "cas": "0:00:00", "tezce_zran": 0, "pricina": "nep\u0159izp\u016fsoben\u00ed rychlosti dopravn\u011b technick\u00e9mu stavu vozovky (zat\u00e1\u010dka, kles\u00e1n\u00ed, stoup\u00e1n\u00ed, \u0161\u00ed\u0159ka vozovky apod.)", "x": 16.519906, "y": 49.195045, "mesic": 5, "objectid": 1635, "lehce_zran": 0}}, {"type": "Feature", "geometry": {"type": "Point", "coordinates": [16.582106, 49.258855]}, "properties": {"fid": 1635, "den": 13, "usmrceno": 0, "druh": "sr\u00e1\u017eka s pevnou p\u0159ek\u00e1\u017ekou", "rok": 2015, "hmotna_sko": 70000, "cas": "0:00:00", "tezce_zran": 0, "pricina": "\u0159idi\u010d se pln\u011b nev\u011bnoval \u0159\u00edzen\u00ed vozidla", "x": 16.582106, "y": 49.258855, "mesic": 5, "objectid": 1636, "lehce_zran": 0}}, {"type": "Feature", "geometry": {"type": "Point", "coordinates": [16.597956, 49.205841]}, "properties": {"fid": 1636, "den": 14, "usmrceno": 0, "druh": "sr\u00e1\u017eka s pevnou p\u0159ek\u00e1\u017ekou", "rok": 2015, "hmotna_sko": 20000, "cas": "0:00:00", "tezce_zran": 0, "pricina": "\u0159idi\u010d se pln\u011b nev\u011bnoval \u0159\u00edzen\u00ed vozidla", "x": 16.597956, "y": 49.205841, "mesic": 5, "objectid": 1637, "lehce_zran": 0}}, {"type": "Feature", "geometry": {"type": "Point", "coordinates": [16.603183, 49.107906]}, "properties": {"fid": 1637, "den": 11, "usmrceno": 0, "druh": "sr\u00e1\u017eka s pevnou p\u0159ek\u00e1\u017ekou", "rok": 2015, "hmotna_sko": 150000, "cas": "0:00:00", "tezce_zran": 0, "pricina": "\u0159idi\u010d se pln\u011b nev\u011bnoval \u0159\u00edzen\u00ed vozidla", "x": 16.603183, "y": 49.107906, "mesic": 5, "objectid": 1638, "lehce_zran": 0}}, {"type": "Feature", "geometry": {"type": "Point", "coordinates": [16.611616, 49.188537]}, "properties": {"fid": 1640, "den": 4, "usmrceno": 0, "druh": "sr\u00e1\u017eka s pevnou p\u0159ek\u00e1\u017ekou", "rok": 2015, "hmotna_sko": 95000, "cas": "0:00:00", "tezce_zran": 0, "pricina": "p\u0159i odbo\u010dov\u00e1n\u00ed vlevo", "x": 16.611616, "y": 49.188537, "mesic": 5, "objectid": 1641, "lehce_zran": 0}}, {"type": "Feature", "geometry": {"type": "Point", "coordinates": [16.683917, 49.164264]}, "properties": {"fid": 1642, "den": 6, "usmrceno": 0, "druh": "sr\u00e1\u017eka s lesn\u00ed zv\u011b\u0159\u00ed", "rok": 2015, "hmotna_sko": 54100, "cas": "0:00:00", "tezce_zran": 0, "pricina": "nezavin\u011bn\u00e1 \u0159idi\u010dem", "x": 16.683917, "y": 49.164264, "mesic": 5, "objectid": 1643, "lehce_zran": 0}}, {"type": "Feature", "geometry": {"type": "Point", "coordinates": [16.558267, 49.173473]}, "properties": {"fid": 1644, "den": 20, "usmrceno": 0, "druh": "sr\u00e1\u017eka s pevnou p\u0159ek\u00e1\u017ekou", "rok": 2015, "hmotna_sko": 30000, "cas": "0:00:00", "tezce_zran": 0, "pricina": "nep\u0159izp\u016fsoben\u00ed rychlosti dopravn\u011b technick\u00e9mu stavu vozovky (zat\u00e1\u010dka, kles\u00e1n\u00ed, stoup\u00e1n\u00ed, \u0161\u00ed\u0159ka vozovky apod.)", "x": 16.558267, "y": 49.173473, "mesic": 5, "objectid": 1645, "lehce_zran": 0}}, {"type": "Feature", "geometry": {"type": "Point", "coordinates": [16.586533, 49.185547]}, "properties": {"fid": 1645, "den": 6, "usmrceno": 0, "druh": "nehoda", "rok": 2015, "hmotna_sko": 1000, "cas": "0:00:00", "tezce_zran": 0, "pricina": "\u0159idi\u010d se pln\u011b nev\u011bnoval \u0159\u00edzen\u00ed vozidla", "x": 16.586533, "y": 49.185547, "mesic": 5, "objectid": 1646, "lehce_zran": 0}}, {"type": "Feature", "geometry": {"type": "Point", "coordinates": [16.605485, 49.192392]}, "properties": {"fid": 1646, "den": 5, "usmrceno": 0, "druh": "sr\u00e1\u017eka s jedouc\u00edm nekolejov\u00fdm vozidlem", "rok": 2015, "hmotna_sko": 50000, "cas": "0:00:00", "tezce_zran": 0, "pricina": "nespr\u00e1vn\u00e9 ot\u00e1\u010den\u00ed nebo couv\u00e1n\u00ed", "x": 16.605485, "y": 49.192392, "mesic": 5, "objectid": 1647, "lehce_zran": 0}}, {"type": "Feature", "geometry": {"type": "Point", "coordinates": [16.764471, 49.184036]}, "properties": {"fid": 1648, "den": 28, "usmrceno": 0, "druh": "sr\u00e1\u017eka s jedouc\u00edm nekolejov\u00fdm vozidlem", "rok": 2015, "hmotna_sko": 20000, "cas": "0:00:00", "tezce_zran": 0, "pricina": "p\u0159i p\u0159ej\u00ed\u017ed\u011bn\u00ed z jednoho j\u00edzdn\u00edho pruhu do druh\u00e9ho", "x": 16.764471, "y": 49.184036, "mesic": 5, "objectid": 1649, "lehce_zran": 0}}, {"type": "Feature", "geometry": {"type": "Point", "coordinates": [16.584751, 49.202271]}, "properties": {"fid": 1649, "den": 28, "usmrceno": 0, "druh": "sr\u00e1\u017eka s vozidlem zaparkovan\u00fdm, odstaven\u00fdm", "rok": 2015, "hmotna_sko": 11000, "cas": "0:00:00", "tezce_zran": 0, "pricina": "\u0159idi\u010d se pln\u011b nev\u011bnoval \u0159\u00edzen\u00ed vozidla", "x": 16.584751, "y": 49.202271, "mesic": 5, "objectid": 1650, "lehce_zran": 0}}, {"type": "Feature", "geometry": {"type": "Point", "coordinates": [16.659542, 49.208976]}, "properties": {"fid": 1650, "den": 28, "usmrceno": 0, "druh": "sr\u00e1\u017eka s vozidlem zaparkovan\u00fdm, odstaven\u00fdm", "rok": 2015, "hmotna_sko": 130000, "cas": "0:00:00", "tezce_zran": 0, "pricina": "nezvl\u00e1dnut\u00ed \u0159\u00edzen\u00ed vozidla", "x": 16.659542, "y": 49.208976, "mesic": 5, "objectid": 1651, "lehce_zran": 0}}, {"type": "Feature", "geometry": {"type": "Point", "coordinates": [16.567985, 49.216361]}, "properties": {"fid": 1651, "den": 7, "usmrceno": 0, "druh": "nehoda", "rok": 2015, "hmotna_sko": 5000, "cas": "0:00:00", "tezce_zran": 0, "pricina": "\u0159idi\u010d se pln\u011b nev\u011bnoval \u0159\u00edzen\u00ed vozidla", "x": 16.567985, "y": 49.216361, "mesic": 5, "objectid": 1652, "lehce_zran": 0}}, {"type": "Feature", "geometry": {"type": "Point", "coordinates": [16.562992, 49.161581]}, "properties": {"fid": 1652, "den": 23, "usmrceno": 0, "druh": "sr\u00e1\u017eka s jedouc\u00edm nekolejov\u00fdm vozidlem", "rok": 2015, "hmotna_sko": 415000, "cas": "0:00:00", "tezce_zran": 0, "pricina": "nep\u0159izp\u016fsoben\u00ed rychlosti stavu vozovky (n\u00e1led\u00ed, v\u00fdtluky, bl\u00e1to, mokr\u00fd povrch apod.)", "x": 16.562992, "y": 49.161581, "mesic": 5, "objectid": 1653, "lehce_zran": 0}}, {"type": "Feature", "geometry": {"type": "Point", "coordinates": [16.598317, 49.088307]}, "properties": {"fid": 1653, "den": 27, "usmrceno": 0, "druh": "sr\u00e1\u017eka s vozidlem zaparkovan\u00fdm, odstaven\u00fdm", "rok": 2015, "hmotna_sko": 65000, "cas": "0:00:00", "tezce_zran": 0, "pricina": "bezohledn\u00e1, agresivn\u00ed, neohledupln\u00e1 j\u00edzda", "x": 16.598317, "y": 49.088307, "mesic": 5, "objectid": 1654, "lehce_zran": 0}}, {"type": "Feature", "geometry": {"type": "Point", "coordinates": [16.626089, 49.191275]}, "properties": {"fid": 1654, "den": 27, "usmrceno": 0, "druh": "sr\u00e1\u017eka s pevnou p\u0159ek\u00e1\u017ekou", "rok": 2015, "hmotna_sko": 11000, "cas": "0:00:00", "tezce_zran": 0, "pricina": "vyh\u00fdb\u00e1n\u00ed bez dostate\u010dn\u00e9ho bo\u010dn\u00edho odstupu (v\u016fle)", "x": 16.626089, "y": 49.191275, "mesic": 5, "objectid": 1655, "lehce_zran": 0}}, {"type": "Feature", "geometry": {"type": "Point", "coordinates": [16.646063, 49.198025]}, "properties": {"fid": 1659, "den": 20, "usmrceno": 0, "druh": "sr\u00e1\u017eka s jedouc\u00edm nekolejov\u00fdm vozidlem", "rok": 2015, "hmotna_sko": 5000, "cas": "0:00:00", "tezce_zran": 0, "pricina": "proti p\u0159\u00edkazu dopravn\u00ed zna\u010dky dej p\u0159ednost", "x": 16.646063, "y": 49.198025, "mesic": 5, "objectid": 1660, "lehce_zran": 0}}, {"type": "Feature", "geometry": {"type": "Point", "coordinates": [16.613398, 49.200298]}, "properties": {"fid": 1660, "den": 18, "usmrceno": 0, "druh": "sr\u00e1\u017eka s jedouc\u00edm nekolejov\u00fdm vozidlem", "rok": 2015, "hmotna_sko": 11000, "cas": "0:00:00", "tezce_zran": 0, "pricina": "nespr\u00e1vn\u00e9 ot\u00e1\u010den\u00ed nebo couv\u00e1n\u00ed", "x": 16.613398, "y": 49.200298, "mesic": 5, "objectid": 1661, "lehce_zran": 0}}, {"type": "Feature", "geometry": {"type": "Point", "coordinates": [16.59289, 49.206485]}, "properties": {"fid": 1661, "den": 18, "usmrceno": 0, "druh": "sr\u00e1\u017eka s jedouc\u00edm nekolejov\u00fdm vozidlem", "rok": 2015, "hmotna_sko": 170000, "cas": "0:00:00", "tezce_zran": 0, "pricina": "jin\u00fd druh nep\u0159im\u011b\u0159en\u00e9 rychlosti", "x": 16.59289, "y": 49.206485, "mesic": 5, "objectid": 1662, "lehce_zran": 0}}, {"type": "Feature", "geometry": {"type": "Point", "coordinates": [16.607888, 49.200685]}, "properties": {"fid": 1663, "den": 5, "usmrceno": 0, "druh": "sr\u00e1\u017eka s tramvaj\u00ed", "rok": 2015, "hmotna_sko": 31000, "cas": "0:00:00", "tezce_zran": 0, "pricina": "p\u0159i ot\u00e1\u010den\u00ed nebo couv\u00e1n\u00ed", "x": 16.607888, "y": 49.200685, "mesic": 5, "objectid": 1664, "lehce_zran": 0}}, {"type": "Feature", "geometry": {"type": "Point", "coordinates": [16.572244, 49.210615]}, "properties": {"fid": 1664, "den": 4, "usmrceno": 0, "druh": "sr\u00e1\u017eka s jedouc\u00edm nekolejov\u00fdm vozidlem", "rok": 2015, "hmotna_sko": 28000, "cas": "0:00:00", "tezce_zran": 0, "pricina": "\u0159idi\u010d se pln\u011b nev\u011bnoval \u0159\u00edzen\u00ed vozidla", "x": 16.572244, "y": 49.210615, "mesic": 5, "objectid": 1665, "lehce_zran": 0}}, {"type": "Feature", "geometry": {"type": "Point", "coordinates": [16.603551, 49.105259]}, "properties": {"fid": 1665, "den": 6, "usmrceno": 0, "druh": "sr\u00e1\u017eka s pevnou p\u0159ek\u00e1\u017ekou", "rok": 2015, "hmotna_sko": 65000, "cas": "0:00:00", "tezce_zran": 0, "pricina": "nep\u0159izp\u016fsoben\u00ed rychlosti dopravn\u011b technick\u00e9mu stavu vozovky (zat\u00e1\u010dka, kles\u00e1n\u00ed, stoup\u00e1n\u00ed, \u0161\u00ed\u0159ka vozovky apod.)", "x": 16.603551, "y": 49.105259, "mesic": 5, "objectid": 1666, "lehce_zran": 0}}, {"type": "Feature", "geometry": {"type": "Point", "coordinates": [16.410618, 49.174222]}, "properties": {"fid": 1666, "den": 20, "usmrceno": 0, "druh": "sr\u00e1\u017eka s jedouc\u00edm nekolejov\u00fdm vozidlem", "rok": 2015, "hmotna_sko": 85000, "cas": "0:00:00", "tezce_zran": 0, "pricina": "proti p\u0159\u00edkazu dopravn\u00ed zna\u010dky dej p\u0159ednost", "x": 16.410618, "y": 49.174222, "mesic": 5, "objectid": 1667, "lehce_zran": 0}}, {"type": "Feature", "geometry": {"type": "Point", "coordinates": [16.605825, 49.196438]}, "properties": {"fid": 1671, "den": 17, "usmrceno": 0, "druh": "sr\u00e1\u017eka s pevnou p\u0159ek\u00e1\u017ekou", "rok": 2015, "hmotna_sko": 30000, "cas": "0:00:00", "tezce_zran": 0, "pricina": "\u0159idi\u010d se pln\u011b nev\u011bnoval \u0159\u00edzen\u00ed vozidla", "x": 16.605825, "y": 49.196438, "mesic": 5, "objectid": 1672, "lehce_zran": 0}}, {"type": "Feature", "geometry": {"type": "Point", "coordinates": [16.594411, 49.186823]}, "properties": {"fid": 1673, "den": 14, "usmrceno": 0, "druh": "sr\u00e1\u017eka s pevnou p\u0159ek\u00e1\u017ekou", "rok": 2015, "hmotna_sko": 80000, "cas": "0:00:00", "tezce_zran": 0, "pricina": "nep\u0159izp\u016fsoben\u00ed rychlosti dopravn\u011b technick\u00e9mu stavu vozovky (zat\u00e1\u010dka, kles\u00e1n\u00ed, stoup\u00e1n\u00ed, \u0161\u00ed\u0159ka vozovky apod.)", "x": 16.594411, "y": 49.186823, "mesic": 5, "objectid": 1674, "lehce_zran": 0}}, {"type": "Feature", "geometry": {"type": "Point", "coordinates": [16.586506, 49.165774]}, "properties": {"fid": 1674, "den": 18, "usmrceno": 0, "druh": "nehoda", "rok": 2015, "hmotna_sko": 30000, "cas": "0:00:00", "tezce_zran": 0, "pricina": "nep\u0159izp\u016fsoben\u00ed rychlosti vlastnostem vozidla a n\u00e1kladu", "x": 16.586506, "y": 49.165774, "mesic": 5, "objectid": 1675, "lehce_zran": 0}}, {"type": "Feature", "geometry": {"type": "Point", "coordinates": [16.52279, 49.228247]}, "properties": {"fid": 1676, "den": 11, "usmrceno": 0, "druh": "sr\u00e1\u017eka s jedouc\u00edm nekolejov\u00fdm vozidlem", "rok": 2015, "hmotna_sko": 110000, "cas": "0:00:00", "tezce_zran": 0, "pricina": "nep\u0159izp\u016fsoben\u00ed rychlosti intenzit\u011b (hustot\u011b) provozu", "x": 16.52279, "y": 49.228247, "mesic": 5, "objectid": 1677, "lehce_zran": 0}}, {"type": "Feature", "geometry": {"type": "Point", "coordinates": [16.645716, 49.161428]}, "properties": {"fid": 1677, "den": 23, "usmrceno": 0, "druh": "sr\u00e1\u017eka s pevnou p\u0159ek\u00e1\u017ekou", "rok": 2015, "hmotna_sko": 190000, "cas": "0:00:00", "tezce_zran": 0, "pricina": "nep\u0159izp\u016fsoben\u00ed rychlosti stavu vozovky (n\u00e1led\u00ed, v\u00fdtluky, bl\u00e1to, mokr\u00fd povrch apod.)", "x": 16.645716, "y": 49.161428, "mesic": 5, "objectid": 1678, "lehce_zran": 0}}, {"type": "Feature", "geometry": {"type": "Point", "coordinates": [16.796462, 49.09231]}, "properties": {"fid": 1679, "den": 26, "usmrceno": 0, "druh": "nehoda", "rok": 2015, "hmotna_sko": 25000, "cas": "0:00:00", "tezce_zran": 0, "pricina": "nep\u0159izp\u016fsoben\u00ed rychlosti stavu vozovky (n\u00e1led\u00ed, v\u00fdtluky, bl\u00e1to, mokr\u00fd povrch apod.)", "x": 16.796462, "y": 49.09231, "mesic": 5, "objectid": 1680, "lehce_zran": 0}}, {"type": "Feature", "geometry": {"type": "Point", "coordinates": [16.645294, 49.158893]}, "properties": {"fid": 1680, "den": 6, "usmrceno": 0, "druh": "sr\u00e1\u017eka s vozidlem zaparkovan\u00fdm, odstaven\u00fdm", "rok": 2015, "hmotna_sko": 16000, "cas": "0:00:00", "tezce_zran": 0, "pricina": "\u0159idi\u010d se pln\u011b nev\u011bnoval \u0159\u00edzen\u00ed vozidla", "x": 16.645294, "y": 49.158893, "mesic": 5, "objectid": 1681, "lehce_zran": 0}}, {"type": "Feature", "geometry": {"type": "Point", "coordinates": [16.61884, 49.201832]}, "properties": {"fid": 1681, "den": 15, "usmrceno": 0, "druh": "sr\u00e1\u017eka s pevnou p\u0159ek\u00e1\u017ekou", "rok": 2015, "hmotna_sko": 20000, "cas": "0:00:00", "tezce_zran": 0, "pricina": "\u0159idi\u010d se pln\u011b nev\u011bnoval \u0159\u00edzen\u00ed vozidla", "x": 16.61884, "y": 49.201832, "mesic": 5, "objectid": 1682, "lehce_zran": 0}}, {"type": "Feature", "geometry": {"type": "Point", "coordinates": [16.651948, 49.108442]}, "properties": {"fid": 1682, "den": 26, "usmrceno": 0, "druh": "sr\u00e1\u017eka s lesn\u00ed zv\u011b\u0159\u00ed", "rok": 2015, "hmotna_sko": 43000, "cas": "0:00:00", "tezce_zran": 0, "pricina": "nezavin\u011bn\u00e1 \u0159idi\u010dem", "x": 16.651948, "y": 49.108442, "mesic": 5, "objectid": 1683, "lehce_zran": 0}}, {"type": "Feature", "geometry": {"type": "Point", "coordinates": [16.670139, 49.056427]}, "properties": {"fid": 1684, "den": 14, "usmrceno": 0, "druh": "sr\u00e1\u017eka s lesn\u00ed zv\u011b\u0159\u00ed", "rok": 2015, "hmotna_sko": 25000, "cas": "0:00:00", "tezce_zran": 0, "pricina": "nezavin\u011bn\u00e1 \u0159idi\u010dem", "x": 16.670139, "y": 49.056427, "mesic": 5, "objectid": 1685, "lehce_zran": 0}}, {"type": "Feature", "geometry": {"type": "Point", "coordinates": [16.574899, 49.260771]}, "properties": {"fid": 1685, "den": 18, "usmrceno": 0, "druh": "sr\u00e1\u017eka s jedouc\u00edm nekolejov\u00fdm vozidlem", "rok": 2015, "hmotna_sko": 160000, "cas": "0:00:00", "tezce_zran": 0, "pricina": "chyby p\u0159i ud\u00e1n\u00ed sm\u011bru j\u00edzdy", "x": 16.574899, "y": 49.260771, "mesic": 5, "objectid": 1686, "lehce_zran": 0}}, {"type": "Feature", "geometry": {"type": "Point", "coordinates": [16.627642, 49.166703]}, "properties": {"fid": 1686, "den": 13, "usmrceno": 0, "druh": "sr\u00e1\u017eka s jedouc\u00edm nekolejov\u00fdm vozidlem", "rok": 2015, "hmotna_sko": 230000, "cas": "0:00:00", "tezce_zran": 0, "pricina": "p\u0159i odbo\u010dov\u00e1n\u00ed vlevo", "x": 16.627642, "y": 49.166703, "mesic": 5, "objectid": 1687, "lehce_zran": 0}}, {"type": "Feature", "geometry": {"type": "Point", "coordinates": [16.408612, 49.217231]}, "properties": {"fid": 1687, "den": 18, "usmrceno": 0, "druh": "sr\u00e1\u017eka s pevnou p\u0159ek\u00e1\u017ekou", "rok": 2015, "hmotna_sko": 3000, "cas": "0:00:00", "tezce_zran": 0, "pricina": "\u0159idi\u010d se pln\u011b nev\u011bnoval \u0159\u00edzen\u00ed vozidla", "x": 16.408612, "y": 49.217231, "mesic": 5, "objectid": 1688, "lehce_zran": 0}}, {"type": "Feature", "geometry": {"type": "Point", "coordinates": [16.510131, 49.218729]}, "properties": {"fid": 1690, "den": 29, "usmrceno": 0, "druh": "sr\u00e1\u017eka s vozidlem zaparkovan\u00fdm, odstaven\u00fdm", "rok": 2015, "hmotna_sko": 5000, "cas": "0:00:00", "tezce_zran": 0, "pricina": "\u0159idi\u010d se pln\u011b nev\u011bnoval \u0159\u00edzen\u00ed vozidla", "x": 16.510131, "y": 49.218729, "mesic": 5, "objectid": 1691, "lehce_zran": 0}}, {"type": "Feature", "geometry": {"type": "Point", "coordinates": [16.599488, 49.217726]}, "properties": {"fid": 1691, "den": 20, "usmrceno": 0, "druh": "sr\u00e1\u017eka s vozidlem zaparkovan\u00fdm, odstaven\u00fdm", "rok": 2015, "hmotna_sko": 8000, "cas": "0:00:00", "tezce_zran": 0, "pricina": "\u0159idi\u010d se pln\u011b nev\u011bnoval \u0159\u00edzen\u00ed vozidla", "x": 16.599488, "y": 49.217726, "mesic": 5, "objectid": 1692, "lehce_zran": 0}}, {"type": "Feature", "geometry": {"type": "Point", "coordinates": [16.744474, 49.183224]}, "properties": {"fid": 1692, "den": 16, "usmrceno": 1, "druh": "sr\u00e1\u017eka s jedouc\u00edm nekolejov\u00fdm vozidlem", "rok": 2015, "hmotna_sko": 90000, "cas": "0:00:00", "tezce_zran": 1, "pricina": "proti p\u0159\u00edkazu dopravn\u00ed zna\u010dky dej p\u0159ednost", "x": 16.744474, "y": 49.183224, "mesic": 6, "objectid": 1693, "lehce_zran": 1}}, {"type": "Feature", "geometry": {"type": "Point", "coordinates": [16.506853, 49.18602]}, "properties": {"fid": 1694, "den": 2, "usmrceno": 0, "druh": "sr\u00e1\u017eka s jedouc\u00edm nekolejov\u00fdm vozidlem", "rok": 2015, "hmotna_sko": 375000, "cas": "0:00:00", "tezce_zran": 1, "pricina": "\u0159idi\u010d se pln\u011b nev\u011bnoval \u0159\u00edzen\u00ed vozidla", "x": 16.506853, "y": 49.18602, "mesic": 6, "objectid": 1695, "lehce_zran": 4}}, {"type": "Feature", "geometry": {"type": "Point", "coordinates": [16.479655, 49.18372]}, "properties": {"fid": 1696, "den": 9, "usmrceno": 0, "druh": "sr\u00e1\u017eka s jedouc\u00edm nekolejov\u00fdm vozidlem", "rok": 2015, "hmotna_sko": 200000, "cas": "0:00:00", "tezce_zran": 1, "pricina": "nep\u0159izp\u016fsoben\u00ed rychlosti vlastnostem vozidla a n\u00e1kladu", "x": 16.479655, "y": 49.18372, "mesic": 6, "objectid": 1697, "lehce_zran": 0}}, {"type": "Feature", "geometry": {"type": "Point", "coordinates": [16.595272, 49.179377]}, "properties": {"fid": 1697, "den": 9, "usmrceno": 0, "druh": "jin\u00fd druh nehody", "rok": 2015, "hmotna_sko": 0, "cas": "0:00:00", "tezce_zran": 1, "pricina": "nezavin\u011bn\u00e1 \u0159idi\u010dem", "x": 16.595272, "y": 49.179377, "mesic": 6, "objectid": 1698, "lehce_zran": 0}}, {"type": "Feature", "geometry": {"type": "Point", "coordinates": [16.711355, 49.238232]}, "properties": {"fid": 1698, "den": 20, "usmrceno": 0, "druh": "nehoda", "rok": 2015, "hmotna_sko": 90000, "cas": "0:00:00", "tezce_zran": 1, "pricina": "nep\u0159izp\u016fsoben\u00ed rychlosti stavu vozovky (n\u00e1led\u00ed, v\u00fdtluky, bl\u00e1to, mokr\u00fd povrch apod.)", "x": 16.711355, "y": 49.238232, "mesic": 6, "objectid": 1699, "lehce_zran": 0}}, {"type": "Feature", "geometry": {"type": "Point", "coordinates": [16.711406, 49.240128]}, "properties": {"fid": 1699, "den": 6, "usmrceno": 0, "druh": "sr\u00e1\u017eka s jedouc\u00edm nekolejov\u00fdm vozidlem", "rok": 2015, "hmotna_sko": 70000, "cas": "0:00:00", "tezce_zran": 1, "pricina": "nedodr\u017een\u00ed bezpe\u010dn\u00e9 vzd\u00e1lenosti za vozidlem", "x": 16.711406, "y": 49.240128, "mesic": 6, "objectid": 1700, "lehce_zran": 0}}, {"type": "Feature", "geometry": {"type": "Point", "coordinates": [16.59573, 49.191546]}, "properties": {"fid": 1700, "den": 1, "usmrceno": 0, "druh": "sr\u00e1\u017eka s jedouc\u00edm nekolejov\u00fdm vozidlem", "rok": 2015, "hmotna_sko": 16000, "cas": "0:00:00", "tezce_zran": 1, "pricina": "p\u0159i odbo\u010dov\u00e1n\u00ed vlevo", "x": 16.59573, "y": 49.191546, "mesic": 6, "objectid": 1701, "lehce_zran": 0}}, {"type": "Feature", "geometry": {"type": "Point", "coordinates": [16.604788, 49.193012]}, "properties": {"fid": 1701, "den": 15, "usmrceno": 0, "druh": "sr\u00e1\u017eka s jedouc\u00edm nekolejov\u00fdm vozidlem", "rok": 2015, "hmotna_sko": 10000, "cas": "0:00:00", "tezce_zran": 1, "pricina": "nep\u0159izp\u016fsoben\u00ed rychlosti stavu vozovky (n\u00e1led\u00ed, v\u00fdtluky, bl\u00e1to, mokr\u00fd povrch apod.)", "x": 16.604788, "y": 49.193012, "mesic": 6, "objectid": 1702, "lehce_zran": 0}}, {"type": "Feature", "geometry": {"type": "Point", "coordinates": [16.531918, 49.196388]}, "properties": {"fid": 1702, "den": 16, "usmrceno": 0, "druh": "sr\u00e1\u017eka s jedouc\u00edm nekolejov\u00fdm vozidlem", "rok": 2015, "hmotna_sko": 170000, "cas": "0:00:00", "tezce_zran": 1, "pricina": "p\u0159i odbo\u010dov\u00e1n\u00ed vlevo", "x": 16.531918, "y": 49.196388, "mesic": 6, "objectid": 1703, "lehce_zran": 0}}, {"type": "Feature", "geometry": {"type": "Point", "coordinates": [16.608074, 49.189263]}, "properties": {"fid": 1704, "den": 1, "usmrceno": 0, "druh": "sr\u00e1\u017eka s chodcem", "rok": 2015, "hmotna_sko": 5000, "cas": "0:00:00", "tezce_zran": 1, "pricina": "chodci na vyzna\u010den\u00e9m p\u0159echodu", "x": 16.608074, "y": 49.189263, "mesic": 6, "objectid": 1705, "lehce_zran": 0}}, {"type": "Feature", "geometry": {"type": "Point", "coordinates": [16.610973, 49.190851]}, "properties": {"fid": 1705, "den": 26, "usmrceno": 0, "druh": "sr\u00e1\u017eka s pevnou p\u0159ek\u00e1\u017ekou", "rok": 2015, "hmotna_sko": 1000, "cas": "0:00:00", "tezce_zran": 1, "pricina": "nezvl\u00e1dnut\u00ed \u0159\u00edzen\u00ed vozidla", "x": 16.610973, "y": 49.190851, "mesic": 6, "objectid": 1706, "lehce_zran": 0}}, {"type": "Feature", "geometry": {"type": "Point", "coordinates": [16.628212, 49.166777]}, "properties": {"fid": 1706, "den": 16, "usmrceno": 0, "druh": "sr\u00e1\u017eka s jedouc\u00edm nekolejov\u00fdm vozidlem", "rok": 2015, "hmotna_sko": 680000, "cas": "0:00:00", "tezce_zran": 1, "pricina": "p\u0159i odbo\u010dov\u00e1n\u00ed vlevo", "x": 16.628212, "y": 49.166777, "mesic": 6, "objectid": 1707, "lehce_zran": 13}}, {"type": "Feature", "geometry": {"type": "Point", "coordinates": [16.611366, 49.1247]}, "properties": {"fid": 1708, "den": 5, "usmrceno": 0, "druh": "sr\u00e1\u017eka s pevnou p\u0159ek\u00e1\u017ekou", "rok": 2015, "hmotna_sko": 205000, "cas": "0:00:00", "tezce_zran": 1, "pricina": "\u0159idi\u010d se pln\u011b nev\u011bnoval \u0159\u00edzen\u00ed vozidla", "x": 16.611366, "y": 49.1247, "mesic": 6, "objectid": 1709, "lehce_zran": 2}}, {"type": "Feature", "geometry": {"type": "Point", "coordinates": [16.74384, 49.183093]}, "properties": {"fid": 1710, "den": 28, "usmrceno": 0, "druh": "sr\u00e1\u017eka s jedouc\u00edm nekolejov\u00fdm vozidlem", "rok": 2015, "hmotna_sko": 130000, "cas": "0:00:00", "tezce_zran": 2, "pricina": "proti p\u0159\u00edkazu dopravn\u00ed zna\u010dky dej p\u0159ednost", "x": 16.74384, "y": 49.183093, "mesic": 6, "objectid": 1711, "lehce_zran": 2}}, {"type": "Feature", "geometry": {"type": "Point", "coordinates": [16.475657, 49.232156]}, "properties": {"fid": 1711, "den": 25, "usmrceno": 0, "druh": "nehoda", "rok": 2015, "hmotna_sko": 0, "cas": "0:00:00", "tezce_zran": 1, "pricina": "jin\u00fd druh nep\u0159im\u011b\u0159en\u00e9 rychlosti", "x": 16.475657, "y": 49.232156, "mesic": 6, "objectid": 1712, "lehce_zran": 0}}, {"type": "Feature", "geometry": {"type": "Point", "coordinates": [16.604199, 49.089318]}, "properties": {"fid": 1712, "den": 12, "usmrceno": 0, "druh": "sr\u00e1\u017eka s jedouc\u00edm nekolejov\u00fdm vozidlem", "rok": 2015, "hmotna_sko": 30000, "cas": "0:00:00", "tezce_zran": 1, "pricina": "\u0159idi\u010d se pln\u011b nev\u011bnoval \u0159\u00edzen\u00ed vozidla", "x": 16.604199, "y": 49.089318, "mesic": 6, "objectid": 1713, "lehce_zran": 0}}, {"type": "Feature", "geometry": {"type": "Point", "coordinates": [16.588345, 49.251189]}, "properties": {"fid": 1715, "den": 19, "usmrceno": 0, "druh": "sr\u00e1\u017eka s vozidlem zaparkovan\u00fdm, odstaven\u00fdm", "rok": 2015, "hmotna_sko": 21000, "cas": "0:00:00", "tezce_zran": 1, "pricina": "vyh\u00fdb\u00e1n\u00ed bez dostate\u010dn\u00e9ho bo\u010dn\u00edho odstupu (v\u016fle)", "x": 16.588345, "y": 49.251189, "mesic": 6, "objectid": 1716, "lehce_zran": 0}}, {"type": "Feature", "geometry": {"type": "Point", "coordinates": [16.613862, 49.19377]}, "properties": {"fid": 1717, "den": 4, "usmrceno": 0, "druh": "sr\u00e1\u017eka s chodcem", "rok": 2015, "hmotna_sko": 2000, "cas": "0:00:00", "tezce_zran": 1, "pricina": "vyh\u00fdb\u00e1n\u00ed bez dostate\u010dn\u00e9ho bo\u010dn\u00edho odstupu (v\u016fle)", "x": 16.613862, "y": 49.19377, "mesic": 6, "objectid": 1718, "lehce_zran": 0}}, {"type": "Feature", "geometry": {"type": "Point", "coordinates": [16.536478, 49.222125]}, "properties": {"fid": 1718, "den": 23, "usmrceno": 0, "druh": "sr\u00e1\u017eka s chodcem", "rok": 2015, "hmotna_sko": 8000, "cas": "0:00:00", "tezce_zran": 1, "pricina": "chodci na vyzna\u010den\u00e9m p\u0159echodu", "x": 16.536478, "y": 49.222125, "mesic": 6, "objectid": 1719, "lehce_zran": 0}}, {"type": "Feature", "geometry": {"type": "Point", "coordinates": [16.577742, 49.218196]}, "properties": {"fid": 1719, "den": 24, "usmrceno": 0, "druh": "sr\u00e1\u017eka s chodcem", "rok": 2015, "hmotna_sko": 0, "cas": "0:00:00", "tezce_zran": 1, "pricina": "jin\u00e9 ned\u00e1n\u00ed p\u0159ednosti", "x": 16.577742, "y": 49.218196, "mesic": 6, "objectid": 1720, "lehce_zran": 0}}, {"type": "Feature", "geometry": {"type": "Point", "coordinates": [16.614012, 49.197983]}, "properties": {"fid": 1721, "den": 2, "usmrceno": 0, "druh": "sr\u00e1\u017eka s chodcem", "rok": 2015, "hmotna_sko": 15000, "cas": "0:00:00", "tezce_zran": 1, "pricina": "chodci na vyzna\u010den\u00e9m p\u0159echodu", "x": 16.614012, "y": 49.197983, "mesic": 6, "objectid": 1722, "lehce_zran": 0}}, {"type": "Feature", "geometry": {"type": "Point", "coordinates": [16.5564, 49.20326]}, "properties": {"fid": 1723, "den": 2, "usmrceno": 0, "druh": "sr\u00e1\u017eka s jedouc\u00edm nekolejov\u00fdm vozidlem", "rok": 2015, "hmotna_sko": 50000, "cas": "0:00:00", "tezce_zran": 0, "pricina": "j\u00edzda po nespr\u00e1vn\u00e9 stran\u011b vozovky, vjet\u00ed do protism\u011bru", "x": 16.5564, "y": 49.20326, "mesic": 6, "objectid": 1724, "lehce_zran": 1}}, {"type": "Feature", "geometry": {"type": "Point", "coordinates": [16.532978, 49.22646]}, "properties": {"fid": 1725, "den": 18, "usmrceno": 0, "druh": "sr\u00e1\u017eka s jedouc\u00edm nekolejov\u00fdm vozidlem", "rok": 2015, "hmotna_sko": 13000, "cas": "0:00:00", "tezce_zran": 0, "pricina": "p\u0159i odbo\u010dov\u00e1n\u00ed vlevo", "x": 16.532978, "y": 49.22646, "mesic": 6, "objectid": 1726, "lehce_zran": 1}}, {"type": "Feature", "geometry": {"type": "Point", "coordinates": [16.717314, 49.086444]}, "properties": {"fid": 1726, "den": 27, "usmrceno": 0, "druh": "sr\u00e1\u017eka s jedouc\u00edm nekolejov\u00fdm vozidlem", "rok": 2015, "hmotna_sko": 170000, "cas": "0:00:00", "tezce_zran": 0, "pricina": "nedodr\u017een\u00ed bezpe\u010dn\u00e9 vzd\u00e1lenosti za vozidlem", "x": 16.717314, "y": 49.086444, "mesic": 6, "objectid": 1727, "lehce_zran": 1}}, {"type": "Feature", "geometry": {"type": "Point", "coordinates": [16.653856, 49.15303]}, "properties": {"fid": 1727, "den": 30, "usmrceno": 0, "druh": "nehoda", "rok": 2015, "hmotna_sko": 5000, "cas": "0:00:00", "tezce_zran": 0, "pricina": "\u0159idi\u010d se pln\u011b nev\u011bnoval \u0159\u00edzen\u00ed vozidla", "x": 16.653856, "y": 49.15303, "mesic": 6, "objectid": 1728, "lehce_zran": 1}}, {"type": "Feature", "geometry": {"type": "Point", "coordinates": [16.610781, 49.188448]}, "properties": {"fid": 1728, "den": 27, "usmrceno": 0, "druh": "sr\u00e1\u017eka s jedouc\u00edm nekolejov\u00fdm vozidlem", "rok": 2015, "hmotna_sko": 70000, "cas": "0:00:00", "tezce_zran": 0, "pricina": "p\u0159i odbo\u010dov\u00e1n\u00ed vlevo", "x": 16.610781, "y": 49.188448, "mesic": 6, "objectid": 1729, "lehce_zran": 2}}, {"type": "Feature", "geometry": {"type": "Point", "coordinates": [16.548954, 49.180084]}, "properties": {"fid": 1729, "den": 8, "usmrceno": 0, "druh": "sr\u00e1\u017eka s jedouc\u00edm nekolejov\u00fdm vozidlem", "rok": 2015, "hmotna_sko": 20000, "cas": "0:00:00", "tezce_zran": 0, "pricina": "nespr\u00e1vn\u00e9 ot\u00e1\u010den\u00ed nebo couv\u00e1n\u00ed", "x": 16.548954, "y": 49.180084, "mesic": 6, "objectid": 1730, "lehce_zran": 1}}, {"type": "Feature", "geometry": {"type": "Point", "coordinates": [16.595911, 49.202395]}, "properties": {"fid": 1730, "den": 10, "usmrceno": 0, "druh": "sr\u00e1\u017eka s jedouc\u00edm nekolejov\u00fdm vozidlem", "rok": 2015, "hmotna_sko": 200000, "cas": "0:00:00", "tezce_zran": 0, "pricina": "vozidlu p\u0159ij\u00ed\u017ed\u011bj\u00edc\u00edmu zprava", "x": 16.595911, "y": 49.202395, "mesic": 6, "objectid": 1731, "lehce_zran": 1}}, {"type": "Feature", "geometry": {"type": "Point", "coordinates": [16.59079, 49.226472]}, "properties": {"fid": 1731, "den": 18, "usmrceno": 0, "druh": "sr\u00e1\u017eka s vozidlem zaparkovan\u00fdm, odstaven\u00fdm", "rok": 2015, "hmotna_sko": 26000, "cas": "0:00:00", "tezce_zran": 0, "pricina": "jin\u00fd druh nep\u0159im\u011b\u0159en\u00e9 rychlosti", "x": 16.59079, "y": 49.226472, "mesic": 6, "objectid": 1732, "lehce_zran": 1}}, {"type": "Feature", "geometry": {"type": "Point", "coordinates": [16.665105, 49.065392]}, "properties": {"fid": 1732, "den": 24, "usmrceno": 0, "druh": "sr\u00e1\u017eka s jedouc\u00edm nekolejov\u00fdm vozidlem", "rok": 2015, "hmotna_sko": 220000, "cas": "0:00:00", "tezce_zran": 0, "pricina": "nep\u0159izp\u016fsoben\u00ed rychlosti intenzit\u011b (hustot\u011b) provozu", "x": 16.665105, "y": 49.065392, "mesic": 6, "objectid": 1733, "lehce_zran": 1}}, {"type": "Feature", "geometry": {"type": "Point", "coordinates": [16.59734, 49.172098]}, "properties": {"fid": 1733, "den": 26, "usmrceno": 0, "druh": "sr\u00e1\u017eka s jedouc\u00edm nekolejov\u00fdm vozidlem", "rok": 2015, "hmotna_sko": 60000, "cas": "0:00:00", "tezce_zran": 0, "pricina": "\u0159idi\u010d se pln\u011b nev\u011bnoval \u0159\u00edzen\u00ed vozidla", "x": 16.59734, "y": 49.172098, "mesic": 6, "objectid": 1734, "lehce_zran": 1}}, {"type": "Feature", "geometry": {"type": "Point", "coordinates": [16.581956, 49.184679]}, "properties": {"fid": 1734, "den": 27, "usmrceno": 0, "druh": "sr\u00e1\u017eka s jedouc\u00edm nekolejov\u00fdm vozidlem", "rok": 2015, "hmotna_sko": 353000, "cas": "0:00:00", "tezce_zran": 0, "pricina": "\u0159idi\u010d se pln\u011b nev\u011bnoval \u0159\u00edzen\u00ed vozidla", "x": 16.581956, "y": 49.184679, "mesic": 6, "objectid": 1735, "lehce_zran": 1}}, {"type": "Feature", "geometry": {"type": "Point", "coordinates": [16.749793, 49.21566]}, "properties": {"fid": 1735, "den": 1, "usmrceno": 0, "druh": "jin\u00fd druh nehody", "rok": 2015, "hmotna_sko": 0, "cas": "0:00:00", "tezce_zran": 0, "pricina": "nezavin\u011bn\u00e1 \u0159idi\u010dem", "x": 16.749793, "y": 49.21566, "mesic": 6, "objectid": 1736, "lehce_zran": 1}}, {"type": "Feature", "geometry": {"type": "Point", "coordinates": [16.597877, 49.170343]}, "properties": {"fid": 1736, "den": 8, "usmrceno": 0, "druh": "sr\u00e1\u017eka s jedouc\u00edm nekolejov\u00fdm vozidlem", "rok": 2015, "hmotna_sko": 80000, "cas": "0:00:00", "tezce_zran": 0, "pricina": "\u0159idi\u010d se pln\u011b nev\u011bnoval \u0159\u00edzen\u00ed vozidla", "x": 16.597877, "y": 49.170343, "mesic": 6, "objectid": 1737, "lehce_zran": 1}}, {"type": "Feature", "geometry": {"type": "Point", "coordinates": [16.530282, 49.16162]}, "properties": {"fid": 1737, "den": 7, "usmrceno": 0, "druh": "sr\u00e1\u017eka s jedouc\u00edm nekolejov\u00fdm vozidlem", "rok": 2015, "hmotna_sko": 160000, "cas": "0:00:00", "tezce_zran": 0, "pricina": "proti p\u0159\u00edkazu dopravn\u00ed zna\u010dky dej p\u0159ednost", "x": 16.530282, "y": 49.16162, "mesic": 6, "objectid": 1738, "lehce_zran": 1}}, {"type": "Feature", "geometry": {"type": "Point", "coordinates": [16.599511, 49.159109]}, "properties": {"fid": 1741, "den": 14, "usmrceno": 0, "druh": "sr\u00e1\u017eka s jedouc\u00edm nekolejov\u00fdm vozidlem", "rok": 2015, "hmotna_sko": 115000, "cas": "0:00:00", "tezce_zran": 0, "pricina": "proti p\u0159\u00edkazu dopravn\u00ed zna\u010dky dej p\u0159ednost", "x": 16.599511, "y": 49.159109, "mesic": 6, "objectid": 1742, "lehce_zran": 1}}, {"type": "Feature", "geometry": {"type": "Point", "coordinates": [16.697658, 49.172187]}, "properties": {"fid": 1743, "den": 26, "usmrceno": 0, "druh": "sr\u00e1\u017eka s jedouc\u00edm nekolejov\u00fdm vozidlem", "rok": 2015, "hmotna_sko": 150000, "cas": "0:00:00", "tezce_zran": 0, "pricina": "nedodr\u017een\u00ed bezpe\u010dn\u00e9 vzd\u00e1lenosti za vozidlem", "x": 16.697658, "y": 49.172187, "mesic": 6, "objectid": 1744, "lehce_zran": 1}}, {"type": "Feature", "geometry": {"type": "Point", "coordinates": [16.616637, 49.165499]}, "properties": {"fid": 1744, "den": 22, "usmrceno": 0, "druh": "sr\u00e1\u017eka s jedouc\u00edm nekolejov\u00fdm vozidlem", "rok": 2015, "hmotna_sko": 80000, "cas": "0:00:00", "tezce_zran": 0, "pricina": "nep\u0159izp\u016fsoben\u00ed rychlosti stavu vozovky (n\u00e1led\u00ed, v\u00fdtluky, bl\u00e1to, mokr\u00fd povrch apod.)", "x": 16.616637, "y": 49.165499, "mesic": 6, "objectid": 1745, "lehce_zran": 1}}, {"type": "Feature", "geometry": {"type": "Point", "coordinates": [16.425363, 49.192519]}, "properties": {"fid": 1745, "den": 30, "usmrceno": 0, "druh": "sr\u00e1\u017eka s jedouc\u00edm nekolejov\u00fdm vozidlem", "rok": 2015, "hmotna_sko": 110000, "cas": "0:00:00", "tezce_zran": 0, "pricina": "proti p\u0159\u00edkazu dopravn\u00ed zna\u010dky dej p\u0159ednost", "x": 16.425363, "y": 49.192519, "mesic": 6, "objectid": 1746, "lehce_zran": 1}}, {"type": "Feature", "geometry": {"type": "Point", "coordinates": [16.465484, 49.256504]}, "properties": {"fid": 1746, "den": 19, "usmrceno": 0, "druh": "nehoda", "rok": 2015, "hmotna_sko": 10000, "cas": "0:00:00", "tezce_zran": 0, "pricina": "nep\u0159izp\u016fsoben\u00ed rychlosti stavu vozovky (n\u00e1led\u00ed, v\u00fdtluky, bl\u00e1to, mokr\u00fd povrch apod.)", "x": 16.465484, "y": 49.256504, "mesic": 6, "objectid": 1747, "lehce_zran": 1}}, {"type": "Feature", "geometry": {"type": "Point", "coordinates": [16.725293, 49.166241]}, "properties": {"fid": 1748, "den": 11, "usmrceno": 0, "druh": "sr\u00e1\u017eka s jedouc\u00edm nekolejov\u00fdm vozidlem", "rok": 2015, "hmotna_sko": 110000, "cas": "0:00:00", "tezce_zran": 0, "pricina": "p\u0159i za\u0159azov\u00e1n\u00ed do proudu jedouc\u00edch vozidel ze stanice, m\u00edsta zastaven\u00ed nebo st\u00e1n\u00ed", "x": 16.725293, "y": 49.166241, "mesic": 6, "objectid": 1749, "lehce_zran": 2}}, {"type": "Feature", "geometry": {"type": "Point", "coordinates": [16.593219, 49.226322]}, "properties": {"fid": 1749, "den": 11, "usmrceno": 0, "druh": "sr\u00e1\u017eka s jedouc\u00edm nekolejov\u00fdm vozidlem", "rok": 2015, "hmotna_sko": 40000, "cas": "0:00:00", "tezce_zran": 0, "pricina": "p\u0159i odbo\u010dov\u00e1n\u00ed vlevo", "x": 16.593219, "y": 49.226322, "mesic": 6, "objectid": 1750, "lehce_zran": 1}}, {"type": "Feature", "geometry": {"type": "Point", "coordinates": [16.413639, 49.186275]}, "properties": {"fid": 1750, "den": 14, "usmrceno": 0, "druh": "sr\u00e1\u017eka s jedouc\u00edm nekolejov\u00fdm vozidlem", "rok": 2015, "hmotna_sko": 170000, "cas": "0:00:00", "tezce_zran": 0, "pricina": "\u0159idi\u010d se pln\u011b nev\u011bnoval \u0159\u00edzen\u00ed vozidla", "x": 16.413639, "y": 49.186275, "mesic": 6, "objectid": 1751, "lehce_zran": 1}}, {"type": "Feature", "geometry": {"type": "Point", "coordinates": [16.62084, 49.181244]}, "properties": {"fid": 1751, "den": 12, "usmrceno": 0, "druh": "sr\u00e1\u017eka s jedouc\u00edm nekolejov\u00fdm vozidlem", "rok": 2015, "hmotna_sko": 223000, "cas": "0:00:00", "tezce_zran": 0, "pricina": "nedodr\u017een\u00ed bezpe\u010dn\u00e9 vzd\u00e1lenosti za vozidlem", "x": 16.62084, "y": 49.181244, "mesic": 6, "objectid": 1752, "lehce_zran": 1}}, {"type": "Feature", "geometry": {"type": "Point", "coordinates": [16.51862, 49.231769]}, "properties": {"fid": 1752, "den": 16, "usmrceno": 0, "druh": "nehoda", "rok": 2015, "hmotna_sko": 1000, "cas": "0:00:00", "tezce_zran": 0, "pricina": "nep\u0159izp\u016fsoben\u00ed rychlosti dopravn\u011b technick\u00e9mu stavu vozovky (zat\u00e1\u010dka, kles\u00e1n\u00ed, stoup\u00e1n\u00ed, \u0161\u00ed\u0159ka vozovky apod.)", "x": 16.51862, "y": 49.231769, "mesic": 6, "objectid": 1753, "lehce_zran": 1}}, {"type": "Feature", "geometry": {"type": "Point", "coordinates": [16.532021, 49.024637]}, "properties": {"fid": 1753, "den": 25, "usmrceno": 0, "druh": "nehoda", "rok": 2015, "hmotna_sko": 20000, "cas": "0:00:00", "tezce_zran": 0, "pricina": "nezvl\u00e1dnut\u00ed \u0159\u00edzen\u00ed vozidla", "x": 16.532021, "y": 49.024637, "mesic": 6, "objectid": 1754, "lehce_zran": 1}}, {"type": "Feature", "geometry": {"type": "Point", "coordinates": [16.653758, 49.209856]}, "properties": {"fid": 1754, "den": 28, "usmrceno": 0, "druh": "sr\u00e1\u017eka s pevnou p\u0159ek\u00e1\u017ekou", "rok": 2015, "hmotna_sko": 65000, "cas": "0:00:00", "tezce_zran": 0, "pricina": "\u0159idi\u010d se pln\u011b nev\u011bnoval \u0159\u00edzen\u00ed vozidla", "x": 16.653758, "y": 49.209856, "mesic": 6, "objectid": 1755, "lehce_zran": 1}}, {"type": "Feature", "geometry": {"type": "Point", "coordinates": [16.666793, 49.203836]}, "properties": {"fid": 1755, "den": 19, "usmrceno": 0, "druh": "sr\u00e1\u017eka s jedouc\u00edm nekolejov\u00fdm vozidlem", "rok": 2015, "hmotna_sko": 85000, "cas": "0:00:00", "tezce_zran": 0, "pricina": "\u0159idi\u010d se pln\u011b nev\u011bnoval \u0159\u00edzen\u00ed vozidla", "x": 16.666793, "y": 49.203836, "mesic": 6, "objectid": 1756, "lehce_zran": 4}}, {"type": "Feature", "geometry": {"type": "Point", "coordinates": [16.614777, 49.13199]}, "properties": {"fid": 1756, "den": 14, "usmrceno": 0, "druh": "nehoda", "rok": 2015, "hmotna_sko": 1000, "cas": "0:00:00", "tezce_zran": 0, "pricina": "nep\u0159izp\u016fsoben\u00ed rychlosti stavu vozovky (n\u00e1led\u00ed, v\u00fdtluky, bl\u00e1to, mokr\u00fd povrch apod.)", "x": 16.614777, "y": 49.13199, "mesic": 6, "objectid": 1757, "lehce_zran": 1}}, {"type": "Feature", "geometry": {"type": "Point", "coordinates": [16.663452, 49.189503]}, "properties": {"fid": 1757, "den": 16, "usmrceno": 0, "druh": "sr\u00e1\u017eka s jedouc\u00edm nekolejov\u00fdm vozidlem", "rok": 2015, "hmotna_sko": 7000, "cas": "0:00:00", "tezce_zran": 0, "pricina": "j\u00edzda na \"\u010dervenou\" 3-barevn\u00e9ho semaforu", "x": 16.663452, "y": 49.189503, "mesic": 6, "objectid": 1758, "lehce_zran": 1}}, {"type": "Feature", "geometry": {"type": "Point", "coordinates": [16.559497, 49.213653]}, "properties": {"fid": 1758, "den": 30, "usmrceno": 0, "druh": "sr\u00e1\u017eka s jedouc\u00edm nekolejov\u00fdm vozidlem", "rok": 2015, "hmotna_sko": 60000, "cas": "0:00:00", "tezce_zran": 0, "pricina": "nep\u0159izp\u016fsoben\u00ed rychlosti intenzit\u011b (hustot\u011b) provozu", "x": 16.559497, "y": 49.213653, "mesic": 6, "objectid": 1759, "lehce_zran": 2}}, {"type": "Feature", "geometry": {"type": "Point", "coordinates": [16.607202, 49.20273]}, "properties": {"fid": 1759, "den": 3, "usmrceno": 0, "druh": "jin\u00fd druh nehody", "rok": 2015, "hmotna_sko": 0, "cas": "0:00:00", "tezce_zran": 0, "pricina": "\u0159idi\u010d se pln\u011b nev\u011bnoval \u0159\u00edzen\u00ed vozidla", "x": 16.607202, "y": 49.20273, "mesic": 6, "objectid": 1760, "lehce_zran": 1}}, {"type": "Feature", "geometry": {"type": "Point", "coordinates": [16.713351, 49.106215]}, "properties": {"fid": 1761, "den": 3, "usmrceno": 0, "druh": "sr\u00e1\u017eka s jedouc\u00edm nekolejov\u00fdm vozidlem", "rok": 2015, "hmotna_sko": 110000, "cas": "0:00:00", "tezce_zran": 0, "pricina": "proti p\u0159\u00edkazu dopravn\u00ed zna\u010dky dej p\u0159ednost", "x": 16.713351, "y": 49.106215, "mesic": 6, "objectid": 1762, "lehce_zran": 1}}, {"type": "Feature", "geometry": {"type": "Point", "coordinates": [16.63689, 49.21403]}, "properties": {"fid": 1762, "den": 8, "usmrceno": 0, "druh": "sr\u00e1\u017eka s jedouc\u00edm nekolejov\u00fdm vozidlem", "rok": 2015, "hmotna_sko": 65000, "cas": "0:00:00", "tezce_zran": 0, "pricina": "p\u0159i odbo\u010dov\u00e1n\u00ed vlevo", "x": 16.63689, "y": 49.21403, "mesic": 6, "objectid": 1763, "lehce_zran": 1}}, {"type": "Feature", "geometry": {"type": "Point", "coordinates": [16.603102, 49.221372]}, "properties": {"fid": 1763, "den": 5, "usmrceno": 0, "druh": "sr\u00e1\u017eka s jedouc\u00edm nekolejov\u00fdm vozidlem", "rok": 2015, "hmotna_sko": 25000, "cas": "0:00:00", "tezce_zran": 0, "pricina": "p\u0159i p\u0159ej\u00ed\u017ed\u011bn\u00ed z jednoho j\u00edzdn\u00edho pruhu do druh\u00e9ho", "x": 16.603102, "y": 49.221372, "mesic": 6, "objectid": 1764, "lehce_zran": 1}}, {"type": "Feature", "geometry": {"type": "Point", "coordinates": [16.655119, 49.196298]}, "properties": {"fid": 1764, "den": 4, "usmrceno": 0, "druh": "sr\u00e1\u017eka s jedouc\u00edm nekolejov\u00fdm vozidlem", "rok": 2015, "hmotna_sko": 33000, "cas": "0:00:00", "tezce_zran": 0, "pricina": "p\u0159i odbo\u010dov\u00e1n\u00ed vlevo", "x": 16.655119, "y": 49.196298, "mesic": 6, "objectid": 1765, "lehce_zran": 1}}, {"type": "Feature", "geometry": {"type": "Point", "coordinates": [16.593636, 49.198774]}, "properties": {"fid": 1765, "den": 2, "usmrceno": 0, "druh": "jin\u00fd druh nehody", "rok": 2015, "hmotna_sko": 0, "cas": "0:00:00", "tezce_zran": 0, "pricina": "\u0159idi\u010d se pln\u011b nev\u011bnoval \u0159\u00edzen\u00ed vozidla", "x": 16.593636, "y": 49.198774, "mesic": 6, "objectid": 1766, "lehce_zran": 1}}, {"type": "Feature", "geometry": {"type": "Point", "coordinates": [16.594375, 49.186806]}, "properties": {"fid": 1766, "den": 1, "usmrceno": 0, "druh": "jin\u00fd druh nehody", "rok": 2015, "hmotna_sko": 44000, "cas": "0:00:00", "tezce_zran": 0, "pricina": "proti p\u0159\u00edkazu dopravn\u00ed zna\u010dky dej p\u0159ednost", "x": 16.594375, "y": 49.186806, "mesic": 6, "objectid": 1767, "lehce_zran": 1}}, {"type": "Feature", "geometry": {"type": "Point", "coordinates": [16.595181, 49.188842]}, "properties": {"fid": 1767, "den": 11, "usmrceno": 0, "druh": "sr\u00e1\u017eka s jedouc\u00edm nekolejov\u00fdm vozidlem", "rok": 2015, "hmotna_sko": 70000, "cas": "0:00:00", "tezce_zran": 0, "pricina": "nedodr\u017een\u00ed bezpe\u010dn\u00e9 vzd\u00e1lenosti za vozidlem", "x": 16.595181, "y": 49.188842, "mesic": 6, "objectid": 1768, "lehce_zran": 1}}, {"type": "Feature", "geometry": {"type": "Point", "coordinates": [16.60269, 49.213358]}, "properties": {"fid": 1768, "den": 10, "usmrceno": 0, "druh": "nehoda", "rok": 2015, "hmotna_sko": 2000, "cas": "0:00:00", "tezce_zran": 0, "pricina": "\u0159idi\u010d se pln\u011b nev\u011bnoval \u0159\u00edzen\u00ed vozidla", "x": 16.60269, "y": 49.213358, "mesic": 6, "objectid": 1769, "lehce_zran": 1}}, {"type": "Feature", "geometry": {"type": "Point", "coordinates": [16.677147, 49.163506]}, "properties": {"fid": 1769, "den": 16, "usmrceno": 0, "druh": "sr\u00e1\u017eka s jedouc\u00edm nekolejov\u00fdm vozidlem", "rok": 2015, "hmotna_sko": 250000, "cas": "0:00:00", "tezce_zran": 0, "pricina": "\u0159idi\u010d se pln\u011b nev\u011bnoval \u0159\u00edzen\u00ed vozidla", "x": 16.677147, "y": 49.163506, "mesic": 6, "objectid": 1770, "lehce_zran": 1}}, {"type": "Feature", "geometry": {"type": "Point", "coordinates": [16.447649, 49.189702]}, "properties": {"fid": 1770, "den": 21, "usmrceno": 0, "druh": "sr\u00e1\u017eka s jedouc\u00edm nekolejov\u00fdm vozidlem", "rok": 2015, "hmotna_sko": 30000, "cas": "0:00:00", "tezce_zran": 0, "pricina": "jin\u00fd druh nespr\u00e1vn\u00e9ho zp\u016fsobu j\u00edzdy", "x": 16.447649, "y": 49.189702, "mesic": 6, "objectid": 1771, "lehce_zran": 1}}, {"type": "Feature", "geometry": {"type": "Point", "coordinates": [16.60179, 49.172813]}, "properties": {"fid": 1771, "den": 26, "usmrceno": 0, "druh": "nehoda", "rok": 2015, "hmotna_sko": 55000, "cas": "0:00:00", "tezce_zran": 0, "pricina": "nep\u0159izp\u016fsoben\u00ed rychlosti dopravn\u011b technick\u00e9mu stavu vozovky (zat\u00e1\u010dka, kles\u00e1n\u00ed, stoup\u00e1n\u00ed, \u0161\u00ed\u0159ka vozovky apod.)", "x": 16.60179, "y": 49.172813, "mesic": 6, "objectid": 1772, "lehce_zran": 1}}, {"type": "Feature", "geometry": {"type": "Point", "coordinates": [16.596634, 49.042425]}, "properties": {"fid": 1774, "den": 3, "usmrceno": 0, "druh": "sr\u00e1\u017eka s jedouc\u00edm nekolejov\u00fdm vozidlem", "rok": 2015, "hmotna_sko": 110000, "cas": "0:00:00", "tezce_zran": 0, "pricina": "proti p\u0159\u00edkazu dopravn\u00ed zna\u010dky dej p\u0159ednost", "x": 16.596634, "y": 49.042425, "mesic": 6, "objectid": 1775, "lehce_zran": 1}}, {"type": "Feature", "geometry": {"type": "Point", "coordinates": [16.589142, 49.21251]}, "properties": {"fid": 1777, "den": 17, "usmrceno": 0, "druh": "sr\u00e1\u017eka s jedouc\u00edm nekolejov\u00fdm vozidlem", "rok": 2015, "hmotna_sko": 131000, "cas": "0:00:00", "tezce_zran": 0, "pricina": "p\u0159i odbo\u010dov\u00e1n\u00ed vlevo", "x": 16.589142, "y": 49.21251, "mesic": 6, "objectid": 1778, "lehce_zran": 1}}, {"type": "Feature", "geometry": {"type": "Point", "coordinates": [16.670769, 49.159098]}, "properties": {"fid": 1779, "den": 19, "usmrceno": 0, "druh": "sr\u00e1\u017eka s jedouc\u00edm nekolejov\u00fdm vozidlem", "rok": 2015, "hmotna_sko": 100000, "cas": "0:00:00", "tezce_zran": 0, "pricina": "\u0159idi\u010d se pln\u011b nev\u011bnoval \u0159\u00edzen\u00ed vozidla", "x": 16.670769, "y": 49.159098, "mesic": 6, "objectid": 1780, "lehce_zran": 2}}, {"type": "Feature", "geometry": {"type": "Point", "coordinates": [16.554736, 49.060639]}, "properties": {"fid": 1780, "den": 26, "usmrceno": 0, "druh": "nehoda", "rok": 2015, "hmotna_sko": 1000, "cas": "0:00:00", "tezce_zran": 0, "pricina": "\u0159idi\u010d se pln\u011b nev\u011bnoval \u0159\u00edzen\u00ed vozidla", "x": 16.554736, "y": 49.060639, "mesic": 6, "objectid": 1781, "lehce_zran": 1}}, {"type": "Feature", "geometry": {"type": "Point", "coordinates": [16.731914, 49.165195]}, "properties": {"fid": 2240, "den": 15, "usmrceno": 0, "druh": "nehoda", "rok": 2015, "hmotna_sko": 1000, "cas": "0:00:00", "tezce_zran": 0, "pricina": "nezvl\u00e1dnut\u00ed \u0159\u00edzen\u00ed vozidla", "x": 16.731914, "y": 49.165195, "mesic": 7, "objectid": 2241, "lehce_zran": 1}}, {"type": "Feature", "geometry": {"type": "Point", "coordinates": [16.666894, 49.146033]}, "properties": {"fid": 1782, "den": 22, "usmrceno": 0, "druh": "sr\u00e1\u017eka s jedouc\u00edm nekolejov\u00fdm vozidlem", "rok": 2015, "hmotna_sko": 100000, "cas": "0:00:00", "tezce_zran": 0, "pricina": "nep\u0159izp\u016fsoben\u00ed rychlosti stavu vozovky (n\u00e1led\u00ed, v\u00fdtluky, bl\u00e1to, mokr\u00fd povrch apod.)", "x": 16.666894, "y": 49.146033, "mesic": 6, "objectid": 1783, "lehce_zran": 1}}, {"type": "Feature", "geometry": {"type": "Point", "coordinates": [16.61716, 49.186611]}, "properties": {"fid": 1783, "den": 23, "usmrceno": 0, "druh": "sr\u00e1\u017eka s jedouc\u00edm nekolejov\u00fdm vozidlem", "rok": 2015, "hmotna_sko": 140000, "cas": "0:00:00", "tezce_zran": 0, "pricina": "j\u00edzda na \"\u010dervenou\" 3-barevn\u00e9ho semaforu", "x": 16.61716, "y": 49.186611, "mesic": 6, "objectid": 1784, "lehce_zran": 1}}, {"type": "Feature", "geometry": {"type": "Point", "coordinates": [16.622578, 49.169354]}, "properties": {"fid": 1786, "den": 5, "usmrceno": 0, "druh": "sr\u00e1\u017eka s chodcem", "rok": 2015, "hmotna_sko": 0, "cas": "0:00:00", "tezce_zran": 0, "pricina": "nezavin\u011bn\u00e1 \u0159idi\u010dem", "x": 16.622578, "y": 49.169354, "mesic": 6, "objectid": 1787, "lehce_zran": 1}}, {"type": "Feature", "geometry": {"type": "Point", "coordinates": [16.625071, 49.212318]}, "properties": {"fid": 1787, "den": 1, "usmrceno": 0, "druh": "sr\u00e1\u017eka s jedouc\u00edm nekolejov\u00fdm vozidlem", "rok": 2015, "hmotna_sko": 100000, "cas": "0:00:00", "tezce_zran": 0, "pricina": "proti p\u0159\u00edkazu dopravn\u00ed zna\u010dky dej p\u0159ednost", "x": 16.625071, "y": 49.212318, "mesic": 6, "objectid": 1788, "lehce_zran": 1}}, {"type": "Feature", "geometry": {"type": "Point", "coordinates": [16.59578, 49.163077]}, "properties": {"fid": 1789, "den": 10, "usmrceno": 0, "druh": "sr\u00e1\u017eka s chodcem", "rok": 2015, "hmotna_sko": 0, "cas": "0:00:00", "tezce_zran": 0, "pricina": "nespr\u00e1vn\u00e9 ot\u00e1\u010den\u00ed nebo couv\u00e1n\u00ed", "x": 16.59578, "y": 49.163077, "mesic": 6, "objectid": 1790, "lehce_zran": 1}}, {"type": "Feature", "geometry": {"type": "Point", "coordinates": [16.406361, 49.218863]}, "properties": {"fid": 1790, "den": 21, "usmrceno": 0, "druh": "nehoda", "rok": 2015, "hmotna_sko": 2000, "cas": "0:00:00", "tezce_zran": 0, "pricina": "nezavin\u011bn\u00e1 \u0159idi\u010dem", "x": 16.406361, "y": 49.218863, "mesic": 6, "objectid": 1791, "lehce_zran": 1}}, {"type": "Feature", "geometry": {"type": "Point", "coordinates": [16.545429, 49.194958]}, "properties": {"fid": 1791, "den": 19, "usmrceno": 0, "druh": "sr\u00e1\u017eka s jedouc\u00edm nekolejov\u00fdm vozidlem", "rok": 2015, "hmotna_sko": 210000, "cas": "0:00:00", "tezce_zran": 0, "pricina": "nep\u0159izp\u016fsoben\u00ed rychlosti stavu vozovky (n\u00e1led\u00ed, v\u00fdtluky, bl\u00e1to, mokr\u00fd povrch apod.)", "x": 16.545429, "y": 49.194958, "mesic": 6, "objectid": 1792, "lehce_zran": 3}}, {"type": "Feature", "geometry": {"type": "Point", "coordinates": [16.665105, 49.065392]}, "properties": {"fid": 1792, "den": 24, "usmrceno": 0, "druh": "sr\u00e1\u017eka s jedouc\u00edm nekolejov\u00fdm vozidlem", "rok": 2015, "hmotna_sko": 600000, "cas": "0:00:00", "tezce_zran": 0, "pricina": "nep\u0159izp\u016fsoben\u00ed rychlosti intenzit\u011b (hustot\u011b) provozu", "x": 16.665105, "y": 49.065392, "mesic": 6, "objectid": 1793, "lehce_zran": 3}}, {"type": "Feature", "geometry": {"type": "Point", "coordinates": [16.637298, 49.214326]}, "properties": {"fid": 1795, "den": 26, "usmrceno": 0, "druh": "sr\u00e1\u017eka s chodcem", "rok": 2015, "hmotna_sko": 0, "cas": "0:00:00", "tezce_zran": 0, "pricina": "chodci na vyzna\u010den\u00e9m p\u0159echodu", "x": 16.637298, "y": 49.214326, "mesic": 6, "objectid": 1796, "lehce_zran": 1}}, {"type": "Feature", "geometry": {"type": "Point", "coordinates": [16.621689, 49.176018]}, "properties": {"fid": 1796, "den": 29, "usmrceno": 0, "druh": "jin\u00fd druh nehody", "rok": 2015, "hmotna_sko": 70000, "cas": "0:00:00", "tezce_zran": 0, "pricina": "\u0159idi\u010d se pln\u011b nev\u011bnoval \u0159\u00edzen\u00ed vozidla", "x": 16.621689, "y": 49.176018, "mesic": 6, "objectid": 1797, "lehce_zran": 1}}, {"type": "Feature", "geometry": {"type": "Point", "coordinates": [16.607804, 49.18941]}, "properties": {"fid": 1797, "den": 4, "usmrceno": 0, "druh": "sr\u00e1\u017eka s jedouc\u00edm nekolejov\u00fdm vozidlem", "rok": 2015, "hmotna_sko": 140000, "cas": "0:00:00", "tezce_zran": 0, "pricina": "\u0159idi\u010d se pln\u011b nev\u011bnoval \u0159\u00edzen\u00ed vozidla", "x": 16.607804, "y": 49.18941, "mesic": 6, "objectid": 1798, "lehce_zran": 1}}, {"type": "Feature", "geometry": {"type": "Point", "coordinates": [16.774585, 49.181812]}, "properties": {"fid": 1799, "den": 30, "usmrceno": 0, "druh": "sr\u00e1\u017eka s jedouc\u00edm nekolejov\u00fdm vozidlem", "rok": 2015, "hmotna_sko": 280000, "cas": "0:00:00", "tezce_zran": 0, "pricina": "nedodr\u017een\u00ed bezpe\u010dn\u00e9 vzd\u00e1lenosti za vozidlem", "x": 16.774585, "y": 49.181812, "mesic": 6, "objectid": 1800, "lehce_zran": 2}}, {"type": "Feature", "geometry": {"type": "Point", "coordinates": [16.511343, 49.1759]}, "properties": {"fid": 1800, "den": 30, "usmrceno": 0, "druh": "sr\u00e1\u017eka s jedouc\u00edm nekolejov\u00fdm vozidlem", "rok": 2015, "hmotna_sko": 150000, "cas": "0:00:00", "tezce_zran": 0, "pricina": "\u0159idi\u010d se pln\u011b nev\u011bnoval \u0159\u00edzen\u00ed vozidla", "x": 16.511343, "y": 49.1759, "mesic": 6, "objectid": 1801, "lehce_zran": 1}}, {"type": "Feature", "geometry": {"type": "Point", "coordinates": [16.44945, 49.2519]}, "properties": {"fid": 1801, "den": 15, "usmrceno": 0, "druh": "sr\u00e1\u017eka s jedouc\u00edm nekolejov\u00fdm vozidlem", "rok": 2015, "hmotna_sko": 210000, "cas": "0:00:00", "tezce_zran": 0, "pricina": "proti p\u0159\u00edkazu dopravn\u00ed zna\u010dky dej p\u0159ednost", "x": 16.44945, "y": 49.2519, "mesic": 6, "objectid": 1802, "lehce_zran": 2}}, {"type": "Feature", "geometry": {"type": "Point", "coordinates": [16.711982, 49.240511]}, "properties": {"fid": 1802, "den": 28, "usmrceno": 0, "druh": "sr\u00e1\u017eka s pevnou p\u0159ek\u00e1\u017ekou", "rok": 2015, "hmotna_sko": 15000, "cas": "0:00:00", "tezce_zran": 0, "pricina": "nep\u0159izp\u016fsoben\u00ed rychlosti dopravn\u011b technick\u00e9mu stavu vozovky (zat\u00e1\u010dka, kles\u00e1n\u00ed, stoup\u00e1n\u00ed, \u0161\u00ed\u0159ka vozovky apod.)", "x": 16.711982, "y": 49.240511, "mesic": 6, "objectid": 1803, "lehce_zran": 1}}, {"type": "Feature", "geometry": {"type": "Point", "coordinates": [16.584762, 49.202504]}, "properties": {"fid": 1803, "den": 24, "usmrceno": 0, "druh": "sr\u00e1\u017eka s vozidlem zaparkovan\u00fdm, odstaven\u00fdm", "rok": 2015, "hmotna_sko": 2000, "cas": "0:00:00", "tezce_zran": 0, "pricina": "\u0159idi\u010d se pln\u011b nev\u011bnoval \u0159\u00edzen\u00ed vozidla", "x": 16.584762, "y": 49.202504, "mesic": 6, "objectid": 1804, "lehce_zran": 1}}, {"type": "Feature", "geometry": {"type": "Point", "coordinates": [16.424619, 49.0762]}, "properties": {"fid": 1808, "den": 10, "usmrceno": 0, "druh": "nehoda", "rok": 2015, "hmotna_sko": 5000, "cas": "0:00:00", "tezce_zran": 0, "pricina": "nezvl\u00e1dnut\u00ed \u0159\u00edzen\u00ed vozidla", "x": 16.424619, "y": 49.0762, "mesic": 6, "objectid": 1809, "lehce_zran": 1}}, {"type": "Feature", "geometry": {"type": "Point", "coordinates": [16.603377, 49.216315]}, "properties": {"fid": 1811, "den": 1, "usmrceno": 0, "druh": "nehoda", "rok": 2015, "hmotna_sko": 30000, "cas": "0:00:00", "tezce_zran": 0, "pricina": "\u0159idi\u010d se pln\u011b nev\u011bnoval \u0159\u00edzen\u00ed vozidla", "x": 16.603377, "y": 49.216315, "mesic": 6, "objectid": 1812, "lehce_zran": 1}}, {"type": "Feature", "geometry": {"type": "Point", "coordinates": [16.651412, 49.186669]}, "properties": {"fid": 1812, "den": 3, "usmrceno": 0, "druh": "sr\u00e1\u017eka s jedouc\u00edm nekolejov\u00fdm vozidlem", "rok": 2015, "hmotna_sko": 70000, "cas": "0:00:00", "tezce_zran": 0, "pricina": "proti p\u0159\u00edkazu dopravn\u00ed zna\u010dky st\u016fj dej p\u0159ednost", "x": 16.651412, "y": 49.186669, "mesic": 6, "objectid": 1813, "lehce_zran": 1}}, {"type": "Feature", "geometry": {"type": "Point", "coordinates": [16.69455, 49.206903]}, "properties": {"fid": 1813, "den": 4, "usmrceno": 0, "druh": "sr\u00e1\u017eka s jedouc\u00edm nekolejov\u00fdm vozidlem", "rok": 2015, "hmotna_sko": 16000, "cas": "0:00:00", "tezce_zran": 0, "pricina": "\u0159idi\u010d se pln\u011b nev\u011bnoval \u0159\u00edzen\u00ed vozidla", "x": 16.69455, "y": 49.206903, "mesic": 6, "objectid": 1814, "lehce_zran": 1}}, {"type": "Feature", "geometry": {"type": "Point", "coordinates": [16.521011, 49.229359]}, "properties": {"fid": 1815, "den": 3, "usmrceno": 0, "druh": "sr\u00e1\u017eka s chodcem", "rok": 2015, "hmotna_sko": 1000, "cas": "0:00:00", "tezce_zran": 0, "pricina": "nezavin\u011bn\u00e1 \u0159idi\u010dem", "x": 16.521011, "y": 49.229359, "mesic": 6, "objectid": 1816, "lehce_zran": 1}}, {"type": "Feature", "geometry": {"type": "Point", "coordinates": [16.602016, 49.183714]}, "properties": {"fid": 1816, "den": 26, "usmrceno": 0, "druh": "sr\u00e1\u017eka s jedouc\u00edm nekolejov\u00fdm vozidlem", "rok": 2015, "hmotna_sko": 50000, "cas": "0:00:00", "tezce_zran": 0, "pricina": "\u0159idi\u010d se pln\u011b nev\u011bnoval \u0159\u00edzen\u00ed vozidla", "x": 16.602016, "y": 49.183714, "mesic": 6, "objectid": 1817, "lehce_zran": 1}}, {"type": "Feature", "geometry": {"type": "Point", "coordinates": [16.629939, 49.139895]}, "properties": {"fid": 1817, "den": 22, "usmrceno": 0, "druh": "sr\u00e1\u017eka s jedouc\u00edm nekolejov\u00fdm vozidlem", "rok": 2015, "hmotna_sko": 11000, "cas": "0:00:00", "tezce_zran": 0, "pricina": "p\u0159i odbo\u010dov\u00e1n\u00ed vlevo", "x": 16.629939, "y": 49.139895, "mesic": 6, "objectid": 1818, "lehce_zran": 1}}, {"type": "Feature", "geometry": {"type": "Point", "coordinates": [16.486252, 49.179927]}, "properties": {"fid": 1818, "den": 27, "usmrceno": 0, "druh": "sr\u00e1\u017eka s jedouc\u00edm nekolejov\u00fdm vozidlem", "rok": 2015, "hmotna_sko": 40000, "cas": "0:00:00", "tezce_zran": 0, "pricina": "nedodr\u017een\u00ed bezpe\u010dn\u00e9 vzd\u00e1lenosti za vozidlem", "x": 16.486252, "y": 49.179927, "mesic": 6, "objectid": 1819, "lehce_zran": 1}}, {"type": "Feature", "geometry": {"type": "Point", "coordinates": [16.591154, 49.188104]}, "properties": {"fid": 1819, "den": 25, "usmrceno": 0, "druh": "sr\u00e1\u017eka s jedouc\u00edm nekolejov\u00fdm vozidlem", "rok": 2015, "hmotna_sko": 21000, "cas": "0:00:00", "tezce_zran": 0, "pricina": "nep\u0159izp\u016fsoben\u00ed rychlosti dopravn\u011b technick\u00e9mu stavu vozovky (zat\u00e1\u010dka, kles\u00e1n\u00ed, stoup\u00e1n\u00ed, \u0161\u00ed\u0159ka vozovky apod.)", "x": 16.591154, "y": 49.188104, "mesic": 6, "objectid": 1820, "lehce_zran": 1}}, {"type": "Feature", "geometry": {"type": "Point", "coordinates": [16.555753, 49.163742]}, "properties": {"fid": 1821, "den": 12, "usmrceno": 0, "druh": "sr\u00e1\u017eka s jedouc\u00edm nekolejov\u00fdm vozidlem", "rok": 2015, "hmotna_sko": 15000, "cas": "0:00:00", "tezce_zran": 0, "pricina": "\u0159idi\u010d se pln\u011b nev\u011bnoval \u0159\u00edzen\u00ed vozidla", "x": 16.555753, "y": 49.163742, "mesic": 6, "objectid": 1822, "lehce_zran": 1}}, {"type": "Feature", "geometry": {"type": "Point", "coordinates": [16.534646, 49.199741]}, "properties": {"fid": 1822, "den": 13, "usmrceno": 0, "druh": "sr\u00e1\u017eka s jedouc\u00edm nekolejov\u00fdm vozidlem", "rok": 2015, "hmotna_sko": 60000, "cas": "0:00:00", "tezce_zran": 0, "pricina": "p\u0159i vj\u00ed\u017ed\u011bn\u00ed na silnici", "x": 16.534646, "y": 49.199741, "mesic": 6, "objectid": 1823, "lehce_zran": 1}}, {"type": "Feature", "geometry": {"type": "Point", "coordinates": [16.531187, 49.173381]}, "properties": {"fid": 1824, "den": 11, "usmrceno": 0, "druh": "sr\u00e1\u017eka s jedouc\u00edm nekolejov\u00fdm vozidlem", "rok": 2015, "hmotna_sko": 60000, "cas": "0:00:00", "tezce_zran": 0, "pricina": "nedodr\u017een\u00ed bezpe\u010dn\u00e9 vzd\u00e1lenosti za vozidlem", "x": 16.531187, "y": 49.173381, "mesic": 6, "objectid": 1825, "lehce_zran": 1}}, {"type": "Feature", "geometry": {"type": "Point", "coordinates": [16.620639, 49.189848]}, "properties": {"fid": 1825, "den": 11, "usmrceno": 0, "druh": "sr\u00e1\u017eka s jedouc\u00edm nekolejov\u00fdm vozidlem", "rok": 2015, "hmotna_sko": 50000, "cas": "0:00:00", "tezce_zran": 0, "pricina": "proti p\u0159\u00edkazu dopravn\u00ed zna\u010dky dej p\u0159ednost", "x": 16.620639, "y": 49.189848, "mesic": 6, "objectid": 1826, "lehce_zran": 1}}, {"type": "Feature", "geometry": {"type": "Point", "coordinates": [16.428722, 49.206224]}, "properties": {"fid": 1826, "den": 3, "usmrceno": 0, "druh": "sr\u00e1\u017eka s jedouc\u00edm nekolejov\u00fdm vozidlem", "rok": 2015, "hmotna_sko": 170000, "cas": "0:00:00", "tezce_zran": 0, "pricina": "nep\u0159izp\u016fsoben\u00ed rychlosti dopravn\u011b technick\u00e9mu stavu vozovky (zat\u00e1\u010dka, kles\u00e1n\u00ed, stoup\u00e1n\u00ed, \u0161\u00ed\u0159ka vozovky apod.)", "x": 16.428722, "y": 49.206224, "mesic": 6, "objectid": 1827, "lehce_zran": 1}}, {"type": "Feature", "geometry": {"type": "Point", "coordinates": [16.595499, 49.196772]}, "properties": {"fid": 1827, "den": 6, "usmrceno": 0, "druh": "sr\u00e1\u017eka s chodcem", "rok": 2015, "hmotna_sko": 0, "cas": "0:00:00", "tezce_zran": 0, "pricina": "\u0159idi\u010d se pln\u011b nev\u011bnoval \u0159\u00edzen\u00ed vozidla", "x": 16.595499, "y": 49.196772, "mesic": 6, "objectid": 1828, "lehce_zran": 1}}, {"type": "Feature", "geometry": {"type": "Point", "coordinates": [16.583327, 49.174648]}, "properties": {"fid": 1828, "den": 1, "usmrceno": 0, "druh": "sr\u00e1\u017eka s jedouc\u00edm nekolejov\u00fdm vozidlem", "rok": 2015, "hmotna_sko": 150000, "cas": "0:00:00", "tezce_zran": 0, "pricina": "proti p\u0159\u00edkazu dopravn\u00ed zna\u010dky st\u016fj dej p\u0159ednost", "x": 16.583327, "y": 49.174648, "mesic": 6, "objectid": 1829, "lehce_zran": 2}}, {"type": "Feature", "geometry": {"type": "Point", "coordinates": [16.743082, 49.18313]}, "properties": {"fid": 1830, "den": 12, "usmrceno": 0, "druh": "sr\u00e1\u017eka s jedouc\u00edm nekolejov\u00fdm vozidlem", "rok": 2015, "hmotna_sko": 220000, "cas": "0:00:00", "tezce_zran": 0, "pricina": "j\u00edzda po nespr\u00e1vn\u00e9 stran\u011b vozovky, vjet\u00ed do protism\u011bru", "x": 16.743082, "y": 49.18313, "mesic": 6, "objectid": 1831, "lehce_zran": 3}}, {"type": "Feature", "geometry": {"type": "Point", "coordinates": [16.552288, 49.066679]}, "properties": {"fid": 1831, "den": 15, "usmrceno": 0, "druh": "sr\u00e1\u017eka s pevnou p\u0159ek\u00e1\u017ekou", "rok": 2015, "hmotna_sko": 95000, "cas": "0:00:00", "tezce_zran": 0, "pricina": "\u0159idi\u010d se pln\u011b nev\u011bnoval \u0159\u00edzen\u00ed vozidla", "x": 16.552288, "y": 49.066679, "mesic": 6, "objectid": 1832, "lehce_zran": 1}}, {"type": "Feature", "geometry": {"type": "Point", "coordinates": [16.447233, 49.200295]}, "properties": {"fid": 1832, "den": 27, "usmrceno": 0, "druh": "nehoda", "rok": 2015, "hmotna_sko": 0, "cas": "0:00:00", "tezce_zran": 0, "pricina": "bezohledn\u00e1, agresivn\u00ed, neohledupln\u00e1 j\u00edzda", "x": 16.447233, "y": 49.200295, "mesic": 6, "objectid": 1833, "lehce_zran": 1}}, {"type": "Feature", "geometry": {"type": "Point", "coordinates": [16.710769, 49.237624]}, "properties": {"fid": 1833, "den": 23, "usmrceno": 0, "druh": "sr\u00e1\u017eka s jedouc\u00edm nekolejov\u00fdm vozidlem", "rok": 2015, "hmotna_sko": 70000, "cas": "0:00:00", "tezce_zran": 0, "pricina": "nep\u0159izp\u016fsoben\u00ed rychlosti dopravn\u011b technick\u00e9mu stavu vozovky (zat\u00e1\u010dka, kles\u00e1n\u00ed, stoup\u00e1n\u00ed, \u0161\u00ed\u0159ka vozovky apod.)", "x": 16.710769, "y": 49.237624, "mesic": 6, "objectid": 1834, "lehce_zran": 3}}, {"type": "Feature", "geometry": {"type": "Point", "coordinates": [16.615763, 49.193458]}, "properties": {"fid": 1834, "den": 30, "usmrceno": 0, "druh": "sr\u00e1\u017eka s jedouc\u00edm nekolejov\u00fdm vozidlem", "rok": 2015, "hmotna_sko": 52000, "cas": "0:00:00", "tezce_zran": 0, "pricina": "nedodr\u017een\u00ed bezpe\u010dn\u00e9 vzd\u00e1lenosti za vozidlem", "x": 16.615763, "y": 49.193458, "mesic": 6, "objectid": 1835, "lehce_zran": 1}}, {"type": "Feature", "geometry": {"type": "Point", "coordinates": [16.617326, 49.186557]}, "properties": {"fid": 1836, "den": 7, "usmrceno": 0, "druh": "sr\u00e1\u017eka s jedouc\u00edm nekolejov\u00fdm vozidlem", "rok": 2015, "hmotna_sko": 20500, "cas": "0:00:00", "tezce_zran": 0, "pricina": "p\u0159i odbo\u010dov\u00e1n\u00ed vlevo", "x": 16.617326, "y": 49.186557, "mesic": 6, "objectid": 1837, "lehce_zran": 1}}, {"type": "Feature", "geometry": {"type": "Point", "coordinates": [16.588826, 49.223643]}, "properties": {"fid": 1837, "den": 12, "usmrceno": 0, "druh": "sr\u00e1\u017eka s chodcem", "rok": 2015, "hmotna_sko": 0, "cas": "0:00:00", "tezce_zran": 0, "pricina": "\u0159idi\u010d se pln\u011b nev\u011bnoval \u0159\u00edzen\u00ed vozidla", "x": 16.588826, "y": 49.223643, "mesic": 6, "objectid": 1838, "lehce_zran": 1}}, {"type": "Feature", "geometry": {"type": "Point", "coordinates": [16.575204, 49.242614]}, "properties": {"fid": 1839, "den": 23, "usmrceno": 0, "druh": "sr\u00e1\u017eka s jedouc\u00edm nekolejov\u00fdm vozidlem", "rok": 2015, "hmotna_sko": 15000, "cas": "0:00:00", "tezce_zran": 0, "pricina": "p\u0159i p\u0159edj\u00ed\u017ed\u011bn\u00ed do\u0161lo k ohro\u017een\u00ed p\u0159edj\u00ed\u017ed\u011bn\u00e9ho \u0159idi\u010de vozidla (vynucen\u00e9 za\u0159azen\u00ed, p\u0159edj\u00ed\u017ed\u011bn\u00fd \u0159idi\u010d musel prudce brzdit, m\u011bnit sm\u011br j\u00edzdy apod.)", "x": 16.575204, "y": 49.242614, "mesic": 6, "objectid": 1840, "lehce_zran": 1}}, {"type": "Feature", "geometry": {"type": "Point", "coordinates": [16.566441, 49.193339]}, "properties": {"fid": 1840, "den": 29, "usmrceno": 0, "druh": "sr\u00e1\u017eka s jedouc\u00edm nekolejov\u00fdm vozidlem", "rok": 2015, "hmotna_sko": 0, "cas": "0:00:00", "tezce_zran": 0, "pricina": "proti p\u0159\u00edkazu dopravn\u00ed zna\u010dky st\u016fj dej p\u0159ednost", "x": 16.566441, "y": 49.193339, "mesic": 6, "objectid": 1841, "lehce_zran": 3}}, {"type": "Feature", "geometry": {"type": "Point", "coordinates": [16.604084, 49.089421]}, "properties": {"fid": 1841, "den": 26, "usmrceno": 0, "druh": "sr\u00e1\u017eka s chodcem", "rok": 2015, "hmotna_sko": 0, "cas": "0:00:00", "tezce_zran": 0, "pricina": "nezavin\u011bn\u00e1 \u0159idi\u010dem", "x": 16.604084, "y": 49.089421, "mesic": 6, "objectid": 1842, "lehce_zran": 2}}, {"type": "Feature", "geometry": {"type": "Point", "coordinates": [16.606455, 49.208414]}, "properties": {"fid": 1843, "den": 1, "usmrceno": 0, "druh": "sr\u00e1\u017eka s jedouc\u00edm nekolejov\u00fdm vozidlem", "rok": 2015, "hmotna_sko": 0, "cas": "0:00:00", "tezce_zran": 0, "pricina": "nedodr\u017een\u00ed bezpe\u010dn\u00e9 vzd\u00e1lenosti za vozidlem", "x": 16.606455, "y": 49.208414, "mesic": 6, "objectid": 1844, "lehce_zran": 1}}, {"type": "Feature", "geometry": {"type": "Point", "coordinates": [16.599391, 49.226966]}, "properties": {"fid": 1844, "den": 7, "usmrceno": 0, "druh": "sr\u00e1\u017eka s pevnou p\u0159ek\u00e1\u017ekou", "rok": 2015, "hmotna_sko": 160000, "cas": "0:00:00", "tezce_zran": 0, "pricina": "nep\u0159izp\u016fsoben\u00ed rychlosti dopravn\u011b technick\u00e9mu stavu vozovky (zat\u00e1\u010dka, kles\u00e1n\u00ed, stoup\u00e1n\u00ed, \u0161\u00ed\u0159ka vozovky apod.)", "x": 16.599391, "y": 49.226966, "mesic": 6, "objectid": 1845, "lehce_zran": 0}}, {"type": "Feature", "geometry": {"type": "Point", "coordinates": [16.591549, 49.185017]}, "properties": {"fid": 1845, "den": 6, "usmrceno": 0, "druh": "sr\u00e1\u017eka s vozidlem zaparkovan\u00fdm, odstaven\u00fdm", "rok": 2015, "hmotna_sko": 30000, "cas": "0:00:00", "tezce_zran": 0, "pricina": "\u0159idi\u010d se pln\u011b nev\u011bnoval \u0159\u00edzen\u00ed vozidla", "x": 16.591549, "y": 49.185017, "mesic": 6, "objectid": 1846, "lehce_zran": 0}}, {"type": "Feature", "geometry": {"type": "Point", "coordinates": [16.61019, 49.192416]}, "properties": {"fid": 1846, "den": 4, "usmrceno": 0, "druh": "sr\u00e1\u017eka s pevnou p\u0159ek\u00e1\u017ekou", "rok": 2015, "hmotna_sko": 3000, "cas": "0:00:00", "tezce_zran": 0, "pricina": "\u0159idi\u010d se pln\u011b nev\u011bnoval \u0159\u00edzen\u00ed vozidla", "x": 16.61019, "y": 49.192416, "mesic": 6, "objectid": 1847, "lehce_zran": 0}}, {"type": "Feature", "geometry": {"type": "Point", "coordinates": [16.555859, 49.113707]}, "properties": {"fid": 1848, "den": 14, "usmrceno": 0, "druh": "jin\u00fd druh nehody", "rok": 2015, "hmotna_sko": 10000, "cas": "0:00:00", "tezce_zran": 0, "pricina": "nezavin\u011bn\u00e1 \u0159idi\u010dem", "x": 16.555859, "y": 49.113707, "mesic": 6, "objectid": 1849, "lehce_zran": 0}}, {"type": "Feature", "geometry": {"type": "Point", "coordinates": [16.603518, 49.090403]}, "properties": {"fid": 1849, "den": 15, "usmrceno": 0, "druh": "sr\u00e1\u017eka s pevnou p\u0159ek\u00e1\u017ekou", "rok": 2015, "hmotna_sko": 115000, "cas": "0:00:00", "tezce_zran": 0, "pricina": "\u0159idi\u010d se pln\u011b nev\u011bnoval \u0159\u00edzen\u00ed vozidla", "x": 16.603518, "y": 49.090403, "mesic": 6, "objectid": 1850, "lehce_zran": 0}}, {"type": "Feature", "geometry": {"type": "Point", "coordinates": [16.642953, 49.211155]}, "properties": {"fid": 1850, "den": 17, "usmrceno": 0, "druh": "sr\u00e1\u017eka s jedouc\u00edm nekolejov\u00fdm vozidlem", "rok": 2015, "hmotna_sko": 65000, "cas": "0:00:00", "tezce_zran": 0, "pricina": "\u0159idi\u010d se pln\u011b nev\u011bnoval \u0159\u00edzen\u00ed vozidla", "x": 16.642953, "y": 49.211155, "mesic": 6, "objectid": 1851, "lehce_zran": 0}}, {"type": "Feature", "geometry": {"type": "Point", "coordinates": [16.65534, 49.197185]}, "properties": {"fid": 1851, "den": 12, "usmrceno": 0, "druh": "sr\u00e1\u017eka s jedouc\u00edm nekolejov\u00fdm vozidlem", "rok": 2015, "hmotna_sko": 200000, "cas": "0:00:00", "tezce_zran": 0, "pricina": "p\u0159i vj\u00ed\u017ed\u011bn\u00ed na silnici", "x": 16.65534, "y": 49.197185, "mesic": 6, "objectid": 1852, "lehce_zran": 0}}, {"type": "Feature", "geometry": {"type": "Point", "coordinates": [16.491465, 49.073915]}, "properties": {"fid": 1852, "den": 24, "usmrceno": 0, "druh": "sr\u00e1\u017eka s jedouc\u00edm nekolejov\u00fdm vozidlem", "rok": 2015, "hmotna_sko": 140000, "cas": "0:00:00", "tezce_zran": 0, "pricina": "j\u00edzda po nespr\u00e1vn\u00e9 stran\u011b vozovky, vjet\u00ed do protism\u011bru", "x": 16.491465, "y": 49.073915, "mesic": 6, "objectid": 1853, "lehce_zran": 0}}, {"type": "Feature", "geometry": {"type": "Point", "coordinates": [16.437781, 49.274345]}, "properties": {"fid": 1854, "den": 23, "usmrceno": 0, "druh": "sr\u00e1\u017eka s jedouc\u00edm nekolejov\u00fdm vozidlem", "rok": 2015, "hmotna_sko": 160000, "cas": "0:00:00", "tezce_zran": 0, "pricina": "p\u0159i vj\u00ed\u017ed\u011bn\u00ed na silnici", "x": 16.437781, "y": 49.274345, "mesic": 6, "objectid": 1855, "lehce_zran": 0}}, {"type": "Feature", "geometry": {"type": "Point", "coordinates": [16.546154, 49.026024]}, "properties": {"fid": 1855, "den": 26, "usmrceno": 0, "druh": "sr\u00e1\u017eka s pevnou p\u0159ek\u00e1\u017ekou", "rok": 2015, "hmotna_sko": 60000, "cas": "0:00:00", "tezce_zran": 0, "pricina": "nezvl\u00e1dnut\u00ed \u0159\u00edzen\u00ed vozidla", "x": 16.546154, "y": 49.026024, "mesic": 6, "objectid": 1856, "lehce_zran": 0}}, {"type": "Feature", "geometry": {"type": "Point", "coordinates": [16.618231, 49.125788]}, "properties": {"fid": 1856, "den": 27, "usmrceno": 0, "druh": "sr\u00e1\u017eka s pevnou p\u0159ek\u00e1\u017ekou", "rok": 2015, "hmotna_sko": 65000, "cas": "0:00:00", "tezce_zran": 0, "pricina": "nespr\u00e1vn\u00e9 ot\u00e1\u010den\u00ed nebo couv\u00e1n\u00ed", "x": 16.618231, "y": 49.125788, "mesic": 6, "objectid": 1857, "lehce_zran": 0}}, {"type": "Feature", "geometry": {"type": "Point", "coordinates": [16.708319, 49.179813]}, "properties": {"fid": 1857, "den": 30, "usmrceno": 0, "druh": "sr\u00e1\u017eka s lesn\u00ed zv\u011b\u0159\u00ed", "rok": 2015, "hmotna_sko": 122900, "cas": "0:00:00", "tezce_zran": 0, "pricina": "nezavin\u011bn\u00e1 \u0159idi\u010dem", "x": 16.708319, "y": 49.179813, "mesic": 6, "objectid": 1858, "lehce_zran": 0}}, {"type": "Feature", "geometry": {"type": "Point", "coordinates": [16.626789, 49.238639]}, "properties": {"fid": 1858, "den": 27, "usmrceno": 0, "druh": "sr\u00e1\u017eka s lesn\u00ed zv\u011b\u0159\u00ed", "rok": 2015, "hmotna_sko": 30000, "cas": "0:00:00", "tezce_zran": 0, "pricina": "nezavin\u011bn\u00e1 \u0159idi\u010dem", "x": 16.626789, "y": 49.238639, "mesic": 6, "objectid": 1859, "lehce_zran": 0}}, {"type": "Feature", "geometry": {"type": "Point", "coordinates": [16.600667, 49.182783]}, "properties": {"fid": 1859, "den": 27, "usmrceno": 0, "druh": "sr\u00e1\u017eka s pevnou p\u0159ek\u00e1\u017ekou", "rok": 2015, "hmotna_sko": 10000, "cas": "0:00:00", "tezce_zran": 0, "pricina": "\u0159idi\u010d se pln\u011b nev\u011bnoval \u0159\u00edzen\u00ed vozidla", "x": 16.600667, "y": 49.182783, "mesic": 6, "objectid": 1860, "lehce_zran": 0}}, {"type": "Feature", "geometry": {"type": "Point", "coordinates": [16.524112, 49.222125]}, "properties": {"fid": 1860, "den": 28, "usmrceno": 0, "druh": "sr\u00e1\u017eka s vozidlem zaparkovan\u00fdm, odstaven\u00fdm", "rok": 2015, "hmotna_sko": 25000, "cas": "0:00:00", "tezce_zran": 0, "pricina": "\u0159idi\u010d se pln\u011b nev\u011bnoval \u0159\u00edzen\u00ed vozidla", "x": 16.524112, "y": 49.222125, "mesic": 6, "objectid": 1861, "lehce_zran": 0}}, {"type": "Feature", "geometry": {"type": "Point", "coordinates": [16.698932, 49.28508]}, "properties": {"fid": 1861, "den": 29, "usmrceno": 0, "druh": "sr\u00e1\u017eka s vozidlem zaparkovan\u00fdm, odstaven\u00fdm", "rok": 2015, "hmotna_sko": 125000, "cas": "0:00:00", "tezce_zran": 0, "pricina": "samovoln\u00e9 rozjet\u00ed nezaji\u0161t\u011bn\u00e9ho vozidla", "x": 16.698932, "y": 49.28508, "mesic": 6, "objectid": 1862, "lehce_zran": 0}}, {"type": "Feature", "geometry": {"type": "Point", "coordinates": [16.652292, 49.106509]}, "properties": {"fid": 1862, "den": 4, "usmrceno": 0, "druh": "sr\u00e1\u017eka s pevnou p\u0159ek\u00e1\u017ekou", "rok": 2015, "hmotna_sko": 160000, "cas": "0:00:00", "tezce_zran": 0, "pricina": "\u0159idi\u010d se pln\u011b nev\u011bnoval \u0159\u00edzen\u00ed vozidla", "x": 16.652292, "y": 49.106509, "mesic": 6, "objectid": 1863, "lehce_zran": 0}}, {"type": "Feature", "geometry": {"type": "Point", "coordinates": [16.65868, 49.151383]}, "properties": {"fid": 1863, "den": 8, "usmrceno": 0, "druh": "sr\u00e1\u017eka s pevnou p\u0159ek\u00e1\u017ekou", "rok": 2015, "hmotna_sko": 130000, "cas": "0:00:00", "tezce_zran": 0, "pricina": "nep\u0159izp\u016fsoben\u00ed rychlosti dopravn\u011b technick\u00e9mu stavu vozovky (zat\u00e1\u010dka, kles\u00e1n\u00ed, stoup\u00e1n\u00ed, \u0161\u00ed\u0159ka vozovky apod.)", "x": 16.65868, "y": 49.151383, "mesic": 6, "objectid": 1864, "lehce_zran": 0}}, {"type": "Feature", "geometry": {"type": "Point", "coordinates": [16.555469, 49.169323]}, "properties": {"fid": 1864, "den": 7, "usmrceno": 0, "druh": "sr\u00e1\u017eka s pevnou p\u0159ek\u00e1\u017ekou", "rok": 2015, "hmotna_sko": 15000, "cas": "0:00:00", "tezce_zran": 0, "pricina": "nep\u0159izp\u016fsoben\u00ed rychlosti dopravn\u011b technick\u00e9mu stavu vozovky (zat\u00e1\u010dka, kles\u00e1n\u00ed, stoup\u00e1n\u00ed, \u0161\u00ed\u0159ka vozovky apod.)", "x": 16.555469, "y": 49.169323, "mesic": 6, "objectid": 1865, "lehce_zran": 0}}, {"type": "Feature", "geometry": {"type": "Point", "coordinates": [16.615281, 49.186334]}, "properties": {"fid": 1865, "den": 8, "usmrceno": 0, "druh": "jin\u00fd druh nehody", "rok": 2015, "hmotna_sko": 80000, "cas": "0:00:00", "tezce_zran": 0, "pricina": "\u0159idi\u010d se pln\u011b nev\u011bnoval \u0159\u00edzen\u00ed vozidla", "x": 16.615281, "y": 49.186334, "mesic": 6, "objectid": 1866, "lehce_zran": 0}}, {"type": "Feature", "geometry": {"type": "Point", "coordinates": [16.681618, 49.213196]}, "properties": {"fid": 1866, "den": 15, "usmrceno": 0, "druh": "sr\u00e1\u017eka s vozidlem zaparkovan\u00fdm, odstaven\u00fdm", "rok": 2015, "hmotna_sko": 19000, "cas": "0:00:00", "tezce_zran": 0, "pricina": "\u0159idi\u010d se pln\u011b nev\u011bnoval \u0159\u00edzen\u00ed vozidla", "x": 16.681618, "y": 49.213196, "mesic": 6, "objectid": 1867, "lehce_zran": 0}}, {"type": "Feature", "geometry": {"type": "Point", "coordinates": [16.558805, 49.073541]}, "properties": {"fid": 1867, "den": 18, "usmrceno": 0, "druh": "nehoda", "rok": 2015, "hmotna_sko": 150000, "cas": "0:00:00", "tezce_zran": 0, "pricina": "nep\u0159izp\u016fsoben\u00ed rychlosti vlastnostem vozidla a n\u00e1kladu", "x": 16.558805, "y": 49.073541, "mesic": 6, "objectid": 1868, "lehce_zran": 0}}, {"type": "Feature", "geometry": {"type": "Point", "coordinates": [16.583267, 49.215529]}, "properties": {"fid": 1869, "den": 1, "usmrceno": 0, "druh": "sr\u00e1\u017eka s pevnou p\u0159ek\u00e1\u017ekou", "rok": 2015, "hmotna_sko": 10000, "cas": "0:00:00", "tezce_zran": 0, "pricina": "\u0159idi\u010d se pln\u011b nev\u011bnoval \u0159\u00edzen\u00ed vozidla", "x": 16.583267, "y": 49.215529, "mesic": 6, "objectid": 1870, "lehce_zran": 0}}, {"type": "Feature", "geometry": {"type": "Point", "coordinates": [16.595702, 49.191077]}, "properties": {"fid": 1871, "den": 22, "usmrceno": 0, "druh": "sr\u00e1\u017eka s pevnou p\u0159ek\u00e1\u017ekou", "rok": 2015, "hmotna_sko": 21000, "cas": "0:00:00", "tezce_zran": 0, "pricina": "\u0159idi\u010d se pln\u011b nev\u011bnoval \u0159\u00edzen\u00ed vozidla", "x": 16.595702, "y": 49.191077, "mesic": 6, "objectid": 1872, "lehce_zran": 0}}, {"type": "Feature", "geometry": {"type": "Point", "coordinates": [16.531189, 49.224461]}, "properties": {"fid": 1872, "den": 23, "usmrceno": 0, "druh": "sr\u00e1\u017eka s pevnou p\u0159ek\u00e1\u017ekou", "rok": 2015, "hmotna_sko": 90000, "cas": "0:00:00", "tezce_zran": 0, "pricina": "jin\u00fd druh nep\u0159im\u011b\u0159en\u00e9 rychlosti", "x": 16.531189, "y": 49.224461, "mesic": 6, "objectid": 1873, "lehce_zran": 0}}, {"type": "Feature", "geometry": {"type": "Point", "coordinates": [16.599886, 49.210026]}, "properties": {"fid": 1873, "den": 29, "usmrceno": 0, "druh": "sr\u00e1\u017eka s pevnou p\u0159ek\u00e1\u017ekou", "rok": 2015, "hmotna_sko": 5000, "cas": "0:00:00", "tezce_zran": 0, "pricina": "\u0159idi\u010d se pln\u011b nev\u011bnoval \u0159\u00edzen\u00ed vozidla", "x": 16.599886, "y": 49.210026, "mesic": 6, "objectid": 1874, "lehce_zran": 0}}, {"type": "Feature", "geometry": {"type": "Point", "coordinates": [16.610164, 49.190801]}, "properties": {"fid": 1874, "den": 29, "usmrceno": 0, "druh": "sr\u00e1\u017eka s pevnou p\u0159ek\u00e1\u017ekou", "rok": 2015, "hmotna_sko": 25000, "cas": "0:00:00", "tezce_zran": 0, "pricina": "\u0159idi\u010d se pln\u011b nev\u011bnoval \u0159\u00edzen\u00ed vozidla", "x": 16.610164, "y": 49.190801, "mesic": 6, "objectid": 1875, "lehce_zran": 0}}, {"type": "Feature", "geometry": {"type": "Point", "coordinates": [16.45335, 49.187575]}, "properties": {"fid": 1875, "den": 9, "usmrceno": 0, "druh": "sr\u00e1\u017eka s jedouc\u00edm nekolejov\u00fdm vozidlem", "rok": 2015, "hmotna_sko": 30000, "cas": "0:00:00", "tezce_zran": 0, "pricina": "bezohledn\u00e1, agresivn\u00ed, neohledupln\u00e1 j\u00edzda", "x": 16.45335, "y": 49.187575, "mesic": 6, "objectid": 1876, "lehce_zran": 0}}, {"type": "Feature", "geometry": {"type": "Point", "coordinates": [16.537593, 49.196935]}, "properties": {"fid": 1877, "den": 27, "usmrceno": 0, "druh": "sr\u00e1\u017eka s vozidlem zaparkovan\u00fdm, odstaven\u00fdm", "rok": 2015, "hmotna_sko": 20000, "cas": "0:00:00", "tezce_zran": 0, "pricina": "\u0159idi\u010d se pln\u011b nev\u011bnoval \u0159\u00edzen\u00ed vozidla", "x": 16.537593, "y": 49.196935, "mesic": 6, "objectid": 1878, "lehce_zran": 0}}, {"type": "Feature", "geometry": {"type": "Point", "coordinates": [16.548087, 49.17338]}, "properties": {"fid": 1879, "den": 8, "usmrceno": 0, "druh": "sr\u00e1\u017eka s pevnou p\u0159ek\u00e1\u017ekou", "rok": 2015, "hmotna_sko": 60000, "cas": "0:00:00", "tezce_zran": 0, "pricina": "nezvl\u00e1dnut\u00ed \u0159\u00edzen\u00ed vozidla", "x": 16.548087, "y": 49.17338, "mesic": 6, "objectid": 1880, "lehce_zran": 0}}, {"type": "Feature", "geometry": {"type": "Point", "coordinates": [16.599741, 49.225478]}, "properties": {"fid": 1880, "den": 5, "usmrceno": 0, "druh": "sr\u00e1\u017eka s jedouc\u00edm nekolejov\u00fdm vozidlem", "rok": 2015, "hmotna_sko": 121000, "cas": "0:00:00", "tezce_zran": 0, "pricina": "p\u0159i p\u0159ej\u00ed\u017ed\u011bn\u00ed z jednoho j\u00edzdn\u00edho pruhu do druh\u00e9ho", "x": 16.599741, "y": 49.225478, "mesic": 6, "objectid": 1881, "lehce_zran": 0}}, {"type": "Feature", "geometry": {"type": "Point", "coordinates": [16.537009, 49.193993]}, "properties": {"fid": 1881, "den": 11, "usmrceno": 0, "druh": "sr\u00e1\u017eka s pevnou p\u0159ek\u00e1\u017ekou", "rok": 2015, "hmotna_sko": 70000, "cas": "0:00:00", "tezce_zran": 0, "pricina": "vozidlu p\u0159ij\u00ed\u017ed\u011bj\u00edc\u00edmu zprava", "x": 16.537009, "y": 49.193993, "mesic": 6, "objectid": 1882, "lehce_zran": 0}}, {"type": "Feature", "geometry": {"type": "Point", "coordinates": [16.547455, 49.111008]}, "properties": {"fid": 1882, "den": 17, "usmrceno": 0, "druh": "nehoda", "rok": 2015, "hmotna_sko": 40000, "cas": "0:00:00", "tezce_zran": 0, "pricina": "nep\u0159izp\u016fsoben\u00ed rychlosti dopravn\u011b technick\u00e9mu stavu vozovky (zat\u00e1\u010dka, kles\u00e1n\u00ed, stoup\u00e1n\u00ed, \u0161\u00ed\u0159ka vozovky apod.)", "x": 16.547455, "y": 49.111008, "mesic": 6, "objectid": 1883, "lehce_zran": 0}}, {"type": "Feature", "geometry": {"type": "Point", "coordinates": [16.668206, 49.147656]}, "properties": {"fid": 1883, "den": 17, "usmrceno": 0, "druh": "sr\u00e1\u017eka s jedouc\u00edm nekolejov\u00fdm vozidlem", "rok": 2015, "hmotna_sko": 60000, "cas": "0:00:00", "tezce_zran": 0, "pricina": "proti p\u0159\u00edkazu dopravn\u00ed zna\u010dky dej p\u0159ednost", "x": 16.668206, "y": 49.147656, "mesic": 6, "objectid": 1884, "lehce_zran": 0}}, {"type": "Feature", "geometry": {"type": "Point", "coordinates": [16.416961, 49.22569]}, "properties": {"fid": 1885, "den": 20, "usmrceno": 0, "druh": "sr\u00e1\u017eka s lesn\u00ed zv\u011b\u0159\u00ed", "rok": 2015, "hmotna_sko": 38000, "cas": "0:00:00", "tezce_zran": 0, "pricina": "nezavin\u011bn\u00e1 \u0159idi\u010dem", "x": 16.416961, "y": 49.22569, "mesic": 6, "objectid": 1886, "lehce_zran": 0}}, {"type": "Feature", "geometry": {"type": "Point", "coordinates": [16.589203, 49.21281]}, "properties": {"fid": 1886, "den": 19, "usmrceno": 0, "druh": "sr\u00e1\u017eka s jedouc\u00edm nekolejov\u00fdm vozidlem", "rok": 2015, "hmotna_sko": 160000, "cas": "0:00:00", "tezce_zran": 0, "pricina": "proti p\u0159\u00edkazu dopravn\u00ed zna\u010dky dej p\u0159ednost", "x": 16.589203, "y": 49.21281, "mesic": 6, "objectid": 1887, "lehce_zran": 0}}, {"type": "Feature", "geometry": {"type": "Point", "coordinates": [16.570236, 49.206662]}, "properties": {"fid": 1887, "den": 21, "usmrceno": 0, "druh": "sr\u00e1\u017eka s pevnou p\u0159ek\u00e1\u017ekou", "rok": 2015, "hmotna_sko": 225000, "cas": "0:00:00", "tezce_zran": 0, "pricina": "nep\u0159izp\u016fsoben\u00ed rychlosti intenzit\u011b (hustot\u011b) provozu", "x": 16.570236, "y": 49.206662, "mesic": 6, "objectid": 1888, "lehce_zran": 0}}, {"type": "Feature", "geometry": {"type": "Point", "coordinates": [16.61839, 49.207638]}, "properties": {"fid": 1888, "den": 23, "usmrceno": 0, "druh": "sr\u00e1\u017eka s jedouc\u00edm nekolejov\u00fdm vozidlem", "rok": 2015, "hmotna_sko": 100000, "cas": "0:00:00", "tezce_zran": 0, "pricina": "vozidlu p\u0159ij\u00ed\u017ed\u011bj\u00edc\u00edmu zprava", "x": 16.61839, "y": 49.207638, "mesic": 6, "objectid": 1889, "lehce_zran": 0}}, {"type": "Feature", "geometry": {"type": "Point", "coordinates": [16.591522, 49.231367]}, "properties": {"fid": 1889, "den": 27, "usmrceno": 0, "druh": "sr\u00e1\u017eka s vozidlem zaparkovan\u00fdm, odstaven\u00fdm", "rok": 2015, "hmotna_sko": 23000, "cas": "0:00:00", "tezce_zran": 0, "pricina": "\u0159idi\u010d se pln\u011b nev\u011bnoval \u0159\u00edzen\u00ed vozidla", "x": 16.591522, "y": 49.231367, "mesic": 6, "objectid": 1890, "lehce_zran": 0}}, {"type": "Feature", "geometry": {"type": "Point", "coordinates": [16.626281, 49.202328]}, "properties": {"fid": 1890, "den": 30, "usmrceno": 0, "druh": "sr\u00e1\u017eka s jedouc\u00edm nekolejov\u00fdm vozidlem", "rok": 2015, "hmotna_sko": 20000, "cas": "0:00:00", "tezce_zran": 0, "pricina": "\u0159idi\u010d se pln\u011b nev\u011bnoval \u0159\u00edzen\u00ed vozidla", "x": 16.626281, "y": 49.202328, "mesic": 6, "objectid": 1891, "lehce_zran": 0}}, {"type": "Feature", "geometry": {"type": "Point", "coordinates": [16.594019, 49.203595]}, "properties": {"fid": 1891, "den": 30, "usmrceno": 0, "druh": "sr\u00e1\u017eka s vozidlem zaparkovan\u00fdm, odstaven\u00fdm", "rok": 2015, "hmotna_sko": 20000, "cas": "0:00:00", "tezce_zran": 0, "pricina": "\u0159idi\u010d se pln\u011b nev\u011bnoval \u0159\u00edzen\u00ed vozidla", "x": 16.594019, "y": 49.203595, "mesic": 6, "objectid": 1892, "lehce_zran": 0}}, {"type": "Feature", "geometry": {"type": "Point", "coordinates": [16.577833, 49.261357]}, "properties": {"fid": 1892, "den": 30, "usmrceno": 0, "druh": "sr\u00e1\u017eka s jedouc\u00edm nekolejov\u00fdm vozidlem", "rok": 2015, "hmotna_sko": 10000, "cas": "0:00:00", "tezce_zran": 0, "pricina": "\u0159idi\u010d se pln\u011b nev\u011bnoval \u0159\u00edzen\u00ed vozidla", "x": 16.577833, "y": 49.261357, "mesic": 6, "objectid": 1893, "lehce_zran": 0}}, {"type": "Feature", "geometry": {"type": "Point", "coordinates": [16.648991, 49.196558]}, "properties": {"fid": 1896, "den": 5, "usmrceno": 0, "druh": "sr\u00e1\u017eka s vozidlem zaparkovan\u00fdm, odstaven\u00fdm", "rok": 2015, "hmotna_sko": 20000, "cas": "0:00:00", "tezce_zran": 0, "pricina": "\u0159idi\u010d se pln\u011b nev\u011bnoval \u0159\u00edzen\u00ed vozidla", "x": 16.648991, "y": 49.196558, "mesic": 6, "objectid": 1897, "lehce_zran": 0}}, {"type": "Feature", "geometry": {"type": "Point", "coordinates": [16.562447, 49.200648]}, "properties": {"fid": 1897, "den": 3, "usmrceno": 0, "druh": "sr\u00e1\u017eka s vozidlem zaparkovan\u00fdm, odstaven\u00fdm", "rok": 2015, "hmotna_sko": 15000, "cas": "0:00:00", "tezce_zran": 0, "pricina": "nezvl\u00e1dnut\u00ed \u0159\u00edzen\u00ed vozidla", "x": 16.562447, "y": 49.200648, "mesic": 6, "objectid": 1898, "lehce_zran": 0}}, {"type": "Feature", "geometry": {"type": "Point", "coordinates": [16.574024, 49.213863]}, "properties": {"fid": 1898, "den": 8, "usmrceno": 0, "druh": "sr\u00e1\u017eka s pevnou p\u0159ek\u00e1\u017ekou", "rok": 2015, "hmotna_sko": 250000, "cas": "0:00:00", "tezce_zran": 0, "pricina": "nep\u0159izp\u016fsoben\u00ed rychlosti dopravn\u011b technick\u00e9mu stavu vozovky (zat\u00e1\u010dka, kles\u00e1n\u00ed, stoup\u00e1n\u00ed, \u0161\u00ed\u0159ka vozovky apod.)", "x": 16.574024, "y": 49.213863, "mesic": 6, "objectid": 1899, "lehce_zran": 0}}, {"type": "Feature", "geometry": {"type": "Point", "coordinates": [16.595206, 49.184818]}, "properties": {"fid": 1900, "den": 15, "usmrceno": 0, "druh": "sr\u00e1\u017eka s jedouc\u00edm nekolejov\u00fdm vozidlem", "rok": 2015, "hmotna_sko": 65000, "cas": "0:00:00", "tezce_zran": 0, "pricina": "proti p\u0159\u00edkazu dopravn\u00ed zna\u010dky dej p\u0159ednost", "x": 16.595206, "y": 49.184818, "mesic": 6, "objectid": 1901, "lehce_zran": 0}}, {"type": "Feature", "geometry": {"type": "Point", "coordinates": [16.616077, 49.196363]}, "properties": {"fid": 1901, "den": 12, "usmrceno": 0, "druh": "sr\u00e1\u017eka s pevnou p\u0159ek\u00e1\u017ekou", "rok": 2015, "hmotna_sko": 5000, "cas": "0:00:00", "tezce_zran": 0, "pricina": "\u0159idi\u010d se pln\u011b nev\u011bnoval \u0159\u00edzen\u00ed vozidla", "x": 16.616077, "y": 49.196363, "mesic": 6, "objectid": 1902, "lehce_zran": 0}}, {"type": "Feature", "geometry": {"type": "Point", "coordinates": [16.679535, 49.179672]}, "properties": {"fid": 1903, "den": 21, "usmrceno": 0, "druh": "sr\u00e1\u017eka s pevnou p\u0159ek\u00e1\u017ekou", "rok": 2015, "hmotna_sko": 110000, "cas": "0:00:00", "tezce_zran": 0, "pricina": "\u0159idi\u010d se pln\u011b nev\u011bnoval \u0159\u00edzen\u00ed vozidla", "x": 16.679535, "y": 49.179672, "mesic": 6, "objectid": 1904, "lehce_zran": 0}}, {"type": "Feature", "geometry": {"type": "Point", "coordinates": [16.587105, 49.222069]}, "properties": {"fid": 1904, "den": 27, "usmrceno": 0, "druh": "sr\u00e1\u017eka s pevnou p\u0159ek\u00e1\u017ekou", "rok": 2015, "hmotna_sko": 10000, "cas": "0:00:00", "tezce_zran": 0, "pricina": "\u0159idi\u010d se pln\u011b nev\u011bnoval \u0159\u00edzen\u00ed vozidla", "x": 16.587105, "y": 49.222069, "mesic": 6, "objectid": 1905, "lehce_zran": 0}}, {"type": "Feature", "geometry": {"type": "Point", "coordinates": [16.60007, 49.155163]}, "properties": {"fid": 1905, "den": 27, "usmrceno": 0, "druh": "sr\u00e1\u017eka s jedouc\u00edm nekolejov\u00fdm vozidlem", "rok": 2015, "hmotna_sko": 12000, "cas": "0:00:00", "tezce_zran": 0, "pricina": "\u0159idi\u010d se pln\u011b nev\u011bnoval \u0159\u00edzen\u00ed vozidla", "x": 16.60007, "y": 49.155163, "mesic": 6, "objectid": 1906, "lehce_zran": 0}}, {"type": "Feature", "geometry": {"type": "Point", "coordinates": [16.686185, 49.20794]}, "properties": {"fid": 1906, "den": 23, "usmrceno": 0, "druh": "sr\u00e1\u017eka s vozidlem zaparkovan\u00fdm, odstaven\u00fdm", "rok": 2015, "hmotna_sko": 10000, "cas": "0:00:00", "tezce_zran": 0, "pricina": "chyby p\u0159i ud\u00e1n\u00ed sm\u011bru j\u00edzdy", "x": 16.686185, "y": 49.20794, "mesic": 6, "objectid": 1907, "lehce_zran": 0}}, {"type": "Feature", "geometry": {"type": "Point", "coordinates": [16.617185, 49.200921]}, "properties": {"fid": 1907, "den": 29, "usmrceno": 0, "druh": "sr\u00e1\u017eka s vozidlem zaparkovan\u00fdm, odstaven\u00fdm", "rok": 2015, "hmotna_sko": 15000, "cas": "0:00:00", "tezce_zran": 0, "pricina": "\u0159idi\u010d se pln\u011b nev\u011bnoval \u0159\u00edzen\u00ed vozidla", "x": 16.617185, "y": 49.200921, "mesic": 6, "objectid": 1908, "lehce_zran": 0}}, {"type": "Feature", "geometry": {"type": "Point", "coordinates": [16.554181, 49.218557]}, "properties": {"fid": 1909, "den": 15, "usmrceno": 0, "druh": "sr\u00e1\u017eka s vozidlem zaparkovan\u00fdm, odstaven\u00fdm", "rok": 2015, "hmotna_sko": 10000, "cas": "0:00:00", "tezce_zran": 0, "pricina": "\u0159idi\u010d se pln\u011b nev\u011bnoval \u0159\u00edzen\u00ed vozidla", "x": 16.554181, "y": 49.218557, "mesic": 6, "objectid": 1910, "lehce_zran": 0}}, {"type": "Feature", "geometry": {"type": "Point", "coordinates": [16.605012, 49.090831]}, "properties": {"fid": 1910, "den": 12, "usmrceno": 0, "druh": "sr\u00e1\u017eka s vozidlem zaparkovan\u00fdm, odstaven\u00fdm", "rok": 2015, "hmotna_sko": 10000, "cas": "0:00:00", "tezce_zran": 0, "pricina": "\u0159idi\u010d se pln\u011b nev\u011bnoval \u0159\u00edzen\u00ed vozidla", "x": 16.605012, "y": 49.090831, "mesic": 6, "objectid": 1911, "lehce_zran": 0}}, {"type": "Feature", "geometry": {"type": "Point", "coordinates": [16.605841, 49.189793]}, "properties": {"fid": 1911, "den": 1, "usmrceno": 0, "druh": "sr\u00e1\u017eka s vozidlem zaparkovan\u00fdm, odstaven\u00fdm", "rok": 2015, "hmotna_sko": 15000, "cas": "0:00:00", "tezce_zran": 0, "pricina": "\u0159idi\u010d se pln\u011b nev\u011bnoval \u0159\u00edzen\u00ed vozidla", "x": 16.605841, "y": 49.189793, "mesic": 6, "objectid": 1912, "lehce_zran": 0}}, {"type": "Feature", "geometry": {"type": "Point", "coordinates": [16.608065, 49.192121]}, "properties": {"fid": 1913, "den": 10, "usmrceno": 0, "druh": "sr\u00e1\u017eka s pevnou p\u0159ek\u00e1\u017ekou", "rok": 2015, "hmotna_sko": 20000, "cas": "0:00:00", "tezce_zran": 0, "pricina": "\u0159idi\u010d se pln\u011b nev\u011bnoval \u0159\u00edzen\u00ed vozidla", "x": 16.608065, "y": 49.192121, "mesic": 6, "objectid": 1914, "lehce_zran": 0}}, {"type": "Feature", "geometry": {"type": "Point", "coordinates": [16.562589, 49.182551]}, "properties": {"fid": 1914, "den": 9, "usmrceno": 0, "druh": "sr\u00e1\u017eka s pevnou p\u0159ek\u00e1\u017ekou", "rok": 2015, "hmotna_sko": 110000, "cas": "0:00:00", "tezce_zran": 0, "pricina": "\u0159idi\u010d se pln\u011b nev\u011bnoval \u0159\u00edzen\u00ed vozidla", "x": 16.562589, "y": 49.182551, "mesic": 6, "objectid": 1915, "lehce_zran": 0}}, {"type": "Feature", "geometry": {"type": "Point", "coordinates": [16.593844, 49.228229]}, "properties": {"fid": 4237, "den": 19, "usmrceno": 0, "druh": "sr\u00e1\u017eka s chodcem", "rok": 2015, "hmotna_sko": 20000, "cas": "0:00:00", "tezce_zran": 0, "pricina": "nezavin\u011bn\u00e1 \u0159idi\u010dem", "x": 16.593844, "y": 49.228229, "mesic": 12, "objectid": 4238, "lehce_zran": 1}}, {"type": "Feature", "geometry": {"type": "Point", "coordinates": [16.528548, 49.227708]}, "properties": {"fid": 1915, "den": 13, "usmrceno": 0, "druh": "sr\u00e1\u017eka s pevnou p\u0159ek\u00e1\u017ekou", "rok": 2015, "hmotna_sko": 40000, "cas": "0:00:00", "tezce_zran": 0, "pricina": "\u0159idi\u010d se pln\u011b nev\u011bnoval \u0159\u00edzen\u00ed vozidla", "x": 16.528548, "y": 49.227708, "mesic": 6, "objectid": 1916, "lehce_zran": 0}}, {"type": "Feature", "geometry": {"type": "Point", "coordinates": [16.615929, 49.22332]}, "properties": {"fid": 1916, "den": 12, "usmrceno": 0, "druh": "sr\u00e1\u017eka s pevnou p\u0159ek\u00e1\u017ekou", "rok": 2015, "hmotna_sko": 20000, "cas": "0:00:00", "tezce_zran": 0, "pricina": "\u0159idi\u010d se pln\u011b nev\u011bnoval \u0159\u00edzen\u00ed vozidla", "x": 16.615929, "y": 49.22332, "mesic": 6, "objectid": 1917, "lehce_zran": 0}}, {"type": "Feature", "geometry": {"type": "Point", "coordinates": [16.719217, 49.183898]}, "properties": {"fid": 1919, "den": 19, "usmrceno": 0, "druh": "sr\u00e1\u017eka s lesn\u00ed zv\u011b\u0159\u00ed", "rok": 2015, "hmotna_sko": 52000, "cas": "0:00:00", "tezce_zran": 0, "pricina": "nezavin\u011bn\u00e1 \u0159idi\u010dem", "x": 16.719217, "y": 49.183898, "mesic": 6, "objectid": 1920, "lehce_zran": 0}}, {"type": "Feature", "geometry": {"type": "Point", "coordinates": [16.500933, 49.293169]}, "properties": {"fid": 1921, "den": 22, "usmrceno": 0, "druh": "sr\u00e1\u017eka s jedouc\u00edm nekolejov\u00fdm vozidlem", "rok": 2015, "hmotna_sko": 90000, "cas": "0:00:00", "tezce_zran": 0, "pricina": "j\u00edzda po nespr\u00e1vn\u00e9 stran\u011b vozovky, vjet\u00ed do protism\u011bru", "x": 16.500933, "y": 49.293169, "mesic": 6, "objectid": 1922, "lehce_zran": 0}}, {"type": "Feature", "geometry": {"type": "Point", "coordinates": [16.604462, 49.087545]}, "properties": {"fid": 1922, "den": 22, "usmrceno": 0, "druh": "sr\u00e1\u017eka s vozidlem zaparkovan\u00fdm, odstaven\u00fdm", "rok": 2015, "hmotna_sko": 220000, "cas": "0:00:00", "tezce_zran": 0, "pricina": "\u0159idi\u010d se pln\u011b nev\u011bnoval \u0159\u00edzen\u00ed vozidla", "x": 16.604462, "y": 49.087545, "mesic": 6, "objectid": 1923, "lehce_zran": 0}}, {"type": "Feature", "geometry": {"type": "Point", "coordinates": [16.627801, 49.158618]}, "properties": {"fid": 1924, "den": 22, "usmrceno": 0, "druh": "sr\u00e1\u017eka s pevnou p\u0159ek\u00e1\u017ekou", "rok": 2015, "hmotna_sko": 20000, "cas": "0:00:00", "tezce_zran": 0, "pricina": "\u0159idi\u010d se pln\u011b nev\u011bnoval \u0159\u00edzen\u00ed vozidla", "x": 16.627801, "y": 49.158618, "mesic": 6, "objectid": 1925, "lehce_zran": 0}}, {"type": "Feature", "geometry": {"type": "Point", "coordinates": [16.682898, 49.046529]}, "properties": {"fid": 1925, "den": 27, "usmrceno": 0, "druh": "nehoda", "rok": 2015, "hmotna_sko": 40000, "cas": "0:00:00", "tezce_zran": 0, "pricina": "nep\u0159izp\u016fsoben\u00ed rychlosti dopravn\u011b technick\u00e9mu stavu vozovky (zat\u00e1\u010dka, kles\u00e1n\u00ed, stoup\u00e1n\u00ed, \u0161\u00ed\u0159ka vozovky apod.)", "x": 16.682898, "y": 49.046529, "mesic": 6, "objectid": 1926, "lehce_zran": 0}}, {"type": "Feature", "geometry": {"type": "Point", "coordinates": [16.641392, 49.1916]}, "properties": {"fid": 1926, "den": 22, "usmrceno": 0, "druh": "sr\u00e1\u017eka s vozidlem zaparkovan\u00fdm, odstaven\u00fdm", "rok": 2015, "hmotna_sko": 20000, "cas": "0:00:00", "tezce_zran": 0, "pricina": "\u0159idi\u010d se pln\u011b nev\u011bnoval \u0159\u00edzen\u00ed vozidla", "x": 16.641392, "y": 49.1916, "mesic": 6, "objectid": 1927, "lehce_zran": 0}}, {"type": "Feature", "geometry": {"type": "Point", "coordinates": [16.616216, 49.214116]}, "properties": {"fid": 1927, "den": 22, "usmrceno": 0, "druh": "sr\u00e1\u017eka s pevnou p\u0159ek\u00e1\u017ekou", "rok": 2015, "hmotna_sko": 81000, "cas": "0:00:00", "tezce_zran": 0, "pricina": "\u0159idi\u010d se pln\u011b nev\u011bnoval \u0159\u00edzen\u00ed vozidla", "x": 16.616216, "y": 49.214116, "mesic": 6, "objectid": 1928, "lehce_zran": 0}}, {"type": "Feature", "geometry": {"type": "Point", "coordinates": [16.604966, 49.177486]}, "properties": {"fid": 1928, "den": 19, "usmrceno": 0, "druh": "sr\u00e1\u017eka s jedouc\u00edm nekolejov\u00fdm vozidlem", "rok": 2015, "hmotna_sko": 10000, "cas": "0:00:00", "tezce_zran": 0, "pricina": "nespr\u00e1vn\u00e9 ot\u00e1\u010den\u00ed nebo couv\u00e1n\u00ed", "x": 16.604966, "y": 49.177486, "mesic": 6, "objectid": 1929, "lehce_zran": 0}}, {"type": "Feature", "geometry": {"type": "Point", "coordinates": [16.61543, 49.188553]}, "properties": {"fid": 1930, "den": 29, "usmrceno": 0, "druh": "sr\u00e1\u017eka s jedouc\u00edm nekolejov\u00fdm vozidlem", "rok": 2015, "hmotna_sko": 136000, "cas": "0:00:00", "tezce_zran": 0, "pricina": "proti p\u0159\u00edkazu dopravn\u00ed zna\u010dky dej p\u0159ednost", "x": 16.61543, "y": 49.188553, "mesic": 6, "objectid": 1931, "lehce_zran": 0}}, {"type": "Feature", "geometry": {"type": "Point", "coordinates": [16.620743, 49.192396]}, "properties": {"fid": 1931, "den": 25, "usmrceno": 0, "druh": "sr\u00e1\u017eka s vozidlem zaparkovan\u00fdm, odstaven\u00fdm", "rok": 2015, "hmotna_sko": 30000, "cas": "0:00:00", "tezce_zran": 0, "pricina": "\u0159idi\u010d se pln\u011b nev\u011bnoval \u0159\u00edzen\u00ed vozidla", "x": 16.620743, "y": 49.192396, "mesic": 6, "objectid": 1932, "lehce_zran": 0}}, {"type": "Feature", "geometry": {"type": "Point", "coordinates": [16.564987, 49.167375]}, "properties": {"fid": 1932, "den": 3, "usmrceno": 0, "druh": "sr\u00e1\u017eka s vozidlem zaparkovan\u00fdm, odstaven\u00fdm", "rok": 2015, "hmotna_sko": 20000, "cas": "0:00:00", "tezce_zran": 0, "pricina": "\u0159idi\u010d se pln\u011b nev\u011bnoval \u0159\u00edzen\u00ed vozidla", "x": 16.564987, "y": 49.167375, "mesic": 6, "objectid": 1933, "lehce_zran": 0}}, {"type": "Feature", "geometry": {"type": "Point", "coordinates": [16.460175, 49.288576]}, "properties": {"fid": 1934, "den": 9, "usmrceno": 0, "druh": "jin\u00fd druh nehody", "rok": 2015, "hmotna_sko": 10000, "cas": "0:00:00", "tezce_zran": 0, "pricina": "nezavin\u011bn\u00e1 \u0159idi\u010dem", "x": 16.460175, "y": 49.288576, "mesic": 6, "objectid": 1935, "lehce_zran": 0}}, {"type": "Feature", "geometry": {"type": "Point", "coordinates": [16.599454, 49.161445]}, "properties": {"fid": 1936, "den": 11, "usmrceno": 0, "druh": "sr\u00e1\u017eka s jedouc\u00edm nekolejov\u00fdm vozidlem", "rok": 2015, "hmotna_sko": 106000, "cas": "0:00:00", "tezce_zran": 0, "pricina": "\u0159idi\u010d se pln\u011b nev\u011bnoval \u0159\u00edzen\u00ed vozidla", "x": 16.599454, "y": 49.161445, "mesic": 6, "objectid": 1937, "lehce_zran": 0}}, {"type": "Feature", "geometry": {"type": "Point", "coordinates": [16.614383, 49.193907]}, "properties": {"fid": 1937, "den": 7, "usmrceno": 0, "druh": "sr\u00e1\u017eka s vozidlem zaparkovan\u00fdm, odstaven\u00fdm", "rok": 2015, "hmotna_sko": 25000, "cas": "0:00:00", "tezce_zran": 0, "pricina": "nespr\u00e1vn\u00e9 ot\u00e1\u010den\u00ed nebo couv\u00e1n\u00ed", "x": 16.614383, "y": 49.193907, "mesic": 6, "objectid": 1938, "lehce_zran": 0}}, {"type": "Feature", "geometry": {"type": "Point", "coordinates": [16.766081, 49.18733]}, "properties": {"fid": 1938, "den": 13, "usmrceno": 0, "druh": "jin\u00fd druh nehody", "rok": 2015, "hmotna_sko": 21000, "cas": "0:00:00", "tezce_zran": 0, "pricina": "nezavin\u011bn\u00e1 \u0159idi\u010dem", "x": 16.766081, "y": 49.18733, "mesic": 6, "objectid": 1939, "lehce_zran": 0}}, {"type": "Feature", "geometry": {"type": "Point", "coordinates": [16.561991, 49.16361]}, "properties": {"fid": 1939, "den": 12, "usmrceno": 0, "druh": "sr\u00e1\u017eka s pevnou p\u0159ek\u00e1\u017ekou", "rok": 2015, "hmotna_sko": 3000, "cas": "0:00:00", "tezce_zran": 0, "pricina": "nezvl\u00e1dnut\u00ed \u0159\u00edzen\u00ed vozidla", "x": 16.561991, "y": 49.16361, "mesic": 6, "objectid": 1940, "lehce_zran": 0}}, {"type": "Feature", "geometry": {"type": "Point", "coordinates": [16.604244, 49.194943]}, "properties": {"fid": 1942, "den": 24, "usmrceno": 0, "druh": "sr\u00e1\u017eka s pevnou p\u0159ek\u00e1\u017ekou", "rok": 2015, "hmotna_sko": 3000, "cas": "0:00:00", "tezce_zran": 0, "pricina": "\u0159idi\u010d se pln\u011b nev\u011bnoval \u0159\u00edzen\u00ed vozidla", "x": 16.604244, "y": 49.194943, "mesic": 6, "objectid": 1943, "lehce_zran": 0}}, {"type": "Feature", "geometry": {"type": "Point", "coordinates": [16.620299, 49.187407]}, "properties": {"fid": 1943, "den": 30, "usmrceno": 0, "druh": "sr\u00e1\u017eka s jedouc\u00edm nekolejov\u00fdm vozidlem", "rok": 2015, "hmotna_sko": 19000, "cas": "0:00:00", "tezce_zran": 0, "pricina": "proti p\u0159\u00edkazu dopravn\u00ed zna\u010dky dej p\u0159ednost", "x": 16.620299, "y": 49.187407, "mesic": 6, "objectid": 1944, "lehce_zran": 0}}, {"type": "Feature", "geometry": {"type": "Point", "coordinates": [16.610025, 49.211119]}, "properties": {"fid": 1944, "den": 7, "usmrceno": 0, "druh": "sr\u00e1\u017eka s pevnou p\u0159ek\u00e1\u017ekou", "rok": 2015, "hmotna_sko": 5000, "cas": "0:00:00", "tezce_zran": 0, "pricina": "\u0159idi\u010d se pln\u011b nev\u011bnoval \u0159\u00edzen\u00ed vozidla", "x": 16.610025, "y": 49.211119, "mesic": 6, "objectid": 1945, "lehce_zran": 0}}, {"type": "Feature", "geometry": {"type": "Point", "coordinates": [16.757418, 49.184003]}, "properties": {"fid": 1945, "den": 6, "usmrceno": 0, "druh": "sr\u00e1\u017eka s jedouc\u00edm nekolejov\u00fdm vozidlem", "rok": 2015, "hmotna_sko": 160000, "cas": "0:00:00", "tezce_zran": 0, "pricina": "p\u0159i odbo\u010dov\u00e1n\u00ed vlevo", "x": 16.757418, "y": 49.184003, "mesic": 6, "objectid": 1946, "lehce_zran": 0}}, {"type": "Feature", "geometry": {"type": "Point", "coordinates": [16.556487, 49.166458]}, "properties": {"fid": 1946, "den": 11, "usmrceno": 0, "druh": "sr\u00e1\u017eka s jedouc\u00edm nekolejov\u00fdm vozidlem", "rok": 2015, "hmotna_sko": 40000, "cas": "0:00:00", "tezce_zran": 0, "pricina": "\u0159idi\u010d se pln\u011b nev\u011bnoval \u0159\u00edzen\u00ed vozidla", "x": 16.556487, "y": 49.166458, "mesic": 6, "objectid": 1947, "lehce_zran": 0}}, {"type": "Feature", "geometry": {"type": "Point", "coordinates": [16.563792, 49.080694]}, "properties": {"fid": 1948, "den": 15, "usmrceno": 0, "druh": "sr\u00e1\u017eka s lesn\u00ed zv\u011b\u0159\u00ed", "rok": 2015, "hmotna_sko": 36000, "cas": "0:00:00", "tezce_zran": 0, "pricina": "nezavin\u011bn\u00e1 \u0159idi\u010dem", "x": 16.563792, "y": 49.080694, "mesic": 6, "objectid": 1949, "lehce_zran": 0}}, {"type": "Feature", "geometry": {"type": "Point", "coordinates": [16.584927, 49.173365]}, "properties": {"fid": 1949, "den": 15, "usmrceno": 0, "druh": "sr\u00e1\u017eka s pevnou p\u0159ek\u00e1\u017ekou", "rok": 2015, "hmotna_sko": 3000, "cas": "0:00:00", "tezce_zran": 0, "pricina": "\u0159idi\u010d se pln\u011b nev\u011bnoval \u0159\u00edzen\u00ed vozidla", "x": 16.584927, "y": 49.173365, "mesic": 6, "objectid": 1950, "lehce_zran": 0}}, {"type": "Feature", "geometry": {"type": "Point", "coordinates": [16.6092, 49.190041]}, "properties": {"fid": 1950, "den": 14, "usmrceno": 0, "druh": "nehoda", "rok": 2015, "hmotna_sko": 2000, "cas": "0:00:00", "tezce_zran": 0, "pricina": "\u0159idi\u010d se pln\u011b nev\u011bnoval \u0159\u00edzen\u00ed vozidla", "x": 16.6092, "y": 49.190041, "mesic": 6, "objectid": 1951, "lehce_zran": 0}}, {"type": "Feature", "geometry": {"type": "Point", "coordinates": [16.421596, 49.202701]}, "properties": {"fid": 1951, "den": 15, "usmrceno": 0, "druh": "sr\u00e1\u017eka s lesn\u00ed zv\u011b\u0159\u00ed", "rok": 2015, "hmotna_sko": 45000, "cas": "0:00:00", "tezce_zran": 0, "pricina": "nezavin\u011bn\u00e1 \u0159idi\u010dem", "x": 16.421596, "y": 49.202701, "mesic": 6, "objectid": 1952, "lehce_zran": 0}}, {"type": "Feature", "geometry": {"type": "Point", "coordinates": [16.617811, 49.203492]}, "properties": {"fid": 1952, "den": 18, "usmrceno": 0, "druh": "sr\u00e1\u017eka s vozidlem zaparkovan\u00fdm, odstaven\u00fdm", "rok": 2015, "hmotna_sko": 15000, "cas": "0:00:00", "tezce_zran": 0, "pricina": "vyh\u00fdb\u00e1n\u00ed bez dostate\u010dn\u00e9ho bo\u010dn\u00edho odstupu (v\u016fle)", "x": 16.617811, "y": 49.203492, "mesic": 6, "objectid": 1953, "lehce_zran": 0}}, {"type": "Feature", "geometry": {"type": "Point", "coordinates": [16.595101, 49.197305]}, "properties": {"fid": 1953, "den": 5, "usmrceno": 0, "druh": "sr\u00e1\u017eka s vozidlem zaparkovan\u00fdm, odstaven\u00fdm", "rok": 2015, "hmotna_sko": 10000, "cas": "0:00:00", "tezce_zran": 0, "pricina": "\u0159idi\u010d se pln\u011b nev\u011bnoval \u0159\u00edzen\u00ed vozidla", "x": 16.595101, "y": 49.197305, "mesic": 6, "objectid": 1954, "lehce_zran": 0}}, {"type": "Feature", "geometry": {"type": "Point", "coordinates": [16.61522, 49.196601]}, "properties": {"fid": 1954, "den": 19, "usmrceno": 0, "druh": "sr\u00e1\u017eka s pevnou p\u0159ek\u00e1\u017ekou", "rok": 2015, "hmotna_sko": 3000, "cas": "0:00:00", "tezce_zran": 0, "pricina": "\u0159idi\u010d se pln\u011b nev\u011bnoval \u0159\u00edzen\u00ed vozidla", "x": 16.61522, "y": 49.196601, "mesic": 6, "objectid": 1955, "lehce_zran": 0}}, {"type": "Feature", "geometry": {"type": "Point", "coordinates": [16.662664, 49.189535]}, "properties": {"fid": 1955, "den": 19, "usmrceno": 0, "druh": "sr\u00e1\u017eka s jedouc\u00edm nekolejov\u00fdm vozidlem", "rok": 2015, "hmotna_sko": 40000, "cas": "0:00:00", "tezce_zran": 0, "pricina": "\u0159idi\u010d se pln\u011b nev\u011bnoval \u0159\u00edzen\u00ed vozidla", "x": 16.662664, "y": 49.189535, "mesic": 6, "objectid": 1956, "lehce_zran": 0}}, {"type": "Feature", "geometry": {"type": "Point", "coordinates": [16.748193, 49.105362]}, "properties": {"fid": 1956, "den": 26, "usmrceno": 0, "druh": "sr\u00e1\u017eka s vozidlem zaparkovan\u00fdm, odstaven\u00fdm", "rok": 2015, "hmotna_sko": 130000, "cas": "0:00:00", "tezce_zran": 0, "pricina": "samovoln\u00e9 rozjet\u00ed nezaji\u0161t\u011bn\u00e9ho vozidla", "x": 16.748193, "y": 49.105362, "mesic": 6, "objectid": 1957, "lehce_zran": 0}}, {"type": "Feature", "geometry": {"type": "Point", "coordinates": [16.675776, 49.128067]}, "properties": {"fid": 1957, "den": 4, "usmrceno": 0, "druh": "sr\u00e1\u017eka s vozidlem zaparkovan\u00fdm, odstaven\u00fdm", "rok": 2015, "hmotna_sko": 5000, "cas": "0:00:00", "tezce_zran": 0, "pricina": "vyh\u00fdb\u00e1n\u00ed bez dostate\u010dn\u00e9ho bo\u010dn\u00edho odstupu (v\u016fle)", "x": 16.675776, "y": 49.128067, "mesic": 6, "objectid": 1958, "lehce_zran": 0}}, {"type": "Feature", "geometry": {"type": "Point", "coordinates": [16.563504, 49.183451]}, "properties": {"fid": 1958, "den": 1, "usmrceno": 0, "druh": "sr\u00e1\u017eka s jedouc\u00edm nekolejov\u00fdm vozidlem", "rok": 2015, "hmotna_sko": 350000, "cas": "0:00:00", "tezce_zran": 0, "pricina": "proti p\u0159\u00edkazu dopravn\u00ed zna\u010dky dej p\u0159ednost", "x": 16.563504, "y": 49.183451, "mesic": 6, "objectid": 1959, "lehce_zran": 0}}, {"type": "Feature", "geometry": {"type": "Point", "coordinates": [16.725837, 49.174969]}, "properties": {"fid": 1959, "den": 11, "usmrceno": 0, "druh": "sr\u00e1\u017eka s jedouc\u00edm nekolejov\u00fdm vozidlem", "rok": 2015, "hmotna_sko": 110000, "cas": "0:00:00", "tezce_zran": 0, "pricina": "nespr\u00e1vn\u00e9 ot\u00e1\u010den\u00ed nebo couv\u00e1n\u00ed", "x": 16.725837, "y": 49.174969, "mesic": 6, "objectid": 1960, "lehce_zran": 0}}, {"type": "Feature", "geometry": {"type": "Point", "coordinates": [16.690213, 49.209066]}, "properties": {"fid": 1960, "den": 9, "usmrceno": 0, "druh": "sr\u00e1\u017eka s vozidlem zaparkovan\u00fdm, odstaven\u00fdm", "rok": 2015, "hmotna_sko": 21000, "cas": "0:00:00", "tezce_zran": 0, "pricina": "\u0159idi\u010d se pln\u011b nev\u011bnoval \u0159\u00edzen\u00ed vozidla", "x": 16.690213, "y": 49.209066, "mesic": 6, "objectid": 1961, "lehce_zran": 0}}, {"type": "Feature", "geometry": {"type": "Point", "coordinates": [16.788408, 49.180342]}, "properties": {"fid": 1961, "den": 8, "usmrceno": 0, "druh": "sr\u00e1\u017eka s jedouc\u00edm nekolejov\u00fdm vozidlem", "rok": 2015, "hmotna_sko": 10000, "cas": "0:00:00", "tezce_zran": 0, "pricina": "p\u0159i p\u0159ej\u00ed\u017ed\u011bn\u00ed z jednoho j\u00edzdn\u00edho pruhu do druh\u00e9ho", "x": 16.788408, "y": 49.180342, "mesic": 6, "objectid": 1962, "lehce_zran": 0}}, {"type": "Feature", "geometry": {"type": "Point", "coordinates": [16.587413, 49.187577]}, "properties": {"fid": 1963, "den": 16, "usmrceno": 0, "druh": "sr\u00e1\u017eka s pevnou p\u0159ek\u00e1\u017ekou", "rok": 2015, "hmotna_sko": 20000, "cas": "0:00:00", "tezce_zran": 0, "pricina": "\u0159idi\u010d se pln\u011b nev\u011bnoval \u0159\u00edzen\u00ed vozidla", "x": 16.587413, "y": 49.187577, "mesic": 6, "objectid": 1964, "lehce_zran": 0}}, {"type": "Feature", "geometry": {"type": "Point", "coordinates": [16.648923, 49.191542]}, "properties": {"fid": 1965, "den": 22, "usmrceno": 0, "druh": "sr\u00e1\u017eka s jedouc\u00edm nekolejov\u00fdm vozidlem", "rok": 2015, "hmotna_sko": 80000, "cas": "0:00:00", "tezce_zran": 0, "pricina": "\u0159idi\u010d se pln\u011b nev\u011bnoval \u0159\u00edzen\u00ed vozidla", "x": 16.648923, "y": 49.191542, "mesic": 6, "objectid": 1966, "lehce_zran": 0}}, {"type": "Feature", "geometry": {"type": "Point", "coordinates": [16.608744, 49.195781]}, "properties": {"fid": 1966, "den": 23, "usmrceno": 0, "druh": "nehoda", "rok": 2015, "hmotna_sko": 2000, "cas": "0:00:00", "tezce_zran": 0, "pricina": "\u0159idi\u010d se pln\u011b nev\u011bnoval \u0159\u00edzen\u00ed vozidla", "x": 16.608744, "y": 49.195781, "mesic": 6, "objectid": 1967, "lehce_zran": 0}}, {"type": "Feature", "geometry": {"type": "Point", "coordinates": [16.532991, 49.229308]}, "properties": {"fid": 1968, "den": 28, "usmrceno": 0, "druh": "sr\u00e1\u017eka s vozidlem zaparkovan\u00fdm, odstaven\u00fdm", "rok": 2015, "hmotna_sko": 3000, "cas": "0:00:00", "tezce_zran": 0, "pricina": "\u0159idi\u010d se pln\u011b nev\u011bnoval \u0159\u00edzen\u00ed vozidla", "x": 16.532991, "y": 49.229308, "mesic": 6, "objectid": 1969, "lehce_zran": 0}}, {"type": "Feature", "geometry": {"type": "Point", "coordinates": [16.574311, 49.169017]}, "properties": {"fid": 1969, "den": 29, "usmrceno": 0, "druh": "sr\u00e1\u017eka s vozidlem zaparkovan\u00fdm, odstaven\u00fdm", "rok": 2015, "hmotna_sko": 15000, "cas": "0:00:00", "tezce_zran": 0, "pricina": "\u0159idi\u010d se pln\u011b nev\u011bnoval \u0159\u00edzen\u00ed vozidla", "x": 16.574311, "y": 49.169017, "mesic": 6, "objectid": 1970, "lehce_zran": 0}}, {"type": "Feature", "geometry": {"type": "Point", "coordinates": [16.582098, 49.209737]}, "properties": {"fid": 1970, "den": 19, "usmrceno": 0, "druh": "sr\u00e1\u017eka s vozidlem zaparkovan\u00fdm, odstaven\u00fdm", "rok": 2015, "hmotna_sko": 20000, "cas": "0:00:00", "tezce_zran": 0, "pricina": "\u0159idi\u010d se pln\u011b nev\u011bnoval \u0159\u00edzen\u00ed vozidla", "x": 16.582098, "y": 49.209737, "mesic": 6, "objectid": 1971, "lehce_zran": 0}}, {"type": "Feature", "geometry": {"type": "Point", "coordinates": [16.648609, 49.162266]}, "properties": {"fid": 1971, "den": 25, "usmrceno": 0, "druh": "sr\u00e1\u017eka s pevnou p\u0159ek\u00e1\u017ekou", "rok": 2015, "hmotna_sko": 65000, "cas": "0:00:00", "tezce_zran": 0, "pricina": "nep\u0159izp\u016fsoben\u00ed rychlosti intenzit\u011b (hustot\u011b) provozu", "x": 16.648609, "y": 49.162266, "mesic": 6, "objectid": 1972, "lehce_zran": 0}}, {"type": "Feature", "geometry": {"type": "Point", "coordinates": [16.523818, 49.295296]}, "properties": {"fid": 1972, "den": 23, "usmrceno": 0, "druh": "sr\u00e1\u017eka s jedouc\u00edm nekolejov\u00fdm vozidlem", "rok": 2015, "hmotna_sko": 165000, "cas": "0:00:00", "tezce_zran": 0, "pricina": "p\u0159i vj\u00ed\u017ed\u011bn\u00ed na silnici", "x": 16.523818, "y": 49.295296, "mesic": 6, "objectid": 1973, "lehce_zran": 0}}, {"type": "Feature", "geometry": {"type": "Point", "coordinates": [16.719207, 49.167588]}, "properties": {"fid": 1973, "den": 24, "usmrceno": 0, "druh": "sr\u00e1\u017eka s vozidlem zaparkovan\u00fdm, odstaven\u00fdm", "rok": 2015, "hmotna_sko": 5000, "cas": "0:00:00", "tezce_zran": 0, "pricina": "\u0159idi\u010d se pln\u011b nev\u011bnoval \u0159\u00edzen\u00ed vozidla", "x": 16.719207, "y": 49.167588, "mesic": 6, "objectid": 1974, "lehce_zran": 0}}, {"type": "Feature", "geometry": {"type": "Point", "coordinates": [16.504158, 49.206258]}, "properties": {"fid": 1977, "den": 18, "usmrceno": 0, "druh": "sr\u00e1\u017eka s lesn\u00ed zv\u011b\u0159\u00ed", "rok": 2015, "hmotna_sko": 55000, "cas": "0:00:00", "tezce_zran": 0, "pricina": "nezavin\u011bn\u00e1 \u0159idi\u010dem", "x": 16.504158, "y": 49.206258, "mesic": 6, "objectid": 1978, "lehce_zran": 0}}, {"type": "Feature", "geometry": {"type": "Point", "coordinates": [16.575209, 49.212802]}, "properties": {"fid": 1978, "den": 16, "usmrceno": 0, "druh": "sr\u00e1\u017eka s jedouc\u00edm nekolejov\u00fdm vozidlem", "rok": 2015, "hmotna_sko": 201000, "cas": "0:00:00", "tezce_zran": 0, "pricina": "\u0159idi\u010d se pln\u011b nev\u011bnoval \u0159\u00edzen\u00ed vozidla", "x": 16.575209, "y": 49.212802, "mesic": 6, "objectid": 1979, "lehce_zran": 0}}, {"type": "Feature", "geometry": {"type": "Point", "coordinates": [16.641043, 49.222347]}, "properties": {"fid": 1979, "den": 12, "usmrceno": 0, "druh": "sr\u00e1\u017eka s pevnou p\u0159ek\u00e1\u017ekou", "rok": 2015, "hmotna_sko": 30000, "cas": "0:00:00", "tezce_zran": 0, "pricina": "nep\u0159izp\u016fsoben\u00ed rychlosti vlastnostem vozidla a n\u00e1kladu", "x": 16.641043, "y": 49.222347, "mesic": 6, "objectid": 1980, "lehce_zran": 0}}, {"type": "Feature", "geometry": {"type": "Point", "coordinates": [16.598322, 49.217835]}, "properties": {"fid": 1980, "den": 13, "usmrceno": 0, "druh": "nehoda", "rok": 2015, "hmotna_sko": 151000, "cas": "0:00:00", "tezce_zran": 0, "pricina": "nep\u0159izp\u016fsoben\u00ed rychlosti vlastnostem vozidla a n\u00e1kladu", "x": 16.598322, "y": 49.217835, "mesic": 6, "objectid": 1981, "lehce_zran": 0}}, {"type": "Feature", "geometry": {"type": "Point", "coordinates": [16.697512, 49.228148]}, "properties": {"fid": 1981, "den": 13, "usmrceno": 0, "druh": "sr\u00e1\u017eka s lesn\u00ed zv\u011b\u0159\u00ed", "rok": 2015, "hmotna_sko": 15000, "cas": "0:00:00", "tezce_zran": 0, "pricina": "nezavin\u011bn\u00e1 \u0159idi\u010dem", "x": 16.697512, "y": 49.228148, "mesic": 6, "objectid": 1982, "lehce_zran": 0}}, {"type": "Feature", "geometry": {"type": "Point", "coordinates": [16.615573, 49.196102]}, "properties": {"fid": 1982, "den": 9, "usmrceno": 0, "druh": "sr\u00e1\u017eka s jedouc\u00edm nekolejov\u00fdm vozidlem", "rok": 2015, "hmotna_sko": 110000, "cas": "0:00:00", "tezce_zran": 0, "pricina": "p\u0159i odbo\u010dov\u00e1n\u00ed vlevo", "x": 16.615573, "y": 49.196102, "mesic": 6, "objectid": 1983, "lehce_zran": 0}}, {"type": "Feature", "geometry": {"type": "Point", "coordinates": [16.737276, 49.254295]}, "properties": {"fid": 1984, "den": 5, "usmrceno": 0, "druh": "sr\u00e1\u017eka s pevnou p\u0159ek\u00e1\u017ekou", "rok": 2015, "hmotna_sko": 6000, "cas": "0:00:00", "tezce_zran": 0, "pricina": "\u0159idi\u010d se pln\u011b nev\u011bnoval \u0159\u00edzen\u00ed vozidla", "x": 16.737276, "y": 49.254295, "mesic": 6, "objectid": 1985, "lehce_zran": 0}}, {"type": "Feature", "geometry": {"type": "Point", "coordinates": [16.597491, 49.228792]}, "properties": {"fid": 1985, "den": 3, "usmrceno": 0, "druh": "sr\u00e1\u017eka s pevnou p\u0159ek\u00e1\u017ekou", "rok": 2015, "hmotna_sko": 20000, "cas": "0:00:00", "tezce_zran": 0, "pricina": "\u0159idi\u010d se pln\u011b nev\u011bnoval \u0159\u00edzen\u00ed vozidla", "x": 16.597491, "y": 49.228792, "mesic": 6, "objectid": 1986, "lehce_zran": 0}}, {"type": "Feature", "geometry": {"type": "Point", "coordinates": [16.590146, 49.213794]}, "properties": {"fid": 1986, "den": 19, "usmrceno": 0, "druh": "sr\u00e1\u017eka s vozidlem zaparkovan\u00fdm, odstaven\u00fdm", "rok": 2015, "hmotna_sko": 10000, "cas": "0:00:00", "tezce_zran": 0, "pricina": "\u0159idi\u010d se pln\u011b nev\u011bnoval \u0159\u00edzen\u00ed vozidla", "x": 16.590146, "y": 49.213794, "mesic": 6, "objectid": 1987, "lehce_zran": 0}}, {"type": "Feature", "geometry": {"type": "Point", "coordinates": [16.609516, 49.192368]}, "properties": {"fid": 1987, "den": 29, "usmrceno": 0, "druh": "sr\u00e1\u017eka s vozidlem zaparkovan\u00fdm, odstaven\u00fdm", "rok": 2015, "hmotna_sko": 40000, "cas": "0:00:00", "tezce_zran": 0, "pricina": "\u0159idi\u010d se pln\u011b nev\u011bnoval \u0159\u00edzen\u00ed vozidla", "x": 16.609516, "y": 49.192368, "mesic": 6, "objectid": 1988, "lehce_zran": 0}}, {"type": "Feature", "geometry": {"type": "Point", "coordinates": [16.667297, 49.182097]}, "properties": {"fid": 1989, "den": 28, "usmrceno": 0, "druh": "sr\u00e1\u017eka s vozidlem zaparkovan\u00fdm, odstaven\u00fdm", "rok": 2015, "hmotna_sko": 20000, "cas": "0:00:00", "tezce_zran": 0, "pricina": "\u0159idi\u010d se pln\u011b nev\u011bnoval \u0159\u00edzen\u00ed vozidla", "x": 16.667297, "y": 49.182097, "mesic": 6, "objectid": 1990, "lehce_zran": 0}}, {"type": "Feature", "geometry": {"type": "Point", "coordinates": [16.62949, 49.211365]}, "properties": {"fid": 1990, "den": 28, "usmrceno": 0, "druh": "sr\u00e1\u017eka s jedouc\u00edm nekolejov\u00fdm vozidlem", "rok": 2015, "hmotna_sko": 15000, "cas": "0:00:00", "tezce_zran": 0, "pricina": "p\u0159i vj\u00ed\u017ed\u011bn\u00ed na silnici", "x": 16.62949, "y": 49.211365, "mesic": 6, "objectid": 1991, "lehce_zran": 0}}, {"type": "Feature", "geometry": {"type": "Point", "coordinates": [16.536365, 49.222835]}, "properties": {"fid": 1991, "den": 26, "usmrceno": 0, "druh": "sr\u00e1\u017eka s jedouc\u00edm nekolejov\u00fdm vozidlem", "rok": 2015, "hmotna_sko": 273000, "cas": "0:00:00", "tezce_zran": 0, "pricina": "j\u00edzda na \"\u010dervenou\" 3-barevn\u00e9ho semaforu", "x": 16.536365, "y": 49.222835, "mesic": 6, "objectid": 1992, "lehce_zran": 0}}, {"type": "Feature", "geometry": {"type": "Point", "coordinates": [16.554694, 49.168409]}, "properties": {"fid": 1992, "den": 24, "usmrceno": 0, "druh": "sr\u00e1\u017eka s pevnou p\u0159ek\u00e1\u017ekou", "rok": 2015, "hmotna_sko": 11000, "cas": "0:00:00", "tezce_zran": 0, "pricina": "\u0159idi\u010d se pln\u011b nev\u011bnoval \u0159\u00edzen\u00ed vozidla", "x": 16.554694, "y": 49.168409, "mesic": 6, "objectid": 1993, "lehce_zran": 0}}, {"type": "Feature", "geometry": {"type": "Point", "coordinates": [16.654143, 49.053134]}, "properties": {"fid": 1993, "den": 27, "usmrceno": 0, "druh": "sr\u00e1\u017eka s jedouc\u00edm nekolejov\u00fdm vozidlem", "rok": 2015, "hmotna_sko": 220000, "cas": "0:00:00", "tezce_zran": 0, "pricina": "\u0159idi\u010d se pln\u011b nev\u011bnoval \u0159\u00edzen\u00ed vozidla", "x": 16.654143, "y": 49.053134, "mesic": 6, "objectid": 1994, "lehce_zran": 0}}, {"type": "Feature", "geometry": {"type": "Point", "coordinates": [16.726034, 49.16617]}, "properties": {"fid": 1994, "den": 27, "usmrceno": 0, "druh": "sr\u00e1\u017eka s vozidlem zaparkovan\u00fdm, odstaven\u00fdm", "rok": 2015, "hmotna_sko": 2000, "cas": "0:00:00", "tezce_zran": 0, "pricina": "vyh\u00fdb\u00e1n\u00ed bez dostate\u010dn\u00e9ho bo\u010dn\u00edho odstupu (v\u016fle)", "x": 16.726034, "y": 49.16617, "mesic": 6, "objectid": 1995, "lehce_zran": 0}}], "crs": {"type": "name", "properties": {"name": "EPSG:4326"}}}