{
  "type": "FeatureCollection",
  "features": [
    {
      "type": "Feature",
      "geometry": {
        "type": "LineString",
        "coordinates": [
          [
            16.598746,
            49.184881
          ],
          [
            16.598653,
            49.184825
          ],
          [
            16.598629,
            49.18481
          ],
          [
            16.59864,
            49.184782
          ],
          [
            16.598624,
            49.18475
          ],
          [
            16.598511,
            49.184638
          ],
          [
            16.598424,
            49.18456
          ],
          [
            16.598362,
            49.184498
          ],
          [
            16.598354,
            49.184491
          ],
          [
            16.598326,
            49.184508
          ],
          [
            16.598261,
            49.184546
          ],
          [
            16.59819,
            49.184582
          ],
          [
            16.597914,
            49.184615
          ],
          [
            16.59737,
            49.184679
          ],
          [
            16.59673,
            49.184754
          ],
          [
            16.596536,
            49.184778
          ],
          [
            16.596338,
            49.184798
          ],
          [
            16.596161,
            49.184772
          ],
          [
            16.596103,
            49.184765
          ],
          [
            16.595997,
            49.184774
          ],
          [
            16.595823,
            49.184794
          ],
          [
            16.595553,
            49.184827
          ],
          [
            16.59539,
            49.184845
          ],
          [
            16.595367,
            49.184852
          ],
          [
            16.595352,
            49.184857
          ],
          [
            16.595351,
            49.184857
          ],
          [
            16.595331,
            49.184883
          ],
          [
            16.595333,
            49.184932
          ],
          [
            16.595332,
            49.185002
          ],
          [
            16.595332,
            49.185047
          ],
          [
            16.595361,
            49.185204
          ],
          [
            16.595354,
            49.185274
          ],
          [
            16.595351,
            49.185301
          ],
          [
            16.595338,
            49.185485
          ],
          [
            16.595334,
            49.185565
          ],
          [
            16.595321,
            49.185678
          ],
          [
            16.595294,
            49.185853
          ],
          [
            16.595241,
            49.186086
          ],
          [
            16.595223,
            49.186153
          ],
          [
            16.595223,
            49.186164
          ],
          [
            16.59522,
            49.186206
          ],
          [
            16.595288,
            49.186207
          ],
          [
            16.595302,
            49.18625
          ],
          [
            16.595296,
            49.18627
          ],
          [
            16.595252,
            49.18641
          ],
          [
            16.595158,
            49.186706
          ],
          [
            16.59519,
            49.186716
          ],
          [
            16.595066,
            49.186707
          ],
          [
            16.595057,
            49.186707
          ],
          [
            16.594842,
            49.186676
          ],
          [
            16.594794,
            49.186702
          ],
          [
            16.594742,
            49.186708
          ],
          [
            16.594712,
            49.186831
          ],
          [
            16.594728,
            49.186872
          ],
          [
            16.594952,
            49.186917
          ],
          [
            16.594973,
            49.186921
          ],
          [
            16.594915,
            49.187163
          ],
          [
            16.594968,
            49.187193
          ],
          [
            16.594989,
            49.187217
          ],
          [
            16.595014,
            49.187238
          ],
          [
            16.595033,
            49.187252
          ],
          [
            16.594953,
            49.187282
          ],
          [
            16.59492,
            49.187295
          ],
          [
            16.594776,
            49.18736
          ],
          [
            16.594761,
            49.187374
          ],
          [
            16.594711,
            49.187386
          ],
          [
            16.594662,
            49.187416
          ],
          [
            16.594655,
            49.18742
          ],
          [
            16.594594,
            49.187457
          ],
          [
            16.59453,
            49.187513
          ],
          [
            16.594388,
            49.187649
          ],
          [
            16.594284,
            49.187833
          ],
          [
            16.594278,
            49.187863
          ],
          [
            16.594248,
            49.188017
          ],
          [
            16.594244,
            49.188084
          ],
          [
            16.594243,
            49.188093
          ],
          [
            16.594264,
            49.188274
          ],
          [
            16.59427,
            49.188298
          ],
          [
            16.594285,
            49.188361
          ],
          [
            16.594316,
            49.18843
          ],
          [
            16.594366,
            49.188486
          ],
          [
            16.594366,
            49.188487
          ],
          [
            16.594419,
            49.188547
          ],
          [
            16.59454,
            49.188686
          ],
          [
            16.594603,
            49.18873
          ],
          [
            16.594586,
            49.188742
          ],
          [
            16.594326,
            49.188838
          ],
          [
            16.59426,
            49.18885
          ],
          [
            16.594284,
            49.188947
          ],
          [
            16.594285,
            49.189051
          ],
          [
            16.594285,
            49.189111
          ],
          [
            16.594133,
            49.189343
          ],
          [
            16.594014,
            49.189518
          ],
          [
            16.593929,
            49.189619
          ],
          [
            16.59385,
            49.189712
          ],
          [
            16.593796,
            49.18976
          ],
          [
            16.593765,
            49.189785
          ],
          [
            16.593778,
            49.189841
          ],
          [
            16.593776,
            49.189863
          ],
          [
            16.593786,
            49.189897
          ],
          [
            16.593784,
            49.189914
          ],
          [
            16.593588,
            49.189914
          ],
          [
            16.593448,
            49.189921
          ],
          [
            16.593398,
            49.189933
          ],
          [
            16.593297,
            49.189972
          ],
          [
            16.59325,
            49.189989
          ],
          [
            16.593134,
            49.189963
          ],
          [
            16.592886,
            49.189881
          ],
          [
            16.592455,
            49.189714
          ],
          [
            16.591995,
            49.189527
          ],
          [
            16.59144,
            49.189307
          ],
          [
            16.590736,
            49.189013
          ],
          [
            16.590369,
            49.188869
          ],
          [
            16.590224,
            49.188817
          ],
          [
            16.590136,
            49.188791
          ],
          [
            16.590031,
            49.188778
          ],
          [
            16.58988,
            49.188779
          ],
          [
            16.588142,
            49.188798
          ],
          [
            16.587985,
            49.188806
          ],
          [
            16.587928,
            49.188809
          ],
          [
            16.58792,
            49.18881
          ],
          [
            16.587816,
            49.18882
          ],
          [
            16.587745,
            49.188837
          ],
          [
            16.587712,
            49.188845
          ],
          [
            16.587608,
            49.188876
          ],
          [
            16.587534,
            49.188909
          ],
          [
            16.587501,
            49.188924
          ],
          [
            16.587387,
            49.188988
          ],
          [
            16.587297,
            49.189049
          ],
          [
            16.587226,
            49.189102
          ],
          [
            16.587151,
            49.189152
          ],
          [
            16.587071,
            49.189194
          ],
          [
            16.58696,
            49.189242
          ],
          [
            16.586871,
            49.189271
          ],
          [
            16.586764,
            49.189298
          ],
          [
            16.586656,
            49.189318
          ],
          [
            16.586549,
            49.189331
          ],
          [
            16.586352,
            49.18935
          ],
          [
            16.58352,
            49.189682
          ],
          [
            16.58329,
            49.189715
          ],
          [
            16.583164,
            49.189735
          ],
          [
            16.581287,
            49.190084
          ],
          [
            16.580296,
            49.19025
          ],
          [
            16.57984,
            49.190323
          ],
          [
            16.579689,
            49.19035
          ],
          [
            16.579529,
            49.190387
          ],
          [
            16.579368,
            49.190431
          ],
          [
            16.579186,
            49.190488
          ],
          [
            16.578577,
            49.190681
          ],
          [
            16.576411,
            49.191411
          ],
          [
            16.575955,
            49.19157
          ],
          [
            16.575777,
            49.191644
          ],
          [
            16.575341,
            49.191845
          ],
          [
            16.5749,
            49.19205
          ],
          [
            16.57466,
            49.192141
          ],
          [
            16.573119,
            49.19265
          ],
          [
            16.572742,
            49.192775
          ],
          [
            16.572137,
            49.192983
          ],
          [
            16.57092,
            49.193405
          ],
          [
            16.570653,
            49.193514
          ],
          [
            16.570645,
            49.193517
          ],
          [
            16.570474,
            49.193583
          ],
          [
            16.570317,
            49.193655
          ],
          [
            16.570307,
            49.193659
          ],
          [
            16.570057,
            49.193806
          ],
          [
            16.569946,
            49.193896
          ],
          [
            16.569887,
            49.193944
          ],
          [
            16.569723,
            49.194096
          ],
          [
            16.569668,
            49.194161
          ],
          [
            16.569607,
            49.194236
          ],
          [
            16.569496,
            49.194389
          ],
          [
            16.569365,
            49.194606
          ],
          [
            16.569309,
            49.194693
          ],
          [
            16.569233,
            49.194812
          ],
          [
            16.569165,
            49.194904
          ],
          [
            16.569095,
            49.194992
          ],
          [
            16.568551,
            49.195627
          ],
          [
            16.568411,
            49.195793
          ],
          [
            16.568296,
            49.195929
          ],
          [
            16.568182,
            49.196073
          ],
          [
            16.568136,
            49.196134
          ],
          [
            16.568102,
            49.196186
          ],
          [
            16.56807,
            49.196235
          ],
          [
            16.568045,
            49.196285
          ],
          [
            16.56802,
            49.196329
          ],
          [
            16.568007,
            49.196358
          ],
          [
            16.56799,
            49.196402
          ],
          [
            16.56797,
            49.196447
          ],
          [
            16.567954,
            49.196495
          ],
          [
            16.567941,
            49.19655
          ],
          [
            16.567931,
            49.19659
          ],
          [
            16.567921,
            49.196635
          ],
          [
            16.567912,
            49.196675
          ],
          [
            16.567907,
            49.196745
          ],
          [
            16.567899,
            49.196804
          ],
          [
            16.567893,
            49.196891
          ],
          [
            16.567884,
            49.19738
          ],
          [
            16.567883,
            49.197844
          ],
          [
            16.567833,
            49.198424
          ],
          [
            16.56778,
            49.198986
          ],
          [
            16.567759,
            49.1994
          ],
          [
            16.567752,
            49.199626
          ],
          [
            16.567767,
            49.199837
          ],
          [
            16.567787,
            49.199958
          ],
          [
            16.567817,
            49.200124
          ],
          [
            16.567888,
            49.200437
          ],
          [
            16.567924,
            49.20061
          ],
          [
            16.567958,
            49.200772
          ],
          [
            16.56798,
            49.200919
          ],
          [
            16.567988,
            49.201
          ],
          [
            16.567993,
            49.201071
          ],
          [
            16.567994,
            49.201145
          ],
          [
            16.567994,
            49.201206
          ],
          [
            16.567987,
            49.201277
          ],
          [
            16.567982,
            49.201338
          ],
          [
            16.567972,
            49.201414
          ],
          [
            16.567957,
            49.201493
          ],
          [
            16.567934,
            49.201591
          ],
          [
            16.56789,
            49.201822
          ],
          [
            16.567869,
            49.201914
          ],
          [
            16.567856,
            49.201993
          ],
          [
            16.567846,
            49.202028
          ],
          [
            16.567839,
            49.202071
          ],
          [
            16.56783,
            49.202098
          ],
          [
            16.567828,
            49.202162
          ],
          [
            16.567822,
            49.202222
          ],
          [
            16.567815,
            49.202262
          ],
          [
            16.567814,
            49.202306
          ],
          [
            16.567811,
            49.202371
          ],
          [
            16.567808,
            49.202439
          ],
          [
            16.567803,
            49.202514
          ],
          [
            16.567812,
            49.202659
          ],
          [
            16.567827,
            49.202781
          ],
          [
            16.567841,
            49.202866
          ],
          [
            16.567865,
            49.202989
          ],
          [
            16.567887,
            49.203074
          ],
          [
            16.567911,
            49.203144
          ],
          [
            16.56794,
            49.203215
          ],
          [
            16.567984,
            49.203308
          ],
          [
            16.568008,
            49.203357
          ],
          [
            16.568035,
            49.203412
          ],
          [
            16.568056,
            49.203458
          ],
          [
            16.568084,
            49.203502
          ],
          [
            16.568111,
            49.203535
          ],
          [
            16.568139,
            49.203584
          ],
          [
            16.5682,
            49.203675
          ],
          [
            16.5683,
            49.203806
          ],
          [
            16.568358,
            49.20389
          ],
          [
            16.568408,
            49.203965
          ],
          [
            16.568453,
            49.20403
          ],
          [
            16.568486,
            49.204078
          ],
          [
            16.56853,
            49.204138
          ],
          [
            16.568569,
            49.204192
          ],
          [
            16.568636,
            49.204284
          ],
          [
            16.568852,
            49.204564
          ],
          [
            16.568935,
            49.204665
          ],
          [
            16.569094,
            49.204887
          ],
          [
            16.56918,
            49.204999
          ],
          [
            16.569264,
            49.205134
          ],
          [
            16.569349,
            49.205259
          ],
          [
            16.569441,
            49.205393
          ],
          [
            16.569657,
            49.205685
          ],
          [
            16.569811,
            49.205907
          ],
          [
            16.569929,
            49.206075
          ],
          [
            16.570032,
            49.206228
          ],
          [
            16.57013,
            49.206384
          ],
          [
            16.570226,
            49.20652
          ],
          [
            16.570307,
            49.206645
          ],
          [
            16.570395,
            49.20677
          ],
          [
            16.57054,
            49.206978
          ],
          [
            16.570658,
            49.207151
          ],
          [
            16.570729,
            49.207256
          ],
          [
            16.570819,
            49.207378
          ],
          [
            16.570891,
            49.207484
          ],
          [
            16.570959,
            49.207582
          ],
          [
            16.570983,
            49.207621
          ],
          [
            16.57103,
            49.207683
          ],
          [
            16.571078,
            49.207747
          ],
          [
            16.57114,
            49.207833
          ],
          [
            16.571196,
            49.207894
          ],
          [
            16.571248,
            49.207951
          ],
          [
            16.571298,
            49.208005
          ],
          [
            16.571369,
            49.208079
          ],
          [
            16.571412,
            49.208122
          ],
          [
            16.571486,
            49.208197
          ],
          [
            16.571654,
            49.208379
          ],
          [
            16.571801,
            49.208543
          ],
          [
            16.571898,
            49.208661
          ],
          [
            16.571942,
            49.208711
          ],
          [
            16.571978,
            49.20876
          ],
          [
            16.571995,
            49.208787
          ],
          [
            16.572014,
            49.208821
          ],
          [
            16.57204,
            49.208869
          ],
          [
            16.572062,
            49.208914
          ],
          [
            16.572088,
            49.208965
          ],
          [
            16.572109,
            49.20903
          ],
          [
            16.572136,
            49.209137
          ],
          [
            16.572157,
            49.20926
          ],
          [
            16.572164,
            49.209314
          ],
          [
            16.572168,
            49.209363
          ],
          [
            16.572168,
            49.209403
          ],
          [
            16.572165,
            49.209454
          ],
          [
            16.572152,
            49.209509
          ],
          [
            16.572134,
            49.209571
          ],
          [
            16.572105,
            49.209664
          ],
          [
            16.572098,
            49.209686
          ],
          [
            16.572074,
            49.20975
          ],
          [
            16.572073,
            49.209753
          ],
          [
            16.572038,
            49.209846
          ],
          [
            16.572004,
            49.20993
          ],
          [
            16.571975,
            49.209999
          ],
          [
            16.571959,
            49.210032
          ],
          [
            16.571941,
            49.21007
          ],
          [
            16.571911,
            49.210127
          ],
          [
            16.571872,
            49.210204
          ],
          [
            16.57187,
            49.210208
          ],
          [
            16.571818,
            49.210302
          ],
          [
            16.57176,
            49.2104
          ],
          [
            16.571735,
            49.21044
          ],
          [
            16.571714,
            49.210473
          ],
          [
            16.571652,
            49.210566
          ],
          [
            16.571584,
            49.210662
          ],
          [
            16.571544,
            49.210724
          ],
          [
            16.57149,
            49.210788
          ],
          [
            16.571409,
            49.210887
          ],
          [
            16.57125,
            49.211054
          ],
          [
            16.571103,
            49.211192
          ],
          [
            16.571059,
            49.211233
          ],
          [
            16.570989,
            49.211287
          ],
          [
            16.57092,
            49.211338
          ],
          [
            16.570871,
            49.21137
          ],
          [
            16.570845,
            49.211386
          ],
          [
            16.570751,
            49.21144
          ],
          [
            16.570614,
            49.211514
          ],
          [
            16.570513,
            49.211563
          ],
          [
            16.570412,
            49.211608
          ],
          [
            16.570301,
            49.211652
          ],
          [
            16.57018,
            49.211692
          ],
          [
            16.570028,
            49.211735
          ],
          [
            16.56989,
            49.211769
          ],
          [
            16.569688,
            49.211806
          ],
          [
            16.569501,
            49.211834
          ],
          [
            16.569276,
            49.21186
          ],
          [
            16.569078,
            49.211886
          ],
          [
            16.568869,
            49.21191
          ],
          [
            16.568649,
            49.211935
          ],
          [
            16.568507,
            49.211945
          ],
          [
            16.568335,
            49.211956
          ],
          [
            16.568128,
            49.211962
          ],
          [
            16.567931,
            49.211965
          ],
          [
            16.567716,
            49.211966
          ],
          [
            16.567526,
            49.211968
          ],
          [
            16.567399,
            49.21197
          ],
          [
            16.567263,
            49.211979
          ],
          [
            16.566946,
            49.212019
          ],
          [
            16.56503,
            49.212304
          ],
          [
            16.56313,
            49.212614
          ],
          [
            16.561915,
            49.2128
          ],
          [
            16.561717,
            49.212831
          ],
          [
            16.56142,
            49.212876
          ],
          [
            16.560498,
            49.213027
          ],
          [
            16.55991,
            49.213157
          ],
          [
            16.559708,
            49.21322
          ],
          [
            16.559415,
            49.213312
          ],
          [
            16.559393,
            49.213319
          ],
          [
            16.559299,
            49.21335
          ],
          [
            16.55921,
            49.213379
          ],
          [
            16.559208,
            49.21338
          ],
          [
            16.558779,
            49.213565
          ],
          [
            16.558425,
            49.213784
          ],
          [
            16.55807,
            49.214026
          ],
          [
            16.557949,
            49.214115
          ],
          [
            16.55734,
            49.214666
          ],
          [
            16.556009,
            49.215873
          ],
          [
            16.555793,
            49.21607
          ],
          [
            16.555438,
            49.216388
          ],
          [
            16.554919,
            49.216864
          ],
          [
            16.554602,
            49.217154
          ],
          [
            16.554316,
            49.217392
          ],
          [
            16.554062,
            49.217591
          ],
          [
            16.553883,
            49.217721
          ],
          [
            16.553606,
            49.217907
          ],
          [
            16.553555,
            49.217888
          ],
          [
            16.553521,
            49.217899
          ],
          [
            16.55341,
            49.217823
          ],
          [
            16.553376,
            49.217826
          ],
          [
            16.553121,
            49.21797
          ],
          [
            16.553112,
            49.217974
          ],
          [
            16.552999,
            49.218036
          ],
          [
            16.552778,
            49.218146
          ],
          [
            16.552581,
            49.218242
          ],
          [
            16.552439,
            49.218305
          ],
          [
            16.552242,
            49.218385
          ],
          [
            16.552063,
            49.218449
          ],
          [
            16.551917,
            49.218491
          ],
          [
            16.551736,
            49.218545
          ],
          [
            16.551593,
            49.218588
          ],
          [
            16.551302,
            49.218666
          ],
          [
            16.551145,
            49.218703
          ],
          [
            16.550934,
            49.218755
          ],
          [
            16.550649,
            49.218807
          ],
          [
            16.550441,
            49.218838
          ],
          [
            16.55029,
            49.218852
          ],
          [
            16.550029,
            49.218882
          ],
          [
            16.549759,
            49.218901
          ],
          [
            16.549578,
            49.218913
          ],
          [
            16.549313,
            49.218922
          ],
          [
            16.549139,
            49.218923
          ],
          [
            16.548888,
            49.218922
          ],
          [
            16.548628,
            49.218908
          ],
          [
            16.548485,
            49.218899
          ],
          [
            16.54832,
            49.218885
          ],
          [
            16.548106,
            49.218867
          ],
          [
            16.54794,
            49.218848
          ],
          [
            16.547597,
            49.218807
          ],
          [
            16.547371,
            49.218776
          ],
          [
            16.546905,
            49.218707
          ],
          [
            16.546504,
            49.218648
          ],
          [
            16.54621,
            49.218606
          ],
          [
            16.545826,
            49.218552
          ],
          [
            16.545369,
            49.218485
          ],
          [
            16.545085,
            49.218443
          ],
          [
            16.544771,
            49.218403
          ],
          [
            16.544455,
            49.218361
          ],
          [
            16.544252,
            49.21834
          ],
          [
            16.544054,
            49.218324
          ],
          [
            16.543746,
            49.2183
          ],
          [
            16.543591,
            49.218297
          ],
          [
            16.54332,
            49.2183
          ],
          [
            16.543119,
            49.218305
          ],
          [
            16.54282,
            49.218321
          ],
          [
            16.542516,
            49.218344
          ],
          [
            16.542208,
            49.218371
          ],
          [
            16.541903,
            49.218409
          ],
          [
            16.541614,
            49.218442
          ],
          [
            16.5415,
            49.218459
          ],
          [
            16.54143,
            49.21847
          ],
          [
            16.541175,
            49.218513
          ],
          [
            16.540949,
            49.218555
          ],
          [
            16.540692,
            49.218619
          ],
          [
            16.540476,
            49.21867
          ],
          [
            16.539935,
            49.218831
          ],
          [
            16.539571,
            49.218957
          ],
          [
            16.539057,
            49.219168
          ],
          [
            16.538833,
            49.219271
          ],
          [
            16.53825,
            49.219553
          ],
          [
            16.538043,
            49.219663
          ],
          [
            16.537875,
            49.219758
          ],
          [
            16.537656,
            49.219896
          ],
          [
            16.537534,
            49.219974
          ],
          [
            16.537328,
            49.220128
          ],
          [
            16.537223,
            49.220209
          ],
          [
            16.537118,
            49.220308
          ],
          [
            16.537068,
            49.220356
          ],
          [
            16.537028,
            49.220394
          ],
          [
            16.536816,
            49.220648
          ],
          [
            16.536735,
            49.220765
          ],
          [
            16.536646,
            49.2209
          ],
          [
            16.536585,
            49.221019
          ],
          [
            16.536482,
            49.22124
          ],
          [
            16.536475,
            49.221249
          ],
          [
            16.536452,
            49.221286
          ],
          [
            16.536411,
            49.221315
          ],
          [
            16.536369,
            49.221327
          ],
          [
            16.536397,
            49.221346
          ],
          [
            16.536377,
            49.221426
          ],
          [
            16.536358,
            49.221505
          ],
          [
            16.536316,
            49.221667
          ],
          [
            16.536295,
            49.221757
          ],
          [
            16.536269,
            49.221892
          ],
          [
            16.536255,
            49.22197
          ],
          [
            16.536232,
            49.222099
          ],
          [
            16.536215,
            49.222243
          ],
          [
            16.536177,
            49.222456
          ],
          [
            16.536134,
            49.222741
          ],
          [
            16.536088,
            49.223042
          ],
          [
            16.536044,
            49.223351
          ],
          [
            16.536018,
            49.223522
          ],
          [
            16.535974,
            49.223816
          ],
          [
            16.535946,
            49.223979
          ],
          [
            16.535912,
            49.224198
          ],
          [
            16.535886,
            49.224326
          ],
          [
            16.53584,
            49.224489
          ],
          [
            16.535822,
            49.22454
          ],
          [
            16.535747,
            49.224723
          ],
          [
            16.535701,
            49.22481
          ],
          [
            16.535659,
            49.224883
          ],
          [
            16.53561,
            49.22495
          ],
          [
            16.535531,
            49.225045
          ],
          [
            16.535401,
            49.2252
          ],
          [
            16.535319,
            49.225277
          ],
          [
            16.535244,
            49.225348
          ],
          [
            16.535103,
            49.225469
          ],
          [
            16.53497,
            49.22558
          ],
          [
            16.534922,
            49.225611
          ],
          [
            16.534873,
            49.225642
          ],
          [
            16.534775,
            49.225695
          ],
          [
            16.534646,
            49.225748
          ],
          [
            16.534643,
            49.225749
          ],
          [
            16.534634,
            49.225753
          ],
          [
            16.534064,
            49.225969
          ],
          [
            16.533612,
            49.226134
          ],
          [
            16.53359,
            49.226142
          ],
          [
            16.53321,
            49.226261
          ],
          [
            16.532942,
            49.226312
          ],
          [
            16.532674,
            49.226274
          ],
          [
            16.532664,
            49.226344
          ],
          [
            16.532661,
            49.226343
          ],
          [
            16.532642,
            49.226405
          ],
          [
            16.532649,
            49.226407
          ],
          [
            16.532577,
            49.226466
          ],
          [
            16.532577,
            49.226468
          ],
          [
            16.532526,
            49.226507
          ],
          [
            16.532528,
            49.226531
          ],
          [
            16.532568,
            49.226613
          ],
          [
            16.532566,
            49.226627
          ],
          [
            16.53256,
            49.226668
          ],
          [
            16.532531,
            49.226713
          ],
          [
            16.532008,
            49.227291
          ],
          [
            16.531998,
            49.227303
          ],
          [
            16.531823,
            49.227497
          ],
          [
            16.531693,
            49.227633
          ],
          [
            16.531729,
            49.227616
          ],
          [
            16.531784,
            49.227639
          ],
          [
            16.531793,
            49.227643
          ],
          [
            16.531814,
            49.227651
          ],
          [
            16.531865,
            49.227675
          ],
          [
            16.531909,
            49.227693
          ],
          [
            16.531925,
            49.227699
          ],
          [
            16.531966,
            49.227716
          ],
          [
            16.532006,
            49.227729
          ],
          [
            16.532057,
            49.227732
          ],
          [
            16.532307,
            49.227706
          ],
          [
            16.532345,
            49.227699
          ],
          [
            16.532265,
            49.227872
          ],
          [
            16.532208,
            49.227983
          ],
          [
            16.532109,
            49.228115
          ],
          [
            16.531926,
            49.228352
          ],
          [
            16.531841,
            49.228484
          ],
          [
            16.531701,
            49.228713
          ],
          [
            16.531606,
            49.228907
          ],
          [
            16.531537,
            49.229065
          ],
          [
            16.531315,
            49.229582
          ],
          [
            16.531299,
            49.229612
          ],
          [
            16.531145,
            49.230048
          ],
          [
            16.531026,
            49.230313
          ],
          [
            16.530981,
            49.230407
          ],
          [
            16.530885,
            49.230512
          ],
          [
            16.530745,
            49.230635
          ],
          [
            16.530572,
            49.230755
          ],
          [
            16.530477,
            49.230805
          ],
          [
            16.530315,
            49.230876
          ],
          [
            16.530166,
            49.230926
          ],
          [
            16.530082,
            49.23095
          ],
          [
            16.529883,
            49.231002
          ],
          [
            16.529684,
            49.231026
          ],
          [
            16.529534,
            49.231034
          ],
          [
            16.529449,
            49.231033
          ],
          [
            16.529352,
            49.231025
          ],
          [
            16.529159,
            49.231004
          ],
          [
            16.529153,
            49.231025
          ],
          [
            16.529121,
            49.231235
          ],
          [
            16.529121,
            49.231233
          ],
          [
            16.529111,
            49.231296
          ],
          [
            16.529097,
            49.231416
          ],
          [
            16.529092,
            49.231435
          ],
          [
            16.529068,
            49.231432
          ],
          [
            16.528961,
            49.231418
          ],
          [
            16.528645,
            49.231368
          ],
          [
            16.528347,
            49.231319
          ],
          [
            16.527459,
            49.231174
          ],
          [
            16.527401,
            49.231167
          ],
          [
            16.52734,
            49.23116
          ],
          [
            16.527266,
            49.231156
          ],
          [
            16.527192,
            49.231155
          ],
          [
            16.527109,
            49.231157
          ],
          [
            16.527037,
            49.231161
          ],
          [
            16.526964,
            49.231169
          ],
          [
            16.526882,
            49.23118
          ],
          [
            16.526781,
            49.231199
          ],
          [
            16.526715,
            49.231215
          ],
          [
            16.526625,
            49.231241
          ],
          [
            16.526491,
            49.231286
          ],
          [
            16.526373,
            49.231335
          ],
          [
            16.526347,
            49.231347
          ],
          [
            16.526234,
            49.231407
          ],
          [
            16.526157,
            49.231455
          ],
          [
            16.526128,
            49.231474
          ],
          [
            16.526084,
            49.231507
          ],
          [
            16.526047,
            49.231536
          ],
          [
            16.52568,
            49.231851
          ],
          [
            16.525567,
            49.23195
          ],
          [
            16.52547,
            49.232025
          ],
          [
            16.525384,
            49.232091
          ],
          [
            16.525302,
            49.232149
          ],
          [
            16.525172,
            49.232239
          ],
          [
            16.525089,
            49.232292
          ],
          [
            16.524964,
            49.232359
          ],
          [
            16.524922,
            49.232382
          ],
          [
            16.524872,
            49.232404
          ],
          [
            16.524803,
            49.232432
          ],
          [
            16.524673,
            49.232484
          ],
          [
            16.524477,
            49.23256
          ],
          [
            16.524383,
            49.232591
          ],
          [
            16.524193,
            49.232644
          ],
          [
            16.524123,
            49.232662
          ],
          [
            16.523874,
            49.232712
          ],
          [
            16.523826,
            49.232719
          ],
          [
            16.523576,
            49.232751
          ],
          [
            16.523419,
            49.232761
          ],
          [
            16.523112,
            49.232768
          ],
          [
            16.523071,
            49.232768
          ],
          [
            16.522805,
            49.232757
          ],
          [
            16.522734,
            49.232752
          ],
          [
            16.522681,
            49.232749
          ],
          [
            16.522666,
            49.232749
          ],
          [
            16.522657,
            49.23275
          ],
          [
            16.522648,
            49.232751
          ],
          [
            16.522643,
            49.232752
          ],
          [
            16.522637,
            49.232754
          ],
          [
            16.522629,
            49.232757
          ],
          [
            16.522626,
            49.232759
          ],
          [
            16.522623,
            49.232762
          ],
          [
            16.522612,
            49.232781
          ],
          [
            16.522546,
            49.232766
          ],
          [
            16.522375,
            49.23273
          ],
          [
            16.522347,
            49.232726
          ],
          [
            16.522009,
            49.232686
          ],
          [
            16.521657,
            49.232642
          ],
          [
            16.521223,
            49.232593
          ],
          [
            16.520938,
            49.232564
          ],
          [
            16.520679,
            49.232545
          ],
          [
            16.520459,
            49.232538
          ],
          [
            16.520238,
            49.232541
          ],
          [
            16.520025,
            49.232559
          ]
        ]
      },
      "properties": {
        "route_id": 1,
        "name": "Bakalovo nábřeží 8 → Home 1 (safe)",
        "type": "safe",
        "length_m": 10075.1,
        "hazard_count": 0,
        "cool_count": 0,
        "risk_score": 0,
        "shade_score": 0
      }
    },
    {
      "type": "Feature",
      "geometry": {
        "type": "LineString",
        "coordinates": [
          [
            16.598746,
            49.184881
          ],
          [
            16.598653,
            49.184825
          ],
          [
            16.598629,
            49.18481
          ],
          [
            16.59864,
            49.184782
          ],
          [
            16.598624,
            49.18475
          ],
          [
            16.598511,
            49.184638
          ],
          [
            16.598424,
            49.18456
          ],
          [
            16.598362,
            49.184498
          ],
          [
            16.598354,
            49.184491
          ],
          [
            16.598326,
            49.184508
          ],
          [
            16.598261,
            49.184546
          ],
          [
            16.59819,
            49.184582
          ],
          [
            16.597914,
            49.184615
          ],
          [
            16.59737,
            49.184679
          ],
          [
            16.59673,
            49.184754
          ],
          [
            16.596536,
            49.184778
          ],
          [
            16.596338,
            49.184798
          ],
          [
            16.596161,
            49.184772
          ],
          [
            16.596103,
            49.184765
          ],
          [
            16.595997,
            49.184774
          ],
          [
            16.595823,
            49.184794
          ],
          [
            16.595553,
            49.184827
          ],
          [
            16.59539,
            49.184845
          ],
          [
            16.595367,
            49.184852
          ],
          [
            16.595352,
            49.184857
          ],
          [
            16.595351,
            49.184857
          ],
          [
            16.595331,
            49.184883
          ],
          [
            16.595333,
            49.184932
          ],
          [
            16.595332,
            49.185002
          ],
          [
            16.595332,
            49.185047
          ],
          [
            16.595361,
            49.185204
          ],
          [
            16.595354,
            49.185274
          ],
          [
            16.595351,
            49.185301
          ],
          [
            16.595338,
            49.185485
          ],
          [
            16.595334,
            49.185565
          ],
          [
            16.595321,
            49.185678
          ],
          [
            16.595294,
            49.185853
          ],
          [
            16.595241,
            49.186086
          ],
          [
            16.595223,
            49.186153
          ],
          [
            16.595223,
            49.186164
          ],
          [
            16.59522,
            49.186206
          ],
          [
            16.595288,
            49.186207
          ],
          [
            16.595302,
            49.18625
          ],
          [
            16.595296,
            49.18627
          ],
          [
            16.595252,
            49.18641
          ],
          [
            16.595158,
            49.186706
          ],
          [
            16.59519,
            49.186716
          ],
          [
            16.595066,
            49.186707
          ],
          [
            16.595057,
            49.186707
          ],
          [
            16.594842,
            49.186676
          ],
          [
            16.594794,
            49.186702
          ],
          [
            16.594742,
            49.186708
          ],
          [
            16.594712,
            49.186831
          ],
          [
            16.594728,
            49.186872
          ],
          [
            16.594952,
            49.186917
          ],
          [
            16.594973,
            49.186921
          ],
          [
            16.594915,
            49.187163
          ],
          [
            16.594968,
            49.187193
          ],
          [
            16.594989,
            49.187217
          ],
          [
            16.595014,
            49.187238
          ],
          [
            16.595033,
            49.187252
          ],
          [
            16.594953,
            49.187282
          ],
          [
            16.59492,
            49.187295
          ],
          [
            16.594776,
            49.18736
          ],
          [
            16.594761,
            49.187374
          ],
          [
            16.594711,
            49.187386
          ],
          [
            16.594662,
            49.187416
          ],
          [
            16.594655,
            49.18742
          ],
          [
            16.594594,
            49.187457
          ],
          [
            16.59453,
            49.187513
          ],
          [
            16.594388,
            49.187649
          ],
          [
            16.594284,
            49.187833
          ],
          [
            16.594278,
            49.187863
          ],
          [
            16.594248,
            49.188017
          ],
          [
            16.594244,
            49.188084
          ],
          [
            16.594243,
            49.188093
          ],
          [
            16.594264,
            49.188274
          ],
          [
            16.59427,
            49.188298
          ],
          [
            16.594285,
            49.188361
          ],
          [
            16.594316,
            49.18843
          ],
          [
            16.594366,
            49.188486
          ],
          [
            16.594366,
            49.188487
          ],
          [
            16.594419,
            49.188547
          ],
          [
            16.59454,
            49.188686
          ],
          [
            16.594603,
            49.18873
          ],
          [
            16.594586,
            49.188742
          ],
          [
            16.594326,
            49.188838
          ],
          [
            16.59426,
            49.18885
          ],
          [
            16.594284,
            49.188947
          ],
          [
            16.594285,
            49.189051
          ],
          [
            16.594285,
            49.189111
          ],
          [
            16.594133,
            49.189343
          ],
          [
            16.594014,
            49.189518
          ],
          [
            16.593929,
            49.189619
          ],
          [
            16.59385,
            49.189712
          ],
          [
            16.593796,
            49.18976
          ],
          [
            16.593765,
            49.189785
          ],
          [
            16.593778,
            49.189841
          ],
          [
            16.593776,
            49.189863
          ],
          [
            16.593786,
            49.189897
          ],
          [
            16.593784,
            49.189914
          ],
          [
            16.593588,
            49.189914
          ],
          [
            16.593448,
            49.189921
          ],
          [
            16.593398,
            49.189933
          ],
          [
            16.593297,
            49.189972
          ],
          [
            16.59325,
            49.189989
          ],
          [
            16.593134,
            49.189963
          ],
          [
            16.592886,
            49.189881
          ],
          [
            16.592455,
            49.189714
          ],
          [
            16.591995,
            49.189527
          ],
          [
            16.59144,
            49.189307
          ],
          [
            16.590736,
            49.189013
          ],
          [
            16.590369,
            49.188869
          ],
          [
            16.590224,
            49.188817
          ],
          [
            16.590136,
            49.188791
          ],
          [
            16.590031,
            49.188778
          ],
          [
            16.58988,
            49.188779
          ],
          [
            16.588142,
            49.188798
          ],
          [
            16.587985,
            49.188806
          ],
          [
            16.587928,
            49.188809
          ],
          [
            16.58792,
            49.18881
          ],
          [
            16.587816,
            49.18882
          ],
          [
            16.587745,
            49.188837
          ],
          [
            16.587712,
            49.188845
          ],
          [
            16.587608,
            49.188876
          ],
          [
            16.587534,
            49.188909
          ],
          [
            16.587501,
            49.188924
          ],
          [
            16.587387,
            49.188988
          ],
          [
            16.587297,
            49.189049
          ],
          [
            16.587226,
            49.189102
          ],
          [
            16.587151,
            49.189152
          ],
          [
            16.587071,
            49.189194
          ],
          [
            16.58696,
            49.189242
          ],
          [
            16.586871,
            49.189271
          ],
          [
            16.586764,
            49.189298
          ],
          [
            16.586656,
            49.189318
          ],
          [
            16.586549,
            49.189331
          ],
          [
            16.586352,
            49.18935
          ],
          [
            16.58352,
            49.189682
          ],
          [
            16.58329,
            49.189715
          ],
          [
            16.583164,
            49.189735
          ],
          [
            16.581287,
            49.190084
          ],
          [
            16.580296,
            49.19025
          ],
          [
            16.57984,
            49.190323
          ],
          [
            16.579689,
            49.19035
          ],
          [
            16.579529,
            49.190387
          ],
          [
            16.579368,
            49.190431
          ],
          [
            16.579186,
            49.190488
          ],
          [
            16.578577,
            49.190681
          ],
          [
            16.576411,
            49.191411
          ],
          [
            16.575955,
            49.19157
          ],
          [
            16.575777,
            49.191644
          ],
          [
            16.575341,
            49.191845
          ],
          [
            16.5749,
            49.19205
          ],
          [
            16.57466,
            49.192141
          ],
          [
            16.573119,
            49.19265
          ],
          [
            16.572742,
            49.192775
          ],
          [
            16.572137,
            49.192983
          ],
          [
            16.57092,
            49.193405
          ],
          [
            16.570653,
            49.193514
          ],
          [
            16.570645,
            49.193517
          ],
          [
            16.570474,
            49.193583
          ],
          [
            16.570317,
            49.193655
          ],
          [
            16.570307,
            49.193659
          ],
          [
            16.570057,
            49.193806
          ],
          [
            16.569946,
            49.193896
          ],
          [
            16.569887,
            49.193944
          ],
          [
            16.569723,
            49.194096
          ],
          [
            16.569668,
            49.194161
          ],
          [
            16.569607,
            49.194236
          ],
          [
            16.569496,
            49.194389
          ],
          [
            16.569365,
            49.194606
          ],
          [
            16.569309,
            49.194693
          ],
          [
            16.569233,
            49.194812
          ],
          [
            16.569165,
            49.194904
          ],
          [
            16.569095,
            49.194992
          ],
          [
            16.568551,
            49.195627
          ],
          [
            16.568411,
            49.195793
          ],
          [
            16.568296,
            49.195929
          ],
          [
            16.568182,
            49.196073
          ],
          [
            16.568136,
            49.196134
          ],
          [
            16.568102,
            49.196186
          ],
          [
            16.56807,
            49.196235
          ],
          [
            16.568045,
            49.196285
          ],
          [
            16.56802,
            49.196329
          ],
          [
            16.568007,
            49.196358
          ],
          [
            16.56799,
            49.196402
          ],
          [
            16.56797,
            49.196447
          ],
          [
            16.567954,
            49.196495
          ],
          [
            16.567941,
            49.19655
          ],
          [
            16.567931,
            49.19659
          ],
          [
            16.567921,
            49.196635
          ],
          [
            16.567912,
            49.196675
          ],
          [
            16.567907,
            49.196745
          ],
          [
            16.567899,
            49.196804
          ],
          [
            16.567893,
            49.196891
          ],
          [
            16.567884,
            49.19738
          ],
          [
            16.567883,
            49.197844
          ],
          [
            16.567833,
            49.198424
          ],
          [
            16.56778,
            49.198986
          ],
          [
            16.567759,
            49.1994
          ],
          [
            16.567752,
            49.199626
          ],
          [
            16.567767,
            49.199837
          ],
          [
            16.567787,
            49.199958
          ],
          [
            16.567817,
            49.200124
          ],
          [
            16.567888,
            49.200437
          ],
          [
            16.567924,
            49.20061
          ],
          [
            16.567958,
            49.200772
          ],
          [
            16.56798,
            49.200919
          ],
          [
            16.567988,
            49.201
          ],
          [
            16.567993,
            49.201071
          ],
          [
            16.567994,
            49.201145
          ],
          [
            16.567994,
            49.201206
          ],
          [
            16.567987,
            49.201277
          ],
          [
            16.567982,
            49.201338
          ],
          [
            16.567972,
            49.201414
          ],
          [
            16.567957,
            49.201493
          ],
          [
            16.567934,
            49.201591
          ],
          [
            16.56789,
            49.201822
          ],
          [
            16.567869,
            49.201914
          ],
          [
            16.567856,
            49.201993
          ],
          [
            16.567846,
            49.202028
          ],
          [
            16.567839,
            49.202071
          ],
          [
            16.56783,
            49.202098
          ],
          [
            16.567828,
            49.202162
          ],
          [
            16.567822,
            49.202222
          ],
          [
            16.567815,
            49.202262
          ],
          [
            16.567814,
            49.202306
          ],
          [
            16.567811,
            49.202371
          ],
          [
            16.567808,
            49.202439
          ],
          [
            16.567803,
            49.202514
          ],
          [
            16.567812,
            49.202659
          ],
          [
            16.567827,
            49.202781
          ],
          [
            16.567841,
            49.202866
          ],
          [
            16.567865,
            49.202989
          ],
          [
            16.567887,
            49.203074
          ],
          [
            16.567911,
            49.203144
          ],
          [
            16.56794,
            49.203215
          ],
          [
            16.567984,
            49.203308
          ],
          [
            16.568008,
            49.203357
          ],
          [
            16.568035,
            49.203412
          ],
          [
            16.568056,
            49.203458
          ],
          [
            16.568084,
            49.203502
          ],
          [
            16.568111,
            49.203535
          ],
          [
            16.568139,
            49.203584
          ],
          [
            16.5682,
            49.203675
          ],
          [
            16.5683,
            49.203806
          ],
          [
            16.568358,
            49.20389
          ],
          [
            16.568408,
            49.203965
          ],
          [
            16.568453,
            49.20403
          ],
          [
            16.568486,
            49.204078
          ],
          [
            16.56853,
            49.204138
          ],
          [
            16.568569,
            49.204192
          ],
          [
            16.568636,
            49.204284
          ],
          [
            16.568852,
            49.204564
          ],
          [
            16.568935,
            49.204665
          ],
          [
            16.569094,
            49.204887
          ],
          [
            16.56918,
            49.204999
          ],
          [
            16.569264,
            49.205134
          ],
          [
            16.569349,
            49.205259
          ],
          [
            16.569441,
            49.205393
          ],
          [
            16.569657,
            49.205685
          ],
          [
            16.569811,
            49.205907
          ],
          [
            16.569929,
            49.206075
          ],
          [
            16.570032,
            49.206228
          ],
          [
            16.57013,
            49.206384
          ],
          [
            16.570226,
            49.20652
          ],
          [
            16.570307,
            49.206645
          ],
          [
            16.570395,
            49.20677
          ],
          [
            16.57054,
            49.206978
          ],
          [
            16.570658,
            49.207151
          ],
          [
            16.570729,
            49.207256
          ],
          [
            16.570819,
            49.207378
          ],
          [
            16.570891,
            49.207484
          ],
          [
            16.570959,
            49.207582
          ],
          [
            16.570983,
            49.207621
          ],
          [
            16.57103,
            49.207683
          ],
          [
            16.571078,
            49.207747
          ],
          [
            16.57114,
            49.207833
          ],
          [
            16.571196,
            49.207894
          ],
          [
            16.571248,
            49.207951
          ],
          [
            16.571298,
            49.208005
          ],
          [
            16.571369,
            49.208079
          ],
          [
            16.571412,
            49.208122
          ],
          [
            16.571486,
            49.208197
          ],
          [
            16.571654,
            49.208379
          ],
          [
            16.571801,
            49.208543
          ],
          [
            16.571898,
            49.208661
          ],
          [
            16.571942,
            49.208711
          ],
          [
            16.571978,
            49.20876
          ],
          [
            16.571995,
            49.208787
          ],
          [
            16.572014,
            49.208821
          ],
          [
            16.57204,
            49.208869
          ],
          [
            16.572062,
            49.208914
          ],
          [
            16.572088,
            49.208965
          ],
          [
            16.572109,
            49.20903
          ],
          [
            16.572136,
            49.209137
          ],
          [
            16.572157,
            49.20926
          ],
          [
            16.572164,
            49.209314
          ],
          [
            16.572168,
            49.209363
          ],
          [
            16.572168,
            49.209403
          ],
          [
            16.572165,
            49.209454
          ],
          [
            16.572152,
            49.209509
          ],
          [
            16.572134,
            49.209571
          ],
          [
            16.572105,
            49.209664
          ],
          [
            16.572098,
            49.209686
          ],
          [
            16.572074,
            49.20975
          ],
          [
            16.572073,
            49.209753
          ],
          [
            16.572038,
            49.209846
          ],
          [
            16.572004,
            49.20993
          ],
          [
            16.571975,
            49.209999
          ],
          [
            16.571959,
            49.210032
          ],
          [
            16.571941,
            49.21007
          ],
          [
            16.571911,
            49.210127
          ],
          [
            16.571872,
            49.210204
          ],
          [
            16.57187,
            49.210208
          ],
          [
            16.571818,
            49.210302
          ],
          [
            16.57176,
            49.2104
          ],
          [
            16.571735,
            49.21044
          ],
          [
            16.571714,
            49.210473
          ],
          [
            16.571652,
            49.210566
          ],
          [
            16.571584,
            49.210662
          ],
          [
            16.571544,
            49.210724
          ],
          [
            16.57149,
            49.210788
          ],
          [
            16.571409,
            49.210887
          ],
          [
            16.57125,
            49.211054
          ],
          [
            16.571103,
            49.211192
          ],
          [
            16.571059,
            49.211233
          ],
          [
            16.570989,
            49.211287
          ],
          [
            16.57092,
            49.211338
          ],
          [
            16.570871,
            49.21137
          ],
          [
            16.570845,
            49.211386
          ],
          [
            16.570751,
            49.21144
          ],
          [
            16.570614,
            49.211514
          ],
          [
            16.570513,
            49.211563
          ],
          [
            16.570412,
            49.211608
          ],
          [
            16.570301,
            49.211652
          ],
          [
            16.57018,
            49.211692
          ],
          [
            16.570028,
            49.211735
          ],
          [
            16.56989,
            49.211769
          ],
          [
            16.569688,
            49.211806
          ],
          [
            16.569501,
            49.211834
          ],
          [
            16.569276,
            49.21186
          ],
          [
            16.569078,
            49.211886
          ],
          [
            16.568869,
            49.21191
          ],
          [
            16.568649,
            49.211935
          ],
          [
            16.568507,
            49.211945
          ],
          [
            16.568335,
            49.211956
          ],
          [
            16.568128,
            49.211962
          ],
          [
            16.567931,
            49.211965
          ],
          [
            16.567716,
            49.211966
          ],
          [
            16.567526,
            49.211968
          ],
          [
            16.567399,
            49.21197
          ],
          [
            16.567263,
            49.211979
          ],
          [
            16.566946,
            49.212019
          ],
          [
            16.56503,
            49.212304
          ],
          [
            16.56313,
            49.212614
          ],
          [
            16.561915,
            49.2128
          ],
          [
            16.561717,
            49.212831
          ],
          [
            16.56142,
            49.212876
          ],
          [
            16.560498,
            49.213027
          ],
          [
            16.55991,
            49.213157
          ],
          [
            16.559708,
            49.21322
          ],
          [
            16.559415,
            49.213312
          ],
          [
            16.559393,
            49.213319
          ],
          [
            16.559299,
            49.21335
          ],
          [
            16.55921,
            49.213379
          ],
          [
            16.559208,
            49.21338
          ],
          [
            16.558779,
            49.213565
          ],
          [
            16.558425,
            49.213784
          ],
          [
            16.55807,
            49.214026
          ],
          [
            16.557949,
            49.214115
          ],
          [
            16.55734,
            49.214666
          ],
          [
            16.556009,
            49.215873
          ],
          [
            16.555793,
            49.21607
          ],
          [
            16.555438,
            49.216388
          ],
          [
            16.554919,
            49.216864
          ],
          [
            16.554602,
            49.217154
          ],
          [
            16.554316,
            49.217392
          ],
          [
            16.554062,
            49.217591
          ],
          [
            16.553883,
            49.217721
          ],
          [
            16.553606,
            49.217907
          ],
          [
            16.553555,
            49.217888
          ],
          [
            16.553521,
            49.217899
          ],
          [
            16.55341,
            49.217823
          ],
          [
            16.553376,
            49.217826
          ],
          [
            16.553121,
            49.21797
          ],
          [
            16.553112,
            49.217974
          ],
          [
            16.552999,
            49.218036
          ],
          [
            16.552778,
            49.218146
          ],
          [
            16.552581,
            49.218242
          ],
          [
            16.552439,
            49.218305
          ],
          [
            16.552242,
            49.218385
          ],
          [
            16.552063,
            49.218449
          ],
          [
            16.551917,
            49.218491
          ],
          [
            16.551736,
            49.218545
          ],
          [
            16.551593,
            49.218588
          ],
          [
            16.551302,
            49.218666
          ],
          [
            16.551145,
            49.218703
          ],
          [
            16.550934,
            49.218755
          ],
          [
            16.550649,
            49.218807
          ],
          [
            16.550441,
            49.218838
          ],
          [
            16.55029,
            49.218852
          ],
          [
            16.550029,
            49.218882
          ],
          [
            16.549759,
            49.218901
          ],
          [
            16.549578,
            49.218913
          ],
          [
            16.549313,
            49.218922
          ],
          [
            16.549139,
            49.218923
          ],
          [
            16.548888,
            49.218922
          ],
          [
            16.548628,
            49.218908
          ],
          [
            16.548485,
            49.218899
          ],
          [
            16.54832,
            49.218885
          ],
          [
            16.548106,
            49.218867
          ],
          [
            16.54794,
            49.218848
          ],
          [
            16.547597,
            49.218807
          ],
          [
            16.547371,
            49.218776
          ],
          [
            16.546905,
            49.218707
          ],
          [
            16.546504,
            49.218648
          ],
          [
            16.54621,
            49.218606
          ],
          [
            16.545826,
            49.218552
          ],
          [
            16.545369,
            49.218485
          ],
          [
            16.545085,
            49.218443
          ],
          [
            16.544771,
            49.218403
          ],
          [
            16.544455,
            49.218361
          ],
          [
            16.544252,
            49.21834
          ],
          [
            16.544054,
            49.218324
          ],
          [
            16.543746,
            49.2183
          ],
          [
            16.543591,
            49.218297
          ],
          [
            16.54332,
            49.2183
          ],
          [
            16.543119,
            49.218305
          ],
          [
            16.54282,
            49.218321
          ],
          [
            16.542516,
            49.218344
          ],
          [
            16.542208,
            49.218371
          ],
          [
            16.541903,
            49.218409
          ],
          [
            16.541614,
            49.218442
          ],
          [
            16.5415,
            49.218459
          ],
          [
            16.54143,
            49.21847
          ],
          [
            16.541175,
            49.218513
          ],
          [
            16.540949,
            49.218555
          ],
          [
            16.540692,
            49.218619
          ],
          [
            16.540476,
            49.21867
          ],
          [
            16.539935,
            49.218831
          ],
          [
            16.539571,
            49.218957
          ],
          [
            16.539057,
            49.219168
          ],
          [
            16.538833,
            49.219271
          ],
          [
            16.53825,
            49.219553
          ],
          [
            16.538043,
            49.219663
          ],
          [
            16.537875,
            49.219758
          ],
          [
            16.537656,
            49.219896
          ],
          [
            16.537534,
            49.219974
          ],
          [
            16.537328,
            49.220128
          ],
          [
            16.537223,
            49.220209
          ],
          [
            16.537118,
            49.220308
          ],
          [
            16.537068,
            49.220356
          ],
          [
            16.537028,
            49.220394
          ],
          [
            16.536816,
            49.220648
          ],
          [
            16.536735,
            49.220765
          ],
          [
            16.536646,
            49.2209
          ],
          [
            16.536585,
            49.221019
          ],
          [
            16.536482,
            49.22124
          ],
          [
            16.536475,
            49.221249
          ],
          [
            16.536452,
            49.221286
          ],
          [
            16.536411,
            49.221315
          ],
          [
            16.536369,
            49.221327
          ],
          [
            16.536397,
            49.221346
          ],
          [
            16.536377,
            49.221426
          ],
          [
            16.536358,
            49.221505
          ],
          [
            16.536316,
            49.221667
          ],
          [
            16.536295,
            49.221757
          ],
          [
            16.536269,
            49.221892
          ],
          [
            16.536255,
            49.22197
          ],
          [
            16.536232,
            49.222099
          ],
          [
            16.536215,
            49.222243
          ],
          [
            16.536177,
            49.222456
          ],
          [
            16.536134,
            49.222741
          ],
          [
            16.536088,
            49.223042
          ],
          [
            16.536044,
            49.223351
          ],
          [
            16.536018,
            49.223522
          ],
          [
            16.535974,
            49.223816
          ],
          [
            16.535946,
            49.223979
          ],
          [
            16.535912,
            49.224198
          ],
          [
            16.535886,
            49.224326
          ],
          [
            16.53584,
            49.224489
          ],
          [
            16.535822,
            49.22454
          ],
          [
            16.535747,
            49.224723
          ],
          [
            16.535701,
            49.22481
          ],
          [
            16.535659,
            49.224883
          ],
          [
            16.53561,
            49.22495
          ],
          [
            16.535531,
            49.225045
          ],
          [
            16.535401,
            49.2252
          ],
          [
            16.535319,
            49.225277
          ],
          [
            16.535244,
            49.225348
          ],
          [
            16.535103,
            49.225469
          ],
          [
            16.53497,
            49.22558
          ],
          [
            16.534922,
            49.225611
          ],
          [
            16.534873,
            49.225642
          ],
          [
            16.534775,
            49.225695
          ],
          [
            16.534646,
            49.225748
          ],
          [
            16.534643,
            49.225749
          ],
          [
            16.534634,
            49.225753
          ],
          [
            16.534064,
            49.225969
          ],
          [
            16.533612,
            49.226134
          ],
          [
            16.53359,
            49.226142
          ],
          [
            16.53321,
            49.226261
          ],
          [
            16.532942,
            49.226312
          ],
          [
            16.532674,
            49.226274
          ],
          [
            16.532664,
            49.226344
          ],
          [
            16.532661,
            49.226343
          ],
          [
            16.532642,
            49.226405
          ],
          [
            16.532649,
            49.226407
          ],
          [
            16.532577,
            49.226466
          ],
          [
            16.532577,
            49.226468
          ],
          [
            16.532526,
            49.226507
          ],
          [
            16.532528,
            49.226531
          ],
          [
            16.532568,
            49.226613
          ],
          [
            16.532566,
            49.226627
          ],
          [
            16.53256,
            49.226668
          ],
          [
            16.532531,
            49.226713
          ],
          [
            16.532008,
            49.227291
          ],
          [
            16.531998,
            49.227303
          ],
          [
            16.531823,
            49.227497
          ],
          [
            16.531693,
            49.227633
          ],
          [
            16.531729,
            49.227616
          ],
          [
            16.531784,
            49.227639
          ],
          [
            16.531793,
            49.227643
          ],
          [
            16.531814,
            49.227651
          ],
          [
            16.531865,
            49.227675
          ],
          [
            16.531909,
            49.227693
          ],
          [
            16.531925,
            49.227699
          ],
          [
            16.531966,
            49.227716
          ],
          [
            16.532006,
            49.227729
          ],
          [
            16.532057,
            49.227732
          ],
          [
            16.532307,
            49.227706
          ],
          [
            16.532345,
            49.227699
          ],
          [
            16.532265,
            49.227872
          ],
          [
            16.532208,
            49.227983
          ],
          [
            16.532109,
            49.228115
          ],
          [
            16.531926,
            49.228352
          ],
          [
            16.531841,
            49.228484
          ],
          [
            16.531701,
            49.228713
          ],
          [
            16.531606,
            49.228907
          ],
          [
            16.531537,
            49.229065
          ],
          [
            16.531315,
            49.229582
          ],
          [
            16.531299,
            49.229612
          ],
          [
            16.531145,
            49.230048
          ],
          [
            16.531026,
            49.230313
          ],
          [
            16.530981,
            49.230407
          ],
          [
            16.530885,
            49.230512
          ],
          [
            16.530745,
            49.230635
          ],
          [
            16.530572,
            49.230755
          ],
          [
            16.530477,
            49.230805
          ],
          [
            16.530315,
            49.230876
          ],
          [
            16.530166,
            49.230926
          ],
          [
            16.530082,
            49.23095
          ],
          [
            16.529883,
            49.231002
          ],
          [
            16.529684,
            49.231026
          ],
          [
            16.529534,
            49.231034
          ],
          [
            16.529449,
            49.231033
          ],
          [
            16.529352,
            49.231025
          ],
          [
            16.529159,
            49.231004
          ],
          [
            16.529153,
            49.231025
          ],
          [
            16.529121,
            49.231235
          ],
          [
            16.529121,
            49.231233
          ],
          [
            16.529111,
            49.231296
          ],
          [
            16.529097,
            49.231416
          ],
          [
            16.529092,
            49.231435
          ],
          [
            16.529068,
            49.231432
          ],
          [
            16.528961,
            49.231418
          ],
          [
            16.528645,
            49.231368
          ],
          [
            16.528347,
            49.231319
          ],
          [
            16.527459,
            49.231174
          ],
          [
            16.527401,
            49.231167
          ],
          [
            16.52734,
            49.23116
          ],
          [
            16.527266,
            49.231156
          ],
          [
            16.527192,
            49.231155
          ],
          [
            16.527109,
            49.231157
          ],
          [
            16.527037,
            49.231161
          ],
          [
            16.526964,
            49.231169
          ],
          [
            16.526882,
            49.23118
          ],
          [
            16.526781,
            49.231199
          ],
          [
            16.526715,
            49.231215
          ],
          [
            16.526625,
            49.231241
          ],
          [
            16.526491,
            49.231286
          ],
          [
            16.526373,
            49.231335
          ],
          [
            16.526347,
            49.231347
          ],
          [
            16.526234,
            49.231407
          ],
          [
            16.526157,
            49.231455
          ],
          [
            16.526128,
            49.231474
          ],
          [
            16.526084,
            49.231507
          ],
          [
            16.526047,
            49.231536
          ],
          [
            16.52568,
            49.231851
          ],
          [
            16.525567,
            49.23195
          ],
          [
            16.52547,
            49.232025
          ],
          [
            16.525384,
            49.232091
          ],
          [
            16.525302,
            49.232149
          ],
          [
            16.525172,
            49.232239
          ],
          [
            16.525089,
            49.232292
          ],
          [
            16.524964,
            49.232359
          ],
          [
            16.524922,
            49.232382
          ],
          [
            16.524872,
            49.232404
          ],
          [
            16.524803,
            49.232432
          ],
          [
            16.524673,
            49.232484
          ],
          [
            16.524477,
            49.23256
          ],
          [
            16.524383,
            49.232591
          ],
          [
            16.524193,
            49.232644
          ],
          [
            16.524123,
            49.232662
          ],
          [
            16.523874,
            49.232712
          ],
          [
            16.523826,
            49.232719
          ],
          [
            16.523576,
            49.232751
          ],
          [
            16.523419,
            49.232761
          ],
          [
            16.523112,
            49.232768
          ],
          [
            16.523071,
            49.232768
          ],
          [
            16.522805,
            49.232757
          ],
          [
            16.522734,
            49.232752
          ],
          [
            16.522681,
            49.232749
          ],
          [
            16.522666,
            49.232749
          ],
          [
            16.522657,
            49.23275
          ],
          [
            16.522648,
            49.232751
          ],
          [
            16.522643,
            49.232752
          ],
          [
            16.522637,
            49.232754
          ],
          [
            16.522629,
            49.232757
          ],
          [
            16.522626,
            49.232759
          ],
          [
            16.522623,
            49.232762
          ],
          [
            16.522612,
            49.232781
          ],
          [
            16.522546,
            49.232766
          ],
          [
            16.522375,
            49.23273
          ],
          [
            16.522347,
            49.232726
          ],
          [
            16.522009,
            49.232686
          ],
          [
            16.521657,
            49.232642
          ],
          [
            16.521223,
            49.232593
          ],
          [
            16.520938,
            49.232564
          ],
          [
            16.520679,
            49.232545
          ],
          [
            16.520459,
            49.232538
          ],
          [
            16.520238,
            49.232541
          ],
          [
            16.520025,
            49.232559
          ]
        ]
      },
      "properties": {
        "route_id": 2,
        "name": "Bakalovo nábřeží 8 → Home 1 (cool)",
        "type": "cool",
        "length_m": 10075.1,
        "hazard_count": 0,
        "cool_count": 0,
        "risk_score": 0,
        "shade_score": 0
      }
    },
    {
      "type": "Feature",
      "geometry": {
        "type": "LineString",
        "coordinates": [
          [
            16.619436,
            49.192177
          ],
          [
            16.619426,
            49.192158
          ],
          [
            16.619394,
            49.192099
          ],
          [
            16.61931,
            49.191945
          ],
          [
            16.619302,
            49.191935
          ],
          [
            16.619287,
            49.191918
          ],
          [
            16.619272,
            49.191913
          ],
          [
            16.619249,
            49.191912
          ],
          [
            16.619223,
            49.191917
          ],
          [
            16.61914,
            49.191937
          ],
          [
            16.618938,
            49.191977
          ],
          [
            16.618859,
            49.191993
          ],
          [
            16.618656,
            49.192024
          ],
          [
            16.618521,
            49.192041
          ],
          [
            16.618448,
            49.192051
          ],
          [
            16.618415,
            49.192056
          ],
          [
            16.61835,
            49.192072
          ],
          [
            16.61833,
            49.192082
          ],
          [
            16.618279,
            49.19209
          ],
          [
            16.618083,
            49.192095
          ],
          [
            16.618034,
            49.192091
          ],
          [
            16.61801,
            49.19208
          ],
          [
            16.617952,
            49.192075
          ],
          [
            16.617815,
            49.192071
          ],
          [
            16.617635,
            49.192068
          ],
          [
            16.617503,
            49.192065
          ],
          [
            16.617452,
            49.192062
          ],
          [
            16.617349,
            49.192057
          ],
          [
            16.617223,
            49.192046
          ],
          [
            16.617066,
            49.192022
          ],
          [
            16.616745,
            49.191963
          ],
          [
            16.616596,
            49.191936
          ],
          [
            16.616417,
            49.191898
          ],
          [
            16.616227,
            49.191861
          ],
          [
            16.616038,
            49.191821
          ],
          [
            16.615883,
            49.191792
          ],
          [
            16.615783,
            49.191776
          ],
          [
            16.615738,
            49.191768
          ],
          [
            16.615679,
            49.191758
          ],
          [
            16.615653,
            49.191758
          ],
          [
            16.615638,
            49.191758
          ],
          [
            16.615596,
            49.19177
          ],
          [
            16.61556,
            49.191784
          ],
          [
            16.615546,
            49.191799
          ],
          [
            16.615541,
            49.191811
          ],
          [
            16.615536,
            49.191823
          ],
          [
            16.615549,
            49.191928
          ],
          [
            16.615555,
            49.192005
          ],
          [
            16.615602,
            49.192546
          ],
          [
            16.615673,
            49.192677
          ],
          [
            16.615711,
            49.19276
          ],
          [
            16.616028,
            49.193322
          ],
          [
            16.616121,
            49.193522
          ],
          [
            16.61623,
            49.193761
          ],
          [
            16.616289,
            49.193905
          ],
          [
            16.616361,
            49.19405
          ],
          [
            16.616474,
            49.194266
          ],
          [
            16.6166,
            49.194511
          ],
          [
            16.616707,
            49.194733
          ],
          [
            16.616752,
            49.194829
          ],
          [
            16.616755,
            49.194908
          ],
          [
            16.616751,
            49.194998
          ],
          [
            16.61669,
            49.19509
          ],
          [
            16.616581,
            49.19523
          ],
          [
            16.616498,
            49.195361
          ],
          [
            16.616379,
            49.195518
          ],
          [
            16.616232,
            49.195704
          ],
          [
            16.616156,
            49.195802
          ],
          [
            16.616156,
            49.195803
          ],
          [
            16.616036,
            49.195957
          ],
          [
            16.616033,
            49.195961
          ],
          [
            16.616008,
            49.196033
          ],
          [
            16.615963,
            49.196061
          ],
          [
            16.615904,
            49.196063
          ],
          [
            16.615865,
            49.196065
          ],
          [
            16.615823,
            49.196052
          ],
          [
            16.615707,
            49.196006
          ],
          [
            16.615673,
            49.195991
          ],
          [
            16.615578,
            49.195954
          ],
          [
            16.615518,
            49.195963
          ],
          [
            16.615464,
            49.195942
          ],
          [
            16.615369,
            49.195907
          ],
          [
            16.615163,
            49.19583
          ],
          [
            16.614774,
            49.195676
          ],
          [
            16.61471,
            49.195652
          ],
          [
            16.614674,
            49.195682
          ],
          [
            16.614559,
            49.195805
          ],
          [
            16.614558,
            49.195815
          ],
          [
            16.61452,
            49.19585
          ],
          [
            16.614486,
            49.19583
          ],
          [
            16.614395,
            49.195794
          ],
          [
            16.614397,
            49.195798
          ],
          [
            16.614275,
            49.195748
          ],
          [
            16.614257,
            49.195741
          ],
          [
            16.614254,
            49.195739
          ],
          [
            16.614248,
            49.195737
          ],
          [
            16.614162,
            49.195701
          ],
          [
            16.614078,
            49.195667
          ],
          [
            16.614004,
            49.195636
          ],
          [
            16.613923,
            49.195608
          ],
          [
            16.613739,
            49.195545
          ],
          [
            16.613719,
            49.195538
          ],
          [
            16.613675,
            49.195535
          ],
          [
            16.613595,
            49.195531
          ],
          [
            16.613525,
            49.195563
          ],
          [
            16.613481,
            49.195584
          ],
          [
            16.613453,
            49.195616
          ],
          [
            16.613407,
            49.19567
          ],
          [
            16.613294,
            49.195785
          ],
          [
            16.613068,
            49.196037
          ],
          [
            16.61282,
            49.196312
          ],
          [
            16.612836,
            49.196338
          ],
          [
            16.612759,
            49.196421
          ],
          [
            16.612737,
            49.196446
          ],
          [
            16.612705,
            49.19645
          ],
          [
            16.612514,
            49.196377
          ],
          [
            16.612455,
            49.196371
          ],
          [
            16.612459,
            49.196413
          ],
          [
            16.612459,
            49.196418
          ],
          [
            16.612432,
            49.19646
          ],
          [
            16.612262,
            49.196649
          ],
          [
            16.612225,
            49.196691
          ],
          [
            16.612087,
            49.196849
          ],
          [
            16.612079,
            49.196858
          ],
          [
            16.611954,
            49.196999
          ],
          [
            16.611951,
            49.197003
          ],
          [
            16.611846,
            49.197119
          ],
          [
            16.611815,
            49.197138
          ],
          [
            16.611771,
            49.197166
          ],
          [
            16.611697,
            49.197158
          ],
          [
            16.61169,
            49.197195
          ],
          [
            16.611726,
            49.197203
          ],
          [
            16.611669,
            49.197273
          ],
          [
            16.61163,
            49.197302
          ],
          [
            16.611633,
            49.197341
          ],
          [
            16.611617,
            49.197367
          ],
          [
            16.611612,
            49.197375
          ],
          [
            16.611496,
            49.197433
          ],
          [
            16.6112,
            49.197557
          ],
          [
            16.610576,
            49.197816
          ],
          [
            16.610476,
            49.197858
          ],
          [
            16.610324,
            49.197921
          ],
          [
            16.609967,
            49.198063
          ],
          [
            16.609533,
            49.198245
          ],
          [
            16.60933,
            49.198318
          ],
          [
            16.609325,
            49.198321
          ],
          [
            16.609031,
            49.198451
          ],
          [
            16.608642,
            49.198617
          ],
          [
            16.608553,
            49.198652
          ],
          [
            16.60844,
            49.198675
          ],
          [
            16.608352,
            49.198692
          ],
          [
            16.608291,
            49.198693
          ],
          [
            16.608222,
            49.19869
          ],
          [
            16.60814,
            49.198677
          ],
          [
            16.608098,
            49.198685
          ],
          [
            16.607865,
            49.198841
          ],
          [
            16.607836,
            49.198846
          ],
          [
            16.607902,
            49.198967
          ],
          [
            16.607908,
            49.199052
          ],
          [
            16.607895,
            49.199146
          ],
          [
            16.607838,
            49.199377
          ],
          [
            16.60778,
            49.199633
          ],
          [
            16.607736,
            49.199892
          ],
          [
            16.607699,
            49.199974
          ],
          [
            16.607625,
            49.200004
          ],
          [
            16.607633,
            49.200046
          ],
          [
            16.607595,
            49.200095
          ],
          [
            16.607584,
            49.200111
          ],
          [
            16.607538,
            49.200167
          ],
          [
            16.607553,
            49.200193
          ],
          [
            16.607614,
            49.200234
          ],
          [
            16.607633,
            49.200276
          ],
          [
            16.60763,
            49.20029
          ],
          [
            16.607625,
            49.200312
          ],
          [
            16.607608,
            49.200388
          ],
          [
            16.60759,
            49.200467
          ],
          [
            16.607572,
            49.200542
          ],
          [
            16.607531,
            49.200688
          ],
          [
            16.607487,
            49.200869
          ],
          [
            16.607431,
            49.201088
          ],
          [
            16.607392,
            49.201248
          ],
          [
            16.607346,
            49.201406
          ],
          [
            16.607286,
            49.201642
          ],
          [
            16.607245,
            49.201798
          ],
          [
            16.607189,
            49.202008
          ],
          [
            16.60713,
            49.202201
          ],
          [
            16.607085,
            49.202314
          ],
          [
            16.607014,
            49.202521
          ],
          [
            16.606921,
            49.202776
          ],
          [
            16.606888,
            49.202859
          ],
          [
            16.60688,
            49.202879
          ],
          [
            16.606879,
            49.20288
          ],
          [
            16.606886,
            49.202921
          ],
          [
            16.606879,
            49.202928
          ],
          [
            16.606832,
            49.203024
          ],
          [
            16.606814,
            49.203044
          ],
          [
            16.60681,
            49.20307
          ],
          [
            16.60649,
            49.203679
          ],
          [
            16.60648,
            49.203697
          ],
          [
            16.606458,
            49.20373
          ],
          [
            16.606454,
            49.203744
          ],
          [
            16.606384,
            49.203839
          ],
          [
            16.606381,
            49.203866
          ],
          [
            16.606382,
            49.203888
          ],
          [
            16.6062,
            49.204202
          ],
          [
            16.60606,
            49.204442
          ],
          [
            16.605827,
            49.204838
          ],
          [
            16.605527,
            49.205351
          ],
          [
            16.605324,
            49.205704
          ],
          [
            16.605259,
            49.205781
          ],
          [
            16.605235,
            49.205817
          ],
          [
            16.605212,
            49.205853
          ],
          [
            16.605166,
            49.205925
          ],
          [
            16.605172,
            49.205947
          ],
          [
            16.605051,
            49.206164
          ],
          [
            16.604759,
            49.206651
          ],
          [
            16.604502,
            49.207109
          ],
          [
            16.604426,
            49.207231
          ],
          [
            16.604288,
            49.207455
          ],
          [
            16.604267,
            49.207488
          ],
          [
            16.604234,
            49.207541
          ],
          [
            16.604172,
            49.207544
          ],
          [
            16.604158,
            49.207541
          ],
          [
            16.604122,
            49.207534
          ],
          [
            16.604013,
            49.207512
          ],
          [
            16.603916,
            49.207492
          ],
          [
            16.603915,
            49.207493
          ],
          [
            16.603822,
            49.207512
          ],
          [
            16.603412,
            49.207421
          ],
          [
            16.602492,
            49.207215
          ],
          [
            16.602007,
            49.207094
          ],
          [
            16.601892,
            49.20707
          ],
          [
            16.601858,
            49.207077
          ],
          [
            16.601796,
            49.207187
          ],
          [
            16.601793,
            49.20719
          ],
          [
            16.601765,
            49.207235
          ],
          [
            16.601728,
            49.207222
          ],
          [
            16.601647,
            49.207204
          ],
          [
            16.601595,
            49.20718
          ],
          [
            16.60155,
            49.207165
          ],
          [
            16.600671,
            49.206955
          ],
          [
            16.600319,
            49.206874
          ],
          [
            16.600238,
            49.206854
          ],
          [
            16.600176,
            49.206839
          ],
          [
            16.600127,
            49.206822
          ],
          [
            16.600107,
            49.206821
          ],
          [
            16.600056,
            49.206806
          ],
          [
            16.600017,
            49.206799
          ],
          [
            16.599963,
            49.206782
          ],
          [
            16.599951,
            49.206801
          ],
          [
            16.599581,
            49.207333
          ],
          [
            16.599433,
            49.207542
          ],
          [
            16.599268,
            49.207768
          ],
          [
            16.599232,
            49.207814
          ],
          [
            16.59923,
            49.207818
          ],
          [
            16.599169,
            49.207911
          ],
          [
            16.599132,
            49.20793
          ],
          [
            16.599126,
            49.207968
          ],
          [
            16.598777,
            49.208549
          ],
          [
            16.598482,
            49.209035
          ],
          [
            16.598368,
            49.209227
          ],
          [
            16.598342,
            49.209265
          ],
          [
            16.598322,
            49.209298
          ],
          [
            16.598305,
            49.209322
          ],
          [
            16.597932,
            49.20995
          ],
          [
            16.597861,
            49.210067
          ],
          [
            16.597857,
            49.210073
          ],
          [
            16.597825,
            49.210129
          ],
          [
            16.597801,
            49.210157
          ],
          [
            16.597644,
            49.210419
          ],
          [
            16.597275,
            49.211031
          ],
          [
            16.597264,
            49.211073
          ],
          [
            16.597251,
            49.211096
          ],
          [
            16.597214,
            49.211123
          ],
          [
            16.597148,
            49.211233
          ],
          [
            16.597094,
            49.211323
          ],
          [
            16.597037,
            49.211417
          ],
          [
            16.596984,
            49.211507
          ],
          [
            16.596928,
            49.211599
          ],
          [
            16.596846,
            49.211736
          ],
          [
            16.596821,
            49.211778
          ],
          [
            16.596825,
            49.211785
          ],
          [
            16.596783,
            49.211851
          ],
          [
            16.596763,
            49.211891
          ],
          [
            16.596751,
            49.211905
          ],
          [
            16.596658,
            49.212055
          ],
          [
            16.596516,
            49.212293
          ],
          [
            16.596323,
            49.212616
          ],
          [
            16.596299,
            49.212658
          ],
          [
            16.596269,
            49.212698
          ],
          [
            16.596088,
            49.212992
          ],
          [
            16.595948,
            49.213237
          ],
          [
            16.595914,
            49.21331
          ],
          [
            16.595891,
            49.213339
          ],
          [
            16.595868,
            49.213373
          ],
          [
            16.595576,
            49.213859
          ],
          [
            16.595467,
            49.214043
          ],
          [
            16.595448,
            49.214071
          ],
          [
            16.595435,
            49.214098
          ],
          [
            16.595392,
            49.214173
          ],
          [
            16.595374,
            49.214212
          ],
          [
            16.595371,
            49.214242
          ],
          [
            16.595358,
            49.214264
          ],
          [
            16.595201,
            49.214511
          ],
          [
            16.595156,
            49.214562
          ],
          [
            16.594593,
            49.2155
          ],
          [
            16.594577,
            49.215521
          ],
          [
            16.594539,
            49.215579
          ],
          [
            16.594538,
            49.215601
          ],
          [
            16.593944,
            49.216572
          ],
          [
            16.593802,
            49.216811
          ],
          [
            16.593778,
            49.216845
          ],
          [
            16.593619,
            49.217117
          ],
          [
            16.59328,
            49.217683
          ],
          [
            16.593076,
            49.218024
          ],
          [
            16.593017,
            49.218122
          ],
          [
            16.592991,
            49.218161
          ],
          [
            16.592674,
            49.218684
          ],
          [
            16.592528,
            49.218926
          ],
          [
            16.592357,
            49.219211
          ],
          [
            16.59232,
            49.219256
          ],
          [
            16.592382,
            49.219273
          ],
          [
            16.592427,
            49.219284
          ],
          [
            16.592465,
            49.219294
          ],
          [
            16.592497,
            49.219302
          ],
          [
            16.592537,
            49.219335
          ],
          [
            16.592531,
            49.219344
          ],
          [
            16.592498,
            49.219371
          ],
          [
            16.592526,
            49.219405
          ],
          [
            16.592492,
            49.219463
          ],
          [
            16.592445,
            49.219491
          ],
          [
            16.592412,
            49.219532
          ],
          [
            16.592378,
            49.219519
          ],
          [
            16.592323,
            49.219494
          ],
          [
            16.592283,
            49.219483
          ],
          [
            16.59225,
            49.219475
          ],
          [
            16.592215,
            49.219439
          ],
          [
            16.591394,
            49.219209
          ],
          [
            16.591179,
            49.219154
          ],
          [
            16.591146,
            49.219166
          ],
          [
            16.591126,
            49.219182
          ],
          [
            16.591105,
            49.219211
          ],
          [
            16.590986,
            49.219398
          ],
          [
            16.590937,
            49.219479
          ],
          [
            16.590829,
            49.219648
          ],
          [
            16.590805,
            49.219684
          ],
          [
            16.590775,
            49.219731
          ],
          [
            16.590674,
            49.219898
          ],
          [
            16.590655,
            49.21993
          ],
          [
            16.590565,
            49.220071
          ],
          [
            16.590537,
            49.220115
          ],
          [
            16.590507,
            49.220163
          ],
          [
            16.590493,
            49.220189
          ],
          [
            16.590481,
            49.220218
          ],
          [
            16.590425,
            49.220203
          ],
          [
            16.590373,
            49.220193
          ],
          [
            16.59034,
            49.22018
          ],
          [
            16.589916,
            49.220065
          ],
          [
            16.589769,
            49.220027
          ],
          [
            16.589757,
            49.220023
          ],
          [
            16.589619,
            49.219985
          ],
          [
            16.589548,
            49.219966
          ],
          [
            16.58929,
            49.219893
          ],
          [
            16.589281,
            49.21989
          ],
          [
            16.58923,
            49.219875
          ],
          [
            16.589205,
            49.21991
          ],
          [
            16.58918,
            49.219938
          ],
          [
            16.58915,
            49.21999
          ],
          [
            16.589041,
            49.219942
          ],
          [
            16.588982,
            49.219927
          ],
          [
            16.588914,
            49.219909
          ],
          [
            16.588875,
            49.219914
          ],
          [
            16.587976,
            49.219667
          ],
          [
            16.587951,
            49.219661
          ],
          [
            16.587894,
            49.219646
          ],
          [
            16.587829,
            49.219633
          ],
          [
            16.58781,
            49.219625
          ],
          [
            16.587805,
            49.219638
          ],
          [
            16.587699,
            49.219794
          ],
          [
            16.587608,
            49.219927
          ],
          [
            16.587362,
            49.220289
          ],
          [
            16.587183,
            49.220547
          ],
          [
            16.587164,
            49.220564
          ],
          [
            16.587147,
            49.220558
          ],
          [
            16.587068,
            49.220533
          ],
          [
            16.586973,
            49.220508
          ],
          [
            16.58682,
            49.220465
          ],
          [
            16.586657,
            49.220419
          ],
          [
            16.586471,
            49.220367
          ],
          [
            16.586384,
            49.220342
          ],
          [
            16.586366,
            49.220337
          ],
          [
            16.586246,
            49.220303
          ],
          [
            16.586217,
            49.220317
          ],
          [
            16.586167,
            49.220397
          ],
          [
            16.586147,
            49.220411
          ],
          [
            16.586128,
            49.220437
          ],
          [
            16.585948,
            49.220701
          ],
          [
            16.585789,
            49.220931
          ],
          [
            16.585646,
            49.221139
          ],
          [
            16.585445,
            49.22143
          ],
          [
            16.585427,
            49.221417
          ],
          [
            16.585275,
            49.221371
          ],
          [
            16.585223,
            49.221365
          ],
          [
            16.58517,
            49.221353
          ],
          [
            16.585092,
            49.221327
          ],
          [
            16.584166,
            49.221001
          ],
          [
            16.583258,
            49.220703
          ],
          [
            16.582941,
            49.220599
          ],
          [
            16.582988,
            49.220536
          ],
          [
            16.582873,
            49.220498
          ],
          [
            16.582854,
            49.220521
          ],
          [
            16.582725,
            49.220476
          ],
          [
            16.582739,
            49.220453
          ],
          [
            16.582621,
            49.220414
          ],
          [
            16.582615,
            49.220386
          ],
          [
            16.582536,
            49.220283
          ],
          [
            16.582483,
            49.220254
          ],
          [
            16.582008,
            49.220039
          ],
          [
            16.581936,
            49.220015
          ],
          [
            16.581771,
            49.219961
          ],
          [
            16.58118,
            49.21984
          ],
          [
            16.580838,
            49.21977
          ],
          [
            16.580547,
            49.21971
          ],
          [
            16.580519,
            49.219704
          ],
          [
            16.579968,
            49.219591
          ],
          [
            16.579849,
            49.219567
          ],
          [
            16.57983,
            49.219564
          ],
          [
            16.579702,
            49.21954
          ],
          [
            16.579673,
            49.21953
          ],
          [
            16.578858,
            49.219366
          ],
          [
            16.578701,
            49.219335
          ],
          [
            16.578507,
            49.219296
          ],
          [
            16.578227,
            49.219239
          ],
          [
            16.57799,
            49.219191
          ],
          [
            16.577611,
            49.219115
          ],
          [
            16.576434,
            49.218878
          ],
          [
            16.576342,
            49.218859
          ],
          [
            16.574936,
            49.218568
          ],
          [
            16.574831,
            49.218557
          ],
          [
            16.574707,
            49.218569
          ],
          [
            16.574334,
            49.218538
          ],
          [
            16.574313,
            49.218532
          ],
          [
            16.574077,
            49.218465
          ],
          [
            16.574027,
            49.218451
          ],
          [
            16.574001,
            49.218444
          ],
          [
            16.573893,
            49.218385
          ],
          [
            16.573843,
            49.218359
          ],
          [
            16.573831,
            49.218342
          ],
          [
            16.573722,
            49.218273
          ],
          [
            16.573738,
            49.218252
          ],
          [
            16.573667,
            49.218244
          ],
          [
            16.573618,
            49.218231
          ],
          [
            16.573562,
            49.218207
          ],
          [
            16.573486,
            49.218161
          ],
          [
            16.573268,
            49.218029
          ],
          [
            16.57318,
            49.217965
          ],
          [
            16.572967,
            49.217815
          ],
          [
            16.572784,
            49.21768
          ],
          [
            16.572615,
            49.217557
          ],
          [
            16.5724,
            49.217408
          ],
          [
            16.5722,
            49.217264
          ],
          [
            16.571969,
            49.217103
          ],
          [
            16.571801,
            49.216981
          ],
          [
            16.57178,
            49.216965
          ],
          [
            16.571726,
            49.216918
          ],
          [
            16.571704,
            49.216881
          ],
          [
            16.57161,
            49.216788
          ],
          [
            16.571379,
            49.216523
          ],
          [
            16.571268,
            49.21639
          ],
          [
            16.571153,
            49.21625
          ],
          [
            16.571046,
            49.216132
          ],
          [
            16.570909,
            49.215972
          ],
          [
            16.570807,
            49.215853
          ],
          [
            16.570725,
            49.215759
          ],
          [
            16.570647,
            49.215666
          ],
          [
            16.570576,
            49.215582
          ],
          [
            16.57049,
            49.21548
          ],
          [
            16.570379,
            49.215359
          ],
          [
            16.57029,
            49.21526
          ],
          [
            16.570164,
            49.215118
          ],
          [
            16.570092,
            49.21503
          ],
          [
            16.569992,
            49.214921
          ],
          [
            16.56997,
            49.214879
          ],
          [
            16.569969,
            49.214844
          ],
          [
            16.569977,
            49.214822
          ],
          [
            16.569999,
            49.214799
          ],
          [
            16.570024,
            49.214772
          ],
          [
            16.570129,
            49.21474
          ],
          [
            16.570088,
            49.214721
          ],
          [
            16.570057,
            49.214625
          ],
          [
            16.570026,
            49.214603
          ],
          [
            16.569952,
            49.214605
          ],
          [
            16.569888,
            49.214599
          ],
          [
            16.569844,
            49.214585
          ],
          [
            16.569782,
            49.214578
          ],
          [
            16.569628,
            49.2146
          ],
          [
            16.569597,
            49.214566
          ],
          [
            16.569588,
            49.21452
          ],
          [
            16.569535,
            49.214381
          ],
          [
            16.569504,
            49.214304
          ],
          [
            16.569493,
            49.214281
          ],
          [
            16.56941,
            49.2141
          ],
          [
            16.569282,
            49.213838
          ],
          [
            16.569069,
            49.213394
          ],
          [
            16.568991,
            49.213222
          ],
          [
            16.568973,
            49.213187
          ],
          [
            16.568959,
            49.213173
          ],
          [
            16.568913,
            49.213079
          ],
          [
            16.568901,
            49.21306
          ],
          [
            16.568899,
            49.213029
          ],
          [
            16.568846,
            49.212912
          ],
          [
            16.568806,
            49.212834
          ],
          [
            16.568735,
            49.212711
          ],
          [
            16.568679,
            49.212617
          ],
          [
            16.568565,
            49.212373
          ],
          [
            16.568523,
            49.212275
          ],
          [
            16.568515,
            49.212262
          ],
          [
            16.568506,
            49.212246
          ],
          [
            16.568476,
            49.21217
          ],
          [
            16.568407,
            49.212054
          ],
          [
            16.568371,
            49.21202
          ],
          [
            16.568358,
            49.212014
          ],
          [
            16.568345,
            49.212007
          ],
          [
            16.568334,
            49.212007
          ],
          [
            16.568273,
            49.212007
          ],
          [
            16.567931,
            49.212019
          ],
          [
            16.567642,
            49.212027
          ],
          [
            16.567501,
            49.212024
          ],
          [
            16.567438,
            49.212023
          ],
          [
            16.56738,
            49.21202
          ],
          [
            16.567276,
            49.212025
          ],
          [
            16.566951,
            49.212075
          ],
          [
            16.566894,
            49.212083
          ],
          [
            16.566779,
            49.212099
          ],
          [
            16.566608,
            49.212123
          ],
          [
            16.566306,
            49.212169
          ],
          [
            16.566013,
            49.212213
          ],
          [
            16.56593,
            49.212226
          ],
          [
            16.565148,
            49.212348
          ],
          [
            16.56393,
            49.212531
          ],
          [
            16.563334,
            49.212624
          ],
          [
            16.563167,
            49.212649
          ],
          [
            16.56313,
            49.212614
          ],
          [
            16.561915,
            49.2128
          ],
          [
            16.561717,
            49.212831
          ],
          [
            16.56142,
            49.212876
          ],
          [
            16.560498,
            49.213027
          ],
          [
            16.55991,
            49.213157
          ],
          [
            16.559708,
            49.21322
          ],
          [
            16.559415,
            49.213312
          ],
          [
            16.559393,
            49.213319
          ],
          [
            16.559299,
            49.21335
          ],
          [
            16.55921,
            49.213379
          ],
          [
            16.559208,
            49.21338
          ],
          [
            16.558779,
            49.213565
          ],
          [
            16.558425,
            49.213784
          ],
          [
            16.55807,
            49.214026
          ],
          [
            16.557949,
            49.214115
          ],
          [
            16.55734,
            49.214666
          ],
          [
            16.556009,
            49.215873
          ],
          [
            16.555793,
            49.21607
          ],
          [
            16.555438,
            49.216388
          ],
          [
            16.554919,
            49.216864
          ],
          [
            16.554602,
            49.217154
          ],
          [
            16.554316,
            49.217392
          ],
          [
            16.554062,
            49.217591
          ],
          [
            16.553883,
            49.217721
          ],
          [
            16.553606,
            49.217907
          ],
          [
            16.553546,
            49.217948
          ],
          [
            16.553385,
            49.218052
          ],
          [
            16.553137,
            49.218202
          ],
          [
            16.552995,
            49.218276
          ],
          [
            16.552917,
            49.218316
          ],
          [
            16.55275,
            49.218393
          ],
          [
            16.552661,
            49.218433
          ],
          [
            16.552488,
            49.218497
          ],
          [
            16.552242,
            49.218581
          ],
          [
            16.552153,
            49.21861
          ],
          [
            16.551841,
            49.218702
          ],
          [
            16.55171,
            49.218739
          ],
          [
            16.551577,
            49.218775
          ],
          [
            16.551274,
            49.218851
          ],
          [
            16.550966,
            49.218921
          ],
          [
            16.550773,
            49.218963
          ],
          [
            16.550284,
            49.219058
          ],
          [
            16.549837,
            49.219146
          ],
          [
            16.549364,
            49.219238
          ],
          [
            16.549097,
            49.21929
          ],
          [
            16.548823,
            49.219336
          ],
          [
            16.548517,
            49.21938
          ],
          [
            16.548396,
            49.219391
          ],
          [
            16.548364,
            49.219394
          ],
          [
            16.548273,
            49.2194
          ],
          [
            16.548152,
            49.219408
          ],
          [
            16.547986,
            49.21941
          ],
          [
            16.547807,
            49.219407
          ],
          [
            16.547596,
            49.219399
          ],
          [
            16.547389,
            49.219393
          ],
          [
            16.547156,
            49.219384
          ],
          [
            16.546813,
            49.219374
          ],
          [
            16.546396,
            49.219356
          ],
          [
            16.546259,
            49.219348
          ],
          [
            16.54609,
            49.219334
          ],
          [
            16.5459,
            49.219315
          ],
          [
            16.545761,
            49.219295
          ],
          [
            16.545646,
            49.219277
          ],
          [
            16.545533,
            49.219256
          ],
          [
            16.545348,
            49.219219
          ],
          [
            16.545207,
            49.219182
          ],
          [
            16.545043,
            49.219134
          ],
          [
            16.544866,
            49.219075
          ],
          [
            16.544767,
            49.21904
          ],
          [
            16.544425,
            49.218918
          ],
          [
            16.54431,
            49.218879
          ],
          [
            16.5442,
            49.218844
          ],
          [
            16.544074,
            49.218807
          ],
          [
            16.543978,
            49.218784
          ],
          [
            16.543823,
            49.218748
          ],
          [
            16.543658,
            49.218719
          ],
          [
            16.5435,
            49.218697
          ],
          [
            16.543326,
            49.21868
          ],
          [
            16.543165,
            49.218669
          ],
          [
            16.543026,
            49.218665
          ],
          [
            16.542873,
            49.218665
          ],
          [
            16.542738,
            49.218668
          ],
          [
            16.542608,
            49.218674
          ],
          [
            16.542472,
            49.218687
          ],
          [
            16.54235,
            49.218702
          ],
          [
            16.542296,
            49.218709
          ],
          [
            16.542106,
            49.218735
          ],
          [
            16.541134,
            49.218882
          ],
          [
            16.540812,
            49.218932
          ],
          [
            16.540435,
            49.218995
          ],
          [
            16.540079,
            49.219071
          ],
          [
            16.539898,
            49.219121
          ],
          [
            16.539761,
            49.219161
          ],
          [
            16.539362,
            49.219308
          ],
          [
            16.539212,
            49.219371
          ],
          [
            16.538941,
            49.219494
          ],
          [
            16.538648,
            49.219635
          ],
          [
            16.538309,
            49.219806
          ],
          [
            16.538079,
            49.219927
          ],
          [
            16.537944,
            49.220006
          ],
          [
            16.537729,
            49.220147
          ],
          [
            16.537534,
            49.22029
          ],
          [
            16.537361,
            49.220446
          ],
          [
            16.537219,
            49.220593
          ],
          [
            16.53711,
            49.220723
          ],
          [
            16.537028,
            49.220839
          ],
          [
            16.536963,
            49.220939
          ],
          [
            16.536928,
            49.221005
          ],
          [
            16.536872,
            49.22114
          ],
          [
            16.536837,
            49.22126
          ],
          [
            16.536791,
            49.221422
          ],
          [
            16.536735,
            49.221811
          ],
          [
            16.536701,
            49.222085
          ],
          [
            16.536686,
            49.222248
          ],
          [
            16.536608,
            49.222748
          ],
          [
            16.536461,
            49.223525
          ],
          [
            16.536351,
            49.224028
          ],
          [
            16.536257,
            49.22439
          ],
          [
            16.536174,
            49.224613
          ],
          [
            16.536048,
            49.224848
          ],
          [
            16.5359,
            49.225064
          ],
          [
            16.535784,
            49.225214
          ],
          [
            16.535598,
            49.225407
          ],
          [
            16.535381,
            49.225597
          ],
          [
            16.535179,
            49.225743
          ],
          [
            16.534999,
            49.225861
          ],
          [
            16.534844,
            49.225948
          ],
          [
            16.534739,
            49.226
          ],
          [
            16.534736,
            49.226002
          ],
          [
            16.534611,
            49.226067
          ],
          [
            16.534241,
            49.226228
          ],
          [
            16.533886,
            49.226365
          ],
          [
            16.533547,
            49.226496
          ],
          [
            16.533252,
            49.226624
          ],
          [
            16.533002,
            49.226752
          ],
          [
            16.532748,
            49.226918
          ],
          [
            16.532524,
            49.227097
          ],
          [
            16.532304,
            49.22732
          ],
          [
            16.531989,
            49.227666
          ],
          [
            16.53183,
            49.227841
          ],
          [
            16.531672,
            49.228014
          ],
          [
            16.531506,
            49.228196
          ],
          [
            16.531365,
            49.228345
          ],
          [
            16.531199,
            49.228493
          ],
          [
            16.531106,
            49.228577
          ],
          [
            16.530809,
            49.228773
          ],
          [
            16.53046,
            49.228954
          ],
          [
            16.530081,
            49.229092
          ],
          [
            16.529698,
            49.22921
          ],
          [
            16.52928,
            49.229292
          ],
          [
            16.528859,
            49.229335
          ],
          [
            16.528422,
            49.229346
          ],
          [
            16.527895,
            49.229318
          ],
          [
            16.52757,
            49.229287
          ],
          [
            16.527062,
            49.229241
          ],
          [
            16.526461,
            49.229183
          ],
          [
            16.526093,
            49.229143
          ],
          [
            16.525437,
            49.22907
          ],
          [
            16.52506,
            49.229028
          ],
          [
            16.524765,
            49.228995
          ],
          [
            16.524497,
            49.228965
          ],
          [
            16.52424,
            49.228934
          ],
          [
            16.523977,
            49.228903
          ],
          [
            16.523433,
            49.228811
          ],
          [
            16.523166,
            49.228742
          ],
          [
            16.522934,
            49.228665
          ],
          [
            16.522613,
            49.228539
          ],
          [
            16.522392,
            49.228446
          ],
          [
            16.522138,
            49.228337
          ],
          [
            16.521774,
            49.228176
          ],
          [
            16.521401,
            49.228003
          ],
          [
            16.521084,
            49.22781
          ],
          [
            16.520768,
            49.227608
          ],
          [
            16.520467,
            49.227402
          ],
          [
            16.520173,
            49.227197
          ],
          [
            16.519919,
            49.226965
          ],
          [
            16.519807,
            49.226837
          ],
          [
            16.519808,
            49.226838
          ],
          [
            16.519674,
            49.226686
          ],
          [
            16.519591,
            49.226535
          ],
          [
            16.519509,
            49.226331
          ],
          [
            16.519486,
            49.226207
          ],
          [
            16.519493,
            49.226074
          ],
          [
            16.519559,
            49.225603
          ],
          [
            16.519614,
            49.225209
          ],
          [
            16.519692,
            49.224687
          ],
          [
            16.519926,
            49.223104
          ],
          [
            16.520048,
            49.222258
          ],
          [
            16.520097,
            49.221935
          ],
          [
            16.51995,
            49.221809
          ],
          [
            16.519849,
            49.221698
          ],
          [
            16.519777,
            49.221581
          ],
          [
            16.51972,
            49.221469
          ],
          [
            16.519686,
            49.221335
          ],
          [
            16.519647,
            49.221363
          ],
          [
            16.519655,
            49.221464
          ],
          [
            16.519668,
            49.221622
          ],
          [
            16.519688,
            49.221703
          ],
          [
            16.519773,
            49.221909
          ],
          [
            16.519773,
            49.22191
          ],
          [
            16.519778,
            49.221921
          ],
          [
            16.519678,
            49.222038
          ],
          [
            16.519415,
            49.222118
          ],
          [
            16.51939,
            49.222122
          ],
          [
            16.519309,
            49.222115
          ],
          [
            16.51927,
            49.222102
          ],
          [
            16.519227,
            49.222099
          ],
          [
            16.517668,
            49.22199
          ],
          [
            16.51756,
            49.221993
          ],
          [
            16.517339,
            49.222024
          ],
          [
            16.517207,
            49.221904
          ],
          [
            16.517114,
            49.22182
          ],
          [
            16.517097,
            49.221804
          ],
          [
            16.516931,
            49.221654
          ],
          [
            16.516892,
            49.22162
          ],
          [
            16.516745,
            49.221487
          ],
          [
            16.516658,
            49.221409
          ],
          [
            16.516565,
            49.221325
          ],
          [
            16.516487,
            49.221262
          ],
          [
            16.516434,
            49.22122
          ],
          [
            16.516107,
            49.221017
          ],
          [
            16.515809,
            49.220846
          ],
          [
            16.515748,
            49.22082
          ],
          [
            16.515468,
            49.220784
          ],
          [
            16.514867,
            49.220744
          ],
          [
            16.514866,
            49.220744
          ],
          [
            16.514513,
            49.22071
          ],
          [
            16.514282,
            49.220663
          ],
          [
            16.514278,
            49.220662
          ],
          [
            16.514015,
            49.220598
          ],
          [
            16.513844,
            49.220514
          ],
          [
            16.513741,
            49.220458
          ],
          [
            16.513513,
            49.220347
          ],
          [
            16.513429,
            49.220313
          ],
          [
            16.513341,
            49.220292
          ],
          [
            16.513178,
            49.220275
          ],
          [
            16.513148,
            49.220272
          ],
          [
            16.512673,
            49.220233
          ],
          [
            16.512425,
            49.220197
          ],
          [
            16.512209,
            49.220127
          ],
          [
            16.512081,
            49.220073
          ],
          [
            16.51208,
            49.220073
          ],
          [
            16.512059,
            49.220064
          ],
          [
            16.511683,
            49.219876
          ],
          [
            16.511322,
            49.219687
          ],
          [
            16.511033,
            49.21951
          ],
          [
            16.510616,
            49.219252
          ],
          [
            16.510584,
            49.219232
          ],
          [
            16.509979,
            49.218869
          ],
          [
            16.509891,
            49.218817
          ],
          [
            16.509777,
            49.218747
          ],
          [
            16.509664,
            49.218676
          ],
          [
            16.509486,
            49.218581
          ],
          [
            16.509394,
            49.218587
          ],
          [
            16.509302,
            49.21854
          ],
          [
            16.509239,
            49.218508
          ],
          [
            16.509222,
            49.218498
          ],
          [
            16.509183,
            49.218473
          ],
          [
            16.509155,
            49.218454
          ],
          [
            16.509108,
            49.218424
          ],
          [
            16.50911,
            49.218407
          ],
          [
            16.509036,
            49.218452
          ],
          [
            16.509037,
            49.21845
          ],
          [
            16.508943,
            49.218377
          ],
          [
            16.508942,
            49.218364
          ],
          [
            16.508869,
            49.218309
          ],
          [
            16.508594,
            49.218079
          ],
          [
            16.508566,
            49.218056
          ],
          [
            16.508552,
            49.218039
          ],
          [
            16.508331,
            49.217764
          ],
          [
            16.508317,
            49.217766
          ],
          [
            16.508286,
            49.217776
          ],
          [
            16.508228,
            49.217804
          ],
          [
            16.508195,
            49.217827
          ],
          [
            16.508008,
            49.218044
          ],
          [
            16.50777,
            49.218324
          ],
          [
            16.5077,
            49.218438
          ],
          [
            16.507695,
            49.218471
          ],
          [
            16.507699,
            49.218504
          ],
          [
            16.507711,
            49.218548
          ],
          [
            16.507649,
            49.21858
          ],
          [
            16.507597,
            49.218572
          ],
          [
            16.507559,
            49.218585
          ],
          [
            16.507537,
            49.218603
          ],
          [
            16.507289,
            49.218842
          ],
          [
            16.507161,
            49.218964
          ],
          [
            16.507007,
            49.219082
          ],
          [
            16.50698,
            49.219102
          ],
          [
            16.506977,
            49.219123
          ]
        ]
      },
      "properties": {
        "route_id": 3,
        "name": "Křenová 21 → Home 2 (safe)",
        "type": "safe",
        "length_m": 13644.7,
        "hazard_count": 3,
        "cool_count": 0,
        "risk_score": 3,
        "shade_score": 0
      }
    },
    {
      "type": "Feature",
      "geometry": {
        "type": "LineString",
        "coordinates": [
          [
            16.619436,
            49.192177
          ],
          [
            16.619426,
            49.192158
          ],
          [
            16.619394,
            49.192099
          ],
          [
            16.61931,
            49.191945
          ],
          [
            16.619302,
            49.191935
          ],
          [
            16.619287,
            49.191918
          ],
          [
            16.619272,
            49.191913
          ],
          [
            16.619249,
            49.191912
          ],
          [
            16.619223,
            49.191917
          ],
          [
            16.61914,
            49.191937
          ],
          [
            16.618938,
            49.191977
          ],
          [
            16.618859,
            49.191993
          ],
          [
            16.618656,
            49.192024
          ],
          [
            16.618521,
            49.192041
          ],
          [
            16.618448,
            49.192051
          ],
          [
            16.618415,
            49.192056
          ],
          [
            16.61835,
            49.192072
          ],
          [
            16.61833,
            49.192082
          ],
          [
            16.618279,
            49.19209
          ],
          [
            16.618083,
            49.192095
          ],
          [
            16.618034,
            49.192091
          ],
          [
            16.61801,
            49.19208
          ],
          [
            16.617952,
            49.192075
          ],
          [
            16.617815,
            49.192071
          ],
          [
            16.617635,
            49.192068
          ],
          [
            16.617503,
            49.192065
          ],
          [
            16.617452,
            49.192062
          ],
          [
            16.617349,
            49.192057
          ],
          [
            16.617223,
            49.192046
          ],
          [
            16.617066,
            49.192022
          ],
          [
            16.616745,
            49.191963
          ],
          [
            16.616596,
            49.191936
          ],
          [
            16.616417,
            49.191898
          ],
          [
            16.616227,
            49.191861
          ],
          [
            16.616038,
            49.191821
          ],
          [
            16.615883,
            49.191792
          ],
          [
            16.615783,
            49.191776
          ],
          [
            16.615738,
            49.191768
          ],
          [
            16.615679,
            49.191758
          ],
          [
            16.615653,
            49.191758
          ],
          [
            16.615638,
            49.191758
          ],
          [
            16.615596,
            49.19177
          ],
          [
            16.61556,
            49.191784
          ],
          [
            16.615546,
            49.191799
          ],
          [
            16.615541,
            49.191811
          ],
          [
            16.615536,
            49.191823
          ],
          [
            16.615549,
            49.191928
          ],
          [
            16.615555,
            49.192005
          ],
          [
            16.615602,
            49.192546
          ],
          [
            16.615673,
            49.192677
          ],
          [
            16.615711,
            49.19276
          ],
          [
            16.616028,
            49.193322
          ],
          [
            16.616121,
            49.193522
          ],
          [
            16.61623,
            49.193761
          ],
          [
            16.616289,
            49.193905
          ],
          [
            16.616361,
            49.19405
          ],
          [
            16.616474,
            49.194266
          ],
          [
            16.6166,
            49.194511
          ],
          [
            16.616707,
            49.194733
          ],
          [
            16.616752,
            49.194829
          ],
          [
            16.616755,
            49.194908
          ],
          [
            16.616751,
            49.194998
          ],
          [
            16.61669,
            49.19509
          ],
          [
            16.616581,
            49.19523
          ],
          [
            16.616498,
            49.195361
          ],
          [
            16.616379,
            49.195518
          ],
          [
            16.616232,
            49.195704
          ],
          [
            16.616156,
            49.195802
          ],
          [
            16.616156,
            49.195803
          ],
          [
            16.616036,
            49.195957
          ],
          [
            16.616033,
            49.195961
          ],
          [
            16.616008,
            49.196033
          ],
          [
            16.615963,
            49.196061
          ],
          [
            16.615904,
            49.196063
          ],
          [
            16.615865,
            49.196065
          ],
          [
            16.615823,
            49.196052
          ],
          [
            16.615707,
            49.196006
          ],
          [
            16.615673,
            49.195991
          ],
          [
            16.615578,
            49.195954
          ],
          [
            16.615518,
            49.195963
          ],
          [
            16.615464,
            49.195942
          ],
          [
            16.615369,
            49.195907
          ],
          [
            16.615163,
            49.19583
          ],
          [
            16.614774,
            49.195676
          ],
          [
            16.61471,
            49.195652
          ],
          [
            16.614674,
            49.195682
          ],
          [
            16.614559,
            49.195805
          ],
          [
            16.614558,
            49.195815
          ],
          [
            16.61452,
            49.19585
          ],
          [
            16.614486,
            49.19583
          ],
          [
            16.614395,
            49.195794
          ],
          [
            16.614397,
            49.195798
          ],
          [
            16.614275,
            49.195748
          ],
          [
            16.614257,
            49.195741
          ],
          [
            16.614254,
            49.195739
          ],
          [
            16.614248,
            49.195737
          ],
          [
            16.614162,
            49.195701
          ],
          [
            16.614078,
            49.195667
          ],
          [
            16.614004,
            49.195636
          ],
          [
            16.613923,
            49.195608
          ],
          [
            16.613739,
            49.195545
          ],
          [
            16.613719,
            49.195538
          ],
          [
            16.613675,
            49.195535
          ],
          [
            16.613595,
            49.195531
          ],
          [
            16.613525,
            49.195563
          ],
          [
            16.613481,
            49.195584
          ],
          [
            16.613453,
            49.195616
          ],
          [
            16.613407,
            49.19567
          ],
          [
            16.613294,
            49.195785
          ],
          [
            16.613068,
            49.196037
          ],
          [
            16.61282,
            49.196312
          ],
          [
            16.612836,
            49.196338
          ],
          [
            16.612759,
            49.196421
          ],
          [
            16.612737,
            49.196446
          ],
          [
            16.612705,
            49.19645
          ],
          [
            16.612514,
            49.196377
          ],
          [
            16.612455,
            49.196371
          ],
          [
            16.612459,
            49.196413
          ],
          [
            16.612459,
            49.196418
          ],
          [
            16.612432,
            49.19646
          ],
          [
            16.612262,
            49.196649
          ],
          [
            16.612225,
            49.196691
          ],
          [
            16.612087,
            49.196849
          ],
          [
            16.612079,
            49.196858
          ],
          [
            16.611954,
            49.196999
          ],
          [
            16.611951,
            49.197003
          ],
          [
            16.611846,
            49.197119
          ],
          [
            16.611815,
            49.197138
          ],
          [
            16.611771,
            49.197166
          ],
          [
            16.611697,
            49.197158
          ],
          [
            16.61169,
            49.197195
          ],
          [
            16.611726,
            49.197203
          ],
          [
            16.611669,
            49.197273
          ],
          [
            16.61163,
            49.197302
          ],
          [
            16.611633,
            49.197341
          ],
          [
            16.611617,
            49.197367
          ],
          [
            16.611612,
            49.197375
          ],
          [
            16.611496,
            49.197433
          ],
          [
            16.6112,
            49.197557
          ],
          [
            16.610576,
            49.197816
          ],
          [
            16.610476,
            49.197858
          ],
          [
            16.610324,
            49.197921
          ],
          [
            16.609967,
            49.198063
          ],
          [
            16.609533,
            49.198245
          ],
          [
            16.60933,
            49.198318
          ],
          [
            16.609325,
            49.198321
          ],
          [
            16.609031,
            49.198451
          ],
          [
            16.608642,
            49.198617
          ],
          [
            16.608553,
            49.198652
          ],
          [
            16.60844,
            49.198675
          ],
          [
            16.608352,
            49.198692
          ],
          [
            16.608291,
            49.198693
          ],
          [
            16.608222,
            49.19869
          ],
          [
            16.60814,
            49.198677
          ],
          [
            16.608098,
            49.198685
          ],
          [
            16.607865,
            49.198841
          ],
          [
            16.607836,
            49.198846
          ],
          [
            16.607902,
            49.198967
          ],
          [
            16.607908,
            49.199052
          ],
          [
            16.607895,
            49.199146
          ],
          [
            16.607838,
            49.199377
          ],
          [
            16.60778,
            49.199633
          ],
          [
            16.607736,
            49.199892
          ],
          [
            16.607699,
            49.199974
          ],
          [
            16.607625,
            49.200004
          ],
          [
            16.607633,
            49.200046
          ],
          [
            16.607595,
            49.200095
          ],
          [
            16.607584,
            49.200111
          ],
          [
            16.607538,
            49.200167
          ],
          [
            16.607553,
            49.200193
          ],
          [
            16.607614,
            49.200234
          ],
          [
            16.607633,
            49.200276
          ],
          [
            16.60763,
            49.20029
          ],
          [
            16.607625,
            49.200312
          ],
          [
            16.607608,
            49.200388
          ],
          [
            16.60759,
            49.200467
          ],
          [
            16.607572,
            49.200542
          ],
          [
            16.607531,
            49.200688
          ],
          [
            16.607487,
            49.200869
          ],
          [
            16.607431,
            49.201088
          ],
          [
            16.607392,
            49.201248
          ],
          [
            16.607346,
            49.201406
          ],
          [
            16.607286,
            49.201642
          ],
          [
            16.607245,
            49.201798
          ],
          [
            16.607189,
            49.202008
          ],
          [
            16.60713,
            49.202201
          ],
          [
            16.607085,
            49.202314
          ],
          [
            16.607014,
            49.202521
          ],
          [
            16.606921,
            49.202776
          ],
          [
            16.606888,
            49.202859
          ],
          [
            16.60688,
            49.202879
          ],
          [
            16.606879,
            49.20288
          ],
          [
            16.606886,
            49.202921
          ],
          [
            16.606879,
            49.202928
          ],
          [
            16.606832,
            49.203024
          ],
          [
            16.606814,
            49.203044
          ],
          [
            16.60681,
            49.20307
          ],
          [
            16.60649,
            49.203679
          ],
          [
            16.60648,
            49.203697
          ],
          [
            16.606458,
            49.20373
          ],
          [
            16.606454,
            49.203744
          ],
          [
            16.606384,
            49.203839
          ],
          [
            16.606381,
            49.203866
          ],
          [
            16.606382,
            49.203888
          ],
          [
            16.6062,
            49.204202
          ],
          [
            16.60606,
            49.204442
          ],
          [
            16.605827,
            49.204838
          ],
          [
            16.605527,
            49.205351
          ],
          [
            16.605324,
            49.205704
          ],
          [
            16.605259,
            49.205781
          ],
          [
            16.605235,
            49.205817
          ],
          [
            16.605212,
            49.205853
          ],
          [
            16.605166,
            49.205925
          ],
          [
            16.605172,
            49.205947
          ],
          [
            16.605051,
            49.206164
          ],
          [
            16.604759,
            49.206651
          ],
          [
            16.604502,
            49.207109
          ],
          [
            16.604426,
            49.207231
          ],
          [
            16.604288,
            49.207455
          ],
          [
            16.604267,
            49.207488
          ],
          [
            16.604234,
            49.207541
          ],
          [
            16.604172,
            49.207544
          ],
          [
            16.604158,
            49.207541
          ],
          [
            16.604122,
            49.207534
          ],
          [
            16.604013,
            49.207512
          ],
          [
            16.603916,
            49.207492
          ],
          [
            16.603915,
            49.207493
          ],
          [
            16.603822,
            49.207512
          ],
          [
            16.603412,
            49.207421
          ],
          [
            16.602492,
            49.207215
          ],
          [
            16.602007,
            49.207094
          ],
          [
            16.601892,
            49.20707
          ],
          [
            16.601858,
            49.207077
          ],
          [
            16.601796,
            49.207187
          ],
          [
            16.601793,
            49.20719
          ],
          [
            16.601765,
            49.207235
          ],
          [
            16.601728,
            49.207222
          ],
          [
            16.601647,
            49.207204
          ],
          [
            16.601595,
            49.20718
          ],
          [
            16.60155,
            49.207165
          ],
          [
            16.600671,
            49.206955
          ],
          [
            16.600319,
            49.206874
          ],
          [
            16.600238,
            49.206854
          ],
          [
            16.600176,
            49.206839
          ],
          [
            16.600127,
            49.206822
          ],
          [
            16.600107,
            49.206821
          ],
          [
            16.600056,
            49.206806
          ],
          [
            16.600017,
            49.206799
          ],
          [
            16.599963,
            49.206782
          ],
          [
            16.599951,
            49.206801
          ],
          [
            16.599581,
            49.207333
          ],
          [
            16.599433,
            49.207542
          ],
          [
            16.599268,
            49.207768
          ],
          [
            16.599232,
            49.207814
          ],
          [
            16.59923,
            49.207818
          ],
          [
            16.599169,
            49.207911
          ],
          [
            16.599132,
            49.20793
          ],
          [
            16.599126,
            49.207968
          ],
          [
            16.598777,
            49.208549
          ],
          [
            16.598482,
            49.209035
          ],
          [
            16.598368,
            49.209227
          ],
          [
            16.598342,
            49.209265
          ],
          [
            16.598322,
            49.209298
          ],
          [
            16.598305,
            49.209322
          ],
          [
            16.597932,
            49.20995
          ],
          [
            16.597861,
            49.210067
          ],
          [
            16.597857,
            49.210073
          ],
          [
            16.597825,
            49.210129
          ],
          [
            16.597801,
            49.210157
          ],
          [
            16.597644,
            49.210419
          ],
          [
            16.597275,
            49.211031
          ],
          [
            16.597264,
            49.211073
          ],
          [
            16.597251,
            49.211096
          ],
          [
            16.597214,
            49.211123
          ],
          [
            16.597148,
            49.211233
          ],
          [
            16.597094,
            49.211323
          ],
          [
            16.597037,
            49.211417
          ],
          [
            16.596984,
            49.211507
          ],
          [
            16.596928,
            49.211599
          ],
          [
            16.596846,
            49.211736
          ],
          [
            16.596821,
            49.211778
          ],
          [
            16.596825,
            49.211785
          ],
          [
            16.596783,
            49.211851
          ],
          [
            16.596763,
            49.211891
          ],
          [
            16.596751,
            49.211905
          ],
          [
            16.596658,
            49.212055
          ],
          [
            16.596516,
            49.212293
          ],
          [
            16.596323,
            49.212616
          ],
          [
            16.596299,
            49.212658
          ],
          [
            16.596269,
            49.212698
          ],
          [
            16.596088,
            49.212992
          ],
          [
            16.595948,
            49.213237
          ],
          [
            16.595914,
            49.21331
          ],
          [
            16.595891,
            49.213339
          ],
          [
            16.595868,
            49.213373
          ],
          [
            16.595576,
            49.213859
          ],
          [
            16.595467,
            49.214043
          ],
          [
            16.595448,
            49.214071
          ],
          [
            16.595435,
            49.214098
          ],
          [
            16.595392,
            49.214173
          ],
          [
            16.595374,
            49.214212
          ],
          [
            16.595371,
            49.214242
          ],
          [
            16.595358,
            49.214264
          ],
          [
            16.595201,
            49.214511
          ],
          [
            16.595156,
            49.214562
          ],
          [
            16.594593,
            49.2155
          ],
          [
            16.594577,
            49.215521
          ],
          [
            16.594539,
            49.215579
          ],
          [
            16.594538,
            49.215601
          ],
          [
            16.593944,
            49.216572
          ],
          [
            16.593802,
            49.216811
          ],
          [
            16.593778,
            49.216845
          ],
          [
            16.593619,
            49.217117
          ],
          [
            16.59328,
            49.217683
          ],
          [
            16.593076,
            49.218024
          ],
          [
            16.593017,
            49.218122
          ],
          [
            16.592991,
            49.218161
          ],
          [
            16.592674,
            49.218684
          ],
          [
            16.592528,
            49.218926
          ],
          [
            16.592357,
            49.219211
          ],
          [
            16.59232,
            49.219256
          ],
          [
            16.592382,
            49.219273
          ],
          [
            16.592427,
            49.219284
          ],
          [
            16.592465,
            49.219294
          ],
          [
            16.592497,
            49.219302
          ],
          [
            16.592537,
            49.219335
          ],
          [
            16.592531,
            49.219344
          ],
          [
            16.592498,
            49.219371
          ],
          [
            16.592526,
            49.219405
          ],
          [
            16.592492,
            49.219463
          ],
          [
            16.592445,
            49.219491
          ],
          [
            16.592412,
            49.219532
          ],
          [
            16.592378,
            49.219519
          ],
          [
            16.592323,
            49.219494
          ],
          [
            16.592283,
            49.219483
          ],
          [
            16.59225,
            49.219475
          ],
          [
            16.592215,
            49.219439
          ],
          [
            16.591394,
            49.219209
          ],
          [
            16.591179,
            49.219154
          ],
          [
            16.591146,
            49.219166
          ],
          [
            16.591126,
            49.219182
          ],
          [
            16.591105,
            49.219211
          ],
          [
            16.590986,
            49.219398
          ],
          [
            16.590937,
            49.219479
          ],
          [
            16.590829,
            49.219648
          ],
          [
            16.590805,
            49.219684
          ],
          [
            16.590775,
            49.219731
          ],
          [
            16.590674,
            49.219898
          ],
          [
            16.590655,
            49.21993
          ],
          [
            16.590565,
            49.220071
          ],
          [
            16.590537,
            49.220115
          ],
          [
            16.590507,
            49.220163
          ],
          [
            16.590493,
            49.220189
          ],
          [
            16.590481,
            49.220218
          ],
          [
            16.590425,
            49.220203
          ],
          [
            16.590373,
            49.220193
          ],
          [
            16.59034,
            49.22018
          ],
          [
            16.589916,
            49.220065
          ],
          [
            16.589769,
            49.220027
          ],
          [
            16.589757,
            49.220023
          ],
          [
            16.589619,
            49.219985
          ],
          [
            16.589548,
            49.219966
          ],
          [
            16.58929,
            49.219893
          ],
          [
            16.589281,
            49.21989
          ],
          [
            16.58923,
            49.219875
          ],
          [
            16.589205,
            49.21991
          ],
          [
            16.58918,
            49.219938
          ],
          [
            16.58915,
            49.21999
          ],
          [
            16.589041,
            49.219942
          ],
          [
            16.588982,
            49.219927
          ],
          [
            16.588914,
            49.219909
          ],
          [
            16.588875,
            49.219914
          ],
          [
            16.587976,
            49.219667
          ],
          [
            16.587951,
            49.219661
          ],
          [
            16.587894,
            49.219646
          ],
          [
            16.587829,
            49.219633
          ],
          [
            16.58781,
            49.219625
          ],
          [
            16.587805,
            49.219638
          ],
          [
            16.587699,
            49.219794
          ],
          [
            16.587608,
            49.219927
          ],
          [
            16.587362,
            49.220289
          ],
          [
            16.587183,
            49.220547
          ],
          [
            16.587164,
            49.220564
          ],
          [
            16.587147,
            49.220558
          ],
          [
            16.587068,
            49.220533
          ],
          [
            16.586973,
            49.220508
          ],
          [
            16.58682,
            49.220465
          ],
          [
            16.586657,
            49.220419
          ],
          [
            16.586471,
            49.220367
          ],
          [
            16.586384,
            49.220342
          ],
          [
            16.586366,
            49.220337
          ],
          [
            16.586246,
            49.220303
          ],
          [
            16.586217,
            49.220317
          ],
          [
            16.586167,
            49.220397
          ],
          [
            16.586147,
            49.220411
          ],
          [
            16.586128,
            49.220437
          ],
          [
            16.585948,
            49.220701
          ],
          [
            16.585789,
            49.220931
          ],
          [
            16.585646,
            49.221139
          ],
          [
            16.585445,
            49.22143
          ],
          [
            16.585427,
            49.221417
          ],
          [
            16.585275,
            49.221371
          ],
          [
            16.585223,
            49.221365
          ],
          [
            16.58517,
            49.221353
          ],
          [
            16.585092,
            49.221327
          ],
          [
            16.584166,
            49.221001
          ],
          [
            16.583258,
            49.220703
          ],
          [
            16.582941,
            49.220599
          ],
          [
            16.582988,
            49.220536
          ],
          [
            16.582873,
            49.220498
          ],
          [
            16.582854,
            49.220521
          ],
          [
            16.582725,
            49.220476
          ],
          [
            16.582739,
            49.220453
          ],
          [
            16.582621,
            49.220414
          ],
          [
            16.582615,
            49.220386
          ],
          [
            16.582536,
            49.220283
          ],
          [
            16.582483,
            49.220254
          ],
          [
            16.582008,
            49.220039
          ],
          [
            16.581936,
            49.220015
          ],
          [
            16.581771,
            49.219961
          ],
          [
            16.58118,
            49.21984
          ],
          [
            16.580838,
            49.21977
          ],
          [
            16.580547,
            49.21971
          ],
          [
            16.580519,
            49.219704
          ],
          [
            16.579968,
            49.219591
          ],
          [
            16.579849,
            49.219567
          ],
          [
            16.57983,
            49.219564
          ],
          [
            16.579702,
            49.21954
          ],
          [
            16.579673,
            49.21953
          ],
          [
            16.578858,
            49.219366
          ],
          [
            16.578701,
            49.219335
          ],
          [
            16.578507,
            49.219296
          ],
          [
            16.578227,
            49.219239
          ],
          [
            16.57799,
            49.219191
          ],
          [
            16.577611,
            49.219115
          ],
          [
            16.576434,
            49.218878
          ],
          [
            16.576342,
            49.218859
          ],
          [
            16.574936,
            49.218568
          ],
          [
            16.574831,
            49.218557
          ],
          [
            16.574707,
            49.218569
          ],
          [
            16.574334,
            49.218538
          ],
          [
            16.574313,
            49.218532
          ],
          [
            16.574077,
            49.218465
          ],
          [
            16.574027,
            49.218451
          ],
          [
            16.574001,
            49.218444
          ],
          [
            16.573893,
            49.218385
          ],
          [
            16.573843,
            49.218359
          ],
          [
            16.573831,
            49.218342
          ],
          [
            16.573722,
            49.218273
          ],
          [
            16.573738,
            49.218252
          ],
          [
            16.573667,
            49.218244
          ],
          [
            16.573618,
            49.218231
          ],
          [
            16.573562,
            49.218207
          ],
          [
            16.573486,
            49.218161
          ],
          [
            16.573268,
            49.218029
          ],
          [
            16.57318,
            49.217965
          ],
          [
            16.572967,
            49.217815
          ],
          [
            16.572784,
            49.21768
          ],
          [
            16.572615,
            49.217557
          ],
          [
            16.5724,
            49.217408
          ],
          [
            16.5722,
            49.217264
          ],
          [
            16.571969,
            49.217103
          ],
          [
            16.571801,
            49.216981
          ],
          [
            16.57178,
            49.216965
          ],
          [
            16.571726,
            49.216918
          ],
          [
            16.571704,
            49.216881
          ],
          [
            16.57161,
            49.216788
          ],
          [
            16.571379,
            49.216523
          ],
          [
            16.571268,
            49.21639
          ],
          [
            16.571153,
            49.21625
          ],
          [
            16.571046,
            49.216132
          ],
          [
            16.570909,
            49.215972
          ],
          [
            16.570807,
            49.215853
          ],
          [
            16.570725,
            49.215759
          ],
          [
            16.570647,
            49.215666
          ],
          [
            16.570576,
            49.215582
          ],
          [
            16.57049,
            49.21548
          ],
          [
            16.570379,
            49.215359
          ],
          [
            16.57029,
            49.21526
          ],
          [
            16.570164,
            49.215118
          ],
          [
            16.570092,
            49.21503
          ],
          [
            16.569992,
            49.214921
          ],
          [
            16.56997,
            49.214879
          ],
          [
            16.569969,
            49.214844
          ],
          [
            16.569977,
            49.214822
          ],
          [
            16.569999,
            49.214799
          ],
          [
            16.570024,
            49.214772
          ],
          [
            16.570129,
            49.21474
          ],
          [
            16.570088,
            49.214721
          ],
          [
            16.570057,
            49.214625
          ],
          [
            16.570026,
            49.214603
          ],
          [
            16.569952,
            49.214605
          ],
          [
            16.569888,
            49.214599
          ],
          [
            16.569844,
            49.214585
          ],
          [
            16.569782,
            49.214578
          ],
          [
            16.569628,
            49.2146
          ],
          [
            16.569597,
            49.214566
          ],
          [
            16.569588,
            49.21452
          ],
          [
            16.569535,
            49.214381
          ],
          [
            16.569504,
            49.214304
          ],
          [
            16.569493,
            49.214281
          ],
          [
            16.56941,
            49.2141
          ],
          [
            16.569282,
            49.213838
          ],
          [
            16.569069,
            49.213394
          ],
          [
            16.568991,
            49.213222
          ],
          [
            16.568973,
            49.213187
          ],
          [
            16.568959,
            49.213173
          ],
          [
            16.568913,
            49.213079
          ],
          [
            16.568901,
            49.21306
          ],
          [
            16.568899,
            49.213029
          ],
          [
            16.568846,
            49.212912
          ],
          [
            16.568806,
            49.212834
          ],
          [
            16.568735,
            49.212711
          ],
          [
            16.568679,
            49.212617
          ],
          [
            16.568565,
            49.212373
          ],
          [
            16.568523,
            49.212275
          ],
          [
            16.568515,
            49.212262
          ],
          [
            16.568506,
            49.212246
          ],
          [
            16.568476,
            49.21217
          ],
          [
            16.568407,
            49.212054
          ],
          [
            16.568371,
            49.21202
          ],
          [
            16.568358,
            49.212014
          ],
          [
            16.568345,
            49.212007
          ],
          [
            16.568334,
            49.212007
          ],
          [
            16.568273,
            49.212007
          ],
          [
            16.567931,
            49.212019
          ],
          [
            16.567642,
            49.212027
          ],
          [
            16.567501,
            49.212024
          ],
          [
            16.567438,
            49.212023
          ],
          [
            16.56738,
            49.21202
          ],
          [
            16.567276,
            49.212025
          ],
          [
            16.566951,
            49.212075
          ],
          [
            16.566894,
            49.212083
          ],
          [
            16.566779,
            49.212099
          ],
          [
            16.566608,
            49.212123
          ],
          [
            16.566306,
            49.212169
          ],
          [
            16.566013,
            49.212213
          ],
          [
            16.56593,
            49.212226
          ],
          [
            16.565148,
            49.212348
          ],
          [
            16.56393,
            49.212531
          ],
          [
            16.563334,
            49.212624
          ],
          [
            16.563167,
            49.212649
          ],
          [
            16.56313,
            49.212614
          ],
          [
            16.561915,
            49.2128
          ],
          [
            16.561717,
            49.212831
          ],
          [
            16.56142,
            49.212876
          ],
          [
            16.560498,
            49.213027
          ],
          [
            16.55991,
            49.213157
          ],
          [
            16.559708,
            49.21322
          ],
          [
            16.559415,
            49.213312
          ],
          [
            16.559393,
            49.213319
          ],
          [
            16.559299,
            49.21335
          ],
          [
            16.55921,
            49.213379
          ],
          [
            16.559208,
            49.21338
          ],
          [
            16.558779,
            49.213565
          ],
          [
            16.558425,
            49.213784
          ],
          [
            16.55807,
            49.214026
          ],
          [
            16.557949,
            49.214115
          ],
          [
            16.55734,
            49.214666
          ],
          [
            16.556009,
            49.215873
          ],
          [
            16.555793,
            49.21607
          ],
          [
            16.555438,
            49.216388
          ],
          [
            16.554919,
            49.216864
          ],
          [
            16.554602,
            49.217154
          ],
          [
            16.554316,
            49.217392
          ],
          [
            16.554062,
            49.217591
          ],
          [
            16.553883,
            49.217721
          ],
          [
            16.553606,
            49.217907
          ],
          [
            16.553546,
            49.217948
          ],
          [
            16.553385,
            49.218052
          ],
          [
            16.553137,
            49.218202
          ],
          [
            16.552995,
            49.218276
          ],
          [
            16.552917,
            49.218316
          ],
          [
            16.55275,
            49.218393
          ],
          [
            16.552661,
            49.218433
          ],
          [
            16.552488,
            49.218497
          ],
          [
            16.552242,
            49.218581
          ],
          [
            16.552153,
            49.21861
          ],
          [
            16.551841,
            49.218702
          ],
          [
            16.55171,
            49.218739
          ],
          [
            16.551577,
            49.218775
          ],
          [
            16.551274,
            49.218851
          ],
          [
            16.550966,
            49.218921
          ],
          [
            16.550773,
            49.218963
          ],
          [
            16.550284,
            49.219058
          ],
          [
            16.549837,
            49.219146
          ],
          [
            16.549364,
            49.219238
          ],
          [
            16.549097,
            49.21929
          ],
          [
            16.548823,
            49.219336
          ],
          [
            16.548517,
            49.21938
          ],
          [
            16.548396,
            49.219391
          ],
          [
            16.548364,
            49.219394
          ],
          [
            16.548273,
            49.2194
          ],
          [
            16.548152,
            49.219408
          ],
          [
            16.547986,
            49.21941
          ],
          [
            16.547807,
            49.219407
          ],
          [
            16.547596,
            49.219399
          ],
          [
            16.547389,
            49.219393
          ],
          [
            16.547156,
            49.219384
          ],
          [
            16.546813,
            49.219374
          ],
          [
            16.546396,
            49.219356
          ],
          [
            16.546259,
            49.219348
          ],
          [
            16.54609,
            49.219334
          ],
          [
            16.5459,
            49.219315
          ],
          [
            16.545761,
            49.219295
          ],
          [
            16.545646,
            49.219277
          ],
          [
            16.545533,
            49.219256
          ],
          [
            16.545348,
            49.219219
          ],
          [
            16.545207,
            49.219182
          ],
          [
            16.545043,
            49.219134
          ],
          [
            16.544866,
            49.219075
          ],
          [
            16.544767,
            49.21904
          ],
          [
            16.544425,
            49.218918
          ],
          [
            16.54431,
            49.218879
          ],
          [
            16.5442,
            49.218844
          ],
          [
            16.544074,
            49.218807
          ],
          [
            16.543978,
            49.218784
          ],
          [
            16.543823,
            49.218748
          ],
          [
            16.543658,
            49.218719
          ],
          [
            16.5435,
            49.218697
          ],
          [
            16.543326,
            49.21868
          ],
          [
            16.543165,
            49.218669
          ],
          [
            16.543026,
            49.218665
          ],
          [
            16.542873,
            49.218665
          ],
          [
            16.542738,
            49.218668
          ],
          [
            16.542608,
            49.218674
          ],
          [
            16.542472,
            49.218687
          ],
          [
            16.54235,
            49.218702
          ],
          [
            16.542296,
            49.218709
          ],
          [
            16.542106,
            49.218735
          ],
          [
            16.541134,
            49.218882
          ],
          [
            16.540812,
            49.218932
          ],
          [
            16.540435,
            49.218995
          ],
          [
            16.540079,
            49.219071
          ],
          [
            16.539898,
            49.219121
          ],
          [
            16.539761,
            49.219161
          ],
          [
            16.539362,
            49.219308
          ],
          [
            16.539212,
            49.219371
          ],
          [
            16.538941,
            49.219494
          ],
          [
            16.538648,
            49.219635
          ],
          [
            16.538309,
            49.219806
          ],
          [
            16.538079,
            49.219927
          ],
          [
            16.537944,
            49.220006
          ],
          [
            16.537729,
            49.220147
          ],
          [
            16.537534,
            49.22029
          ],
          [
            16.537361,
            49.220446
          ],
          [
            16.537219,
            49.220593
          ],
          [
            16.53711,
            49.220723
          ],
          [
            16.537028,
            49.220839
          ],
          [
            16.536963,
            49.220939
          ],
          [
            16.536928,
            49.221005
          ],
          [
            16.536872,
            49.22114
          ],
          [
            16.536837,
            49.22126
          ],
          [
            16.536791,
            49.221422
          ],
          [
            16.536735,
            49.221811
          ],
          [
            16.536701,
            49.222085
          ],
          [
            16.536686,
            49.222248
          ],
          [
            16.536608,
            49.222748
          ],
          [
            16.536461,
            49.223525
          ],
          [
            16.536351,
            49.224028
          ],
          [
            16.536257,
            49.22439
          ],
          [
            16.536174,
            49.224613
          ],
          [
            16.536048,
            49.224848
          ],
          [
            16.5359,
            49.225064
          ],
          [
            16.535784,
            49.225214
          ],
          [
            16.535598,
            49.225407
          ],
          [
            16.535381,
            49.225597
          ],
          [
            16.535179,
            49.225743
          ],
          [
            16.534999,
            49.225861
          ],
          [
            16.534844,
            49.225948
          ],
          [
            16.534739,
            49.226
          ],
          [
            16.534736,
            49.226002
          ],
          [
            16.534611,
            49.226067
          ],
          [
            16.534241,
            49.226228
          ],
          [
            16.533886,
            49.226365
          ],
          [
            16.533547,
            49.226496
          ],
          [
            16.533252,
            49.226624
          ],
          [
            16.533002,
            49.226752
          ],
          [
            16.532748,
            49.226918
          ],
          [
            16.532524,
            49.227097
          ],
          [
            16.532304,
            49.22732
          ],
          [
            16.531989,
            49.227666
          ],
          [
            16.53183,
            49.227841
          ],
          [
            16.531672,
            49.228014
          ],
          [
            16.531506,
            49.228196
          ],
          [
            16.531365,
            49.228345
          ],
          [
            16.531199,
            49.228493
          ],
          [
            16.531106,
            49.228577
          ],
          [
            16.530809,
            49.228773
          ],
          [
            16.53046,
            49.228954
          ],
          [
            16.530081,
            49.229092
          ],
          [
            16.529698,
            49.22921
          ],
          [
            16.52928,
            49.229292
          ],
          [
            16.528859,
            49.229335
          ],
          [
            16.528422,
            49.229346
          ],
          [
            16.527895,
            49.229318
          ],
          [
            16.52757,
            49.229287
          ],
          [
            16.527062,
            49.229241
          ],
          [
            16.526461,
            49.229183
          ],
          [
            16.526093,
            49.229143
          ],
          [
            16.525437,
            49.22907
          ],
          [
            16.52506,
            49.229028
          ],
          [
            16.524765,
            49.228995
          ],
          [
            16.524497,
            49.228965
          ],
          [
            16.52424,
            49.228934
          ],
          [
            16.523977,
            49.228903
          ],
          [
            16.523433,
            49.228811
          ],
          [
            16.523166,
            49.228742
          ],
          [
            16.522934,
            49.228665
          ],
          [
            16.522613,
            49.228539
          ],
          [
            16.522392,
            49.228446
          ],
          [
            16.522138,
            49.228337
          ],
          [
            16.521774,
            49.228176
          ],
          [
            16.521401,
            49.228003
          ],
          [
            16.521084,
            49.22781
          ],
          [
            16.520768,
            49.227608
          ],
          [
            16.520467,
            49.227402
          ],
          [
            16.520173,
            49.227197
          ],
          [
            16.519919,
            49.226965
          ],
          [
            16.519807,
            49.226837
          ],
          [
            16.519808,
            49.226838
          ],
          [
            16.519674,
            49.226686
          ],
          [
            16.519591,
            49.226535
          ],
          [
            16.519509,
            49.226331
          ],
          [
            16.519486,
            49.226207
          ],
          [
            16.519493,
            49.226074
          ],
          [
            16.519559,
            49.225603
          ],
          [
            16.519614,
            49.225209
          ],
          [
            16.519692,
            49.224687
          ],
          [
            16.519926,
            49.223104
          ],
          [
            16.520048,
            49.222258
          ],
          [
            16.520097,
            49.221935
          ],
          [
            16.51995,
            49.221809
          ],
          [
            16.519849,
            49.221698
          ],
          [
            16.519777,
            49.221581
          ],
          [
            16.51972,
            49.221469
          ],
          [
            16.519686,
            49.221335
          ],
          [
            16.519647,
            49.221363
          ],
          [
            16.519655,
            49.221464
          ],
          [
            16.519668,
            49.221622
          ],
          [
            16.519688,
            49.221703
          ],
          [
            16.519773,
            49.221909
          ],
          [
            16.519773,
            49.22191
          ],
          [
            16.519778,
            49.221921
          ],
          [
            16.519678,
            49.222038
          ],
          [
            16.519415,
            49.222118
          ],
          [
            16.51939,
            49.222122
          ],
          [
            16.519309,
            49.222115
          ],
          [
            16.51927,
            49.222102
          ],
          [
            16.519227,
            49.222099
          ],
          [
            16.517668,
            49.22199
          ],
          [
            16.51756,
            49.221993
          ],
          [
            16.517339,
            49.222024
          ],
          [
            16.517207,
            49.221904
          ],
          [
            16.517114,
            49.22182
          ],
          [
            16.517097,
            49.221804
          ],
          [
            16.516931,
            49.221654
          ],
          [
            16.516892,
            49.22162
          ],
          [
            16.516745,
            49.221487
          ],
          [
            16.516658,
            49.221409
          ],
          [
            16.516565,
            49.221325
          ],
          [
            16.516487,
            49.221262
          ],
          [
            16.516434,
            49.22122
          ],
          [
            16.516107,
            49.221017
          ],
          [
            16.515809,
            49.220846
          ],
          [
            16.515748,
            49.22082
          ],
          [
            16.515468,
            49.220784
          ],
          [
            16.514867,
            49.220744
          ],
          [
            16.514866,
            49.220744
          ],
          [
            16.514513,
            49.22071
          ],
          [
            16.514282,
            49.220663
          ],
          [
            16.514278,
            49.220662
          ],
          [
            16.514015,
            49.220598
          ],
          [
            16.513844,
            49.220514
          ],
          [
            16.513741,
            49.220458
          ],
          [
            16.513513,
            49.220347
          ],
          [
            16.513429,
            49.220313
          ],
          [
            16.513341,
            49.220292
          ],
          [
            16.513178,
            49.220275
          ],
          [
            16.513148,
            49.220272
          ],
          [
            16.512673,
            49.220233
          ],
          [
            16.512425,
            49.220197
          ],
          [
            16.512209,
            49.220127
          ],
          [
            16.512081,
            49.220073
          ],
          [
            16.51208,
            49.220073
          ],
          [
            16.512059,
            49.220064
          ],
          [
            16.511683,
            49.219876
          ],
          [
            16.511322,
            49.219687
          ],
          [
            16.511033,
            49.21951
          ],
          [
            16.510616,
            49.219252
          ],
          [
            16.510584,
            49.219232
          ],
          [
            16.509979,
            49.218869
          ],
          [
            16.509891,
            49.218817
          ],
          [
            16.509777,
            49.218747
          ],
          [
            16.509664,
            49.218676
          ],
          [
            16.509486,
            49.218581
          ],
          [
            16.509394,
            49.218587
          ],
          [
            16.509302,
            49.21854
          ],
          [
            16.509239,
            49.218508
          ],
          [
            16.509222,
            49.218498
          ],
          [
            16.509183,
            49.218473
          ],
          [
            16.509155,
            49.218454
          ],
          [
            16.509108,
            49.218424
          ],
          [
            16.50911,
            49.218407
          ],
          [
            16.509036,
            49.218452
          ],
          [
            16.509037,
            49.21845
          ],
          [
            16.508943,
            49.218377
          ],
          [
            16.508942,
            49.218364
          ],
          [
            16.508869,
            49.218309
          ],
          [
            16.508594,
            49.218079
          ],
          [
            16.508566,
            49.218056
          ],
          [
            16.508552,
            49.218039
          ],
          [
            16.508331,
            49.217764
          ],
          [
            16.508317,
            49.217766
          ],
          [
            16.508286,
            49.217776
          ],
          [
            16.508228,
            49.217804
          ],
          [
            16.508195,
            49.217827
          ],
          [
            16.508008,
            49.218044
          ],
          [
            16.50777,
            49.218324
          ],
          [
            16.5077,
            49.218438
          ],
          [
            16.507695,
            49.218471
          ],
          [
            16.507699,
            49.218504
          ],
          [
            16.507711,
            49.218548
          ],
          [
            16.507649,
            49.21858
          ],
          [
            16.507597,
            49.218572
          ],
          [
            16.507559,
            49.218585
          ],
          [
            16.507537,
            49.218603
          ],
          [
            16.507289,
            49.218842
          ],
          [
            16.507161,
            49.218964
          ],
          [
            16.507007,
            49.219082
          ],
          [
            16.50698,
            49.219102
          ],
          [
            16.506977,
            49.219123
          ]
        ]
      },
      "properties": {
        "route_id": 4,
        "name": "Křenová 21 → Home 2 (cool)",
        "type": "cool",
        "length_m": 13644.7,
        "hazard_count": 3,
        "cool_count": 0,
        "risk_score": 3,
        "shade_score": 0
      }
    },
    {
      "type": "Feature",
      "geometry": {
        "type": "LineString",
        "coordinates": [
          [
            16.622578,
            49.219694
          ],
          [
            16.62254,
            49.219629
          ],
          [
            16.62244,
            49.21946
          ],
          [
            16.622427,
            49.219448
          ],
          [
            16.622401,
            49.219404
          ],
          [
            16.62237,
            49.219383
          ],
          [
            16.621438,
            49.219622
          ],
          [
            16.621414,
            49.219628
          ],
          [
            16.620474,
            49.219863
          ],
          [
            16.620466,
            49.219852
          ],
          [
            16.620241,
            49.219516
          ],
          [
            16.620239,
            49.21949
          ],
          [
            16.620127,
            49.219531
          ],
          [
            16.620038,
            49.219462
          ],
          [
            16.620023,
            49.219448
          ],
          [
            16.619897,
            49.219341
          ],
          [
            16.619865,
            49.219314
          ],
          [
            16.619688,
            49.219157
          ],
          [
            16.61954,
            49.219025
          ],
          [
            16.619394,
            49.218898
          ],
          [
            16.61925,
            49.218766
          ],
          [
            16.61909,
            49.218634
          ],
          [
            16.618911,
            49.218477
          ],
          [
            16.618961,
            49.218449
          ],
          [
            16.619,
            49.218429
          ],
          [
            16.619047,
            49.218459
          ],
          [
            16.619211,
            49.218601
          ],
          [
            16.619245,
            49.218625
          ],
          [
            16.619248,
            49.21863
          ],
          [
            16.619279,
            49.21864
          ],
          [
            16.619312,
            49.218642
          ],
          [
            16.619346,
            49.218637
          ],
          [
            16.619378,
            49.218622
          ],
          [
            16.619399,
            49.218602
          ],
          [
            16.619482,
            49.218474
          ],
          [
            16.619578,
            49.218328
          ],
          [
            16.619674,
            49.218178
          ],
          [
            16.619774,
            49.218028
          ],
          [
            16.619874,
            49.217878
          ],
          [
            16.619951,
            49.217766
          ],
          [
            16.619982,
            49.217735
          ],
          [
            16.620009,
            49.21772
          ],
          [
            16.620063,
            49.217698
          ],
          [
            16.620113,
            49.217684
          ],
          [
            16.620187,
            49.217668
          ],
          [
            16.620259,
            49.217556
          ],
          [
            16.620445,
            49.217267
          ],
          [
            16.620519,
            49.217249
          ],
          [
            16.620482,
            49.217215
          ],
          [
            16.620505,
            49.217163
          ],
          [
            16.62055,
            49.217138
          ],
          [
            16.620577,
            49.217128
          ],
          [
            16.620602,
            49.2171
          ],
          [
            16.621853,
            49.215156
          ],
          [
            16.622092,
            49.214789
          ],
          [
            16.62212,
            49.214692
          ],
          [
            16.622252,
            49.21449
          ],
          [
            16.622386,
            49.214286
          ],
          [
            16.622429,
            49.214251
          ],
          [
            16.62257,
            49.214288
          ],
          [
            16.622601,
            49.214293
          ],
          [
            16.622652,
            49.214265
          ],
          [
            16.622688,
            49.214254
          ],
          [
            16.622729,
            49.214253
          ],
          [
            16.622756,
            49.214241
          ],
          [
            16.622833,
            49.214129
          ],
          [
            16.622896,
            49.214129
          ],
          [
            16.622944,
            49.214146
          ],
          [
            16.622954,
            49.214131
          ],
          [
            16.622955,
            49.214131
          ],
          [
            16.623039,
            49.214002
          ],
          [
            16.623235,
            49.213913
          ],
          [
            16.624042,
            49.21356
          ],
          [
            16.624646,
            49.213296
          ],
          [
            16.624676,
            49.213262
          ],
          [
            16.624643,
            49.213226
          ],
          [
            16.62463,
            49.213198
          ],
          [
            16.624647,
            49.21317
          ],
          [
            16.624736,
            49.213132
          ],
          [
            16.624769,
            49.213111
          ],
          [
            16.624806,
            49.213003
          ],
          [
            16.62483,
            49.212955
          ],
          [
            16.624717,
            49.212782
          ],
          [
            16.624635,
            49.212633
          ],
          [
            16.624673,
            49.212606
          ],
          [
            16.624744,
            49.212563
          ],
          [
            16.624801,
            49.212528
          ],
          [
            16.624851,
            49.212494
          ],
          [
            16.624951,
            49.212411
          ],
          [
            16.624943,
            49.21239
          ],
          [
            16.624933,
            49.212367
          ],
          [
            16.624906,
            49.212316
          ],
          [
            16.624901,
            49.212273
          ],
          [
            16.624455,
            49.211426
          ],
          [
            16.624021,
            49.210599
          ],
          [
            16.623947,
            49.210443
          ],
          [
            16.623934,
            49.210427
          ],
          [
            16.62392,
            49.210388
          ],
          [
            16.623893,
            49.210323
          ],
          [
            16.623879,
            49.210288
          ],
          [
            16.623876,
            49.210265
          ],
          [
            16.623776,
            49.209981
          ],
          [
            16.623722,
            49.209807
          ],
          [
            16.623676,
            49.209608
          ],
          [
            16.623671,
            49.209587
          ],
          [
            16.62365,
            49.209558
          ],
          [
            16.623638,
            49.209502
          ],
          [
            16.623623,
            49.209483
          ],
          [
            16.623654,
            49.209446
          ],
          [
            16.623654,
            49.209445
          ],
          [
            16.623628,
            49.209251
          ],
          [
            16.62362,
            49.209196
          ],
          [
            16.623612,
            49.209088
          ],
          [
            16.62361,
            49.20906
          ],
          [
            16.623609,
            49.209029
          ],
          [
            16.623606,
            49.208821
          ],
          [
            16.623613,
            49.208715
          ],
          [
            16.623621,
            49.208586
          ],
          [
            16.623638,
            49.208403
          ],
          [
            16.623652,
            49.208309
          ],
          [
            16.623667,
            49.208208
          ],
          [
            16.623708,
            49.208018
          ],
          [
            16.623698,
            49.207992
          ],
          [
            16.62372,
            49.207961
          ],
          [
            16.62373,
            49.207911
          ],
          [
            16.62375,
            49.207872
          ],
          [
            16.623802,
            49.207709
          ],
          [
            16.623835,
            49.207605
          ],
          [
            16.623846,
            49.207569
          ],
          [
            16.623896,
            49.207443
          ],
          [
            16.62397,
            49.207252
          ],
          [
            16.624041,
            49.207073
          ],
          [
            16.624119,
            49.20689
          ],
          [
            16.624159,
            49.206794
          ],
          [
            16.624162,
            49.206766
          ],
          [
            16.624166,
            49.206738
          ],
          [
            16.624192,
            49.206669
          ],
          [
            16.624224,
            49.20663
          ],
          [
            16.62425,
            49.206564
          ],
          [
            16.624326,
            49.206385
          ],
          [
            16.624388,
            49.206228
          ],
          [
            16.624392,
            49.206215
          ],
          [
            16.624395,
            49.206204
          ],
          [
            16.624399,
            49.206168
          ],
          [
            16.624427,
            49.2061
          ],
          [
            16.624413,
            49.206074
          ],
          [
            16.62445,
            49.206051
          ],
          [
            16.624515,
            49.206065
          ],
          [
            16.624602,
            49.206078
          ],
          [
            16.624657,
            49.206104
          ],
          [
            16.624679,
            49.206027
          ],
          [
            16.624694,
            49.205974
          ],
          [
            16.624717,
            49.205785
          ],
          [
            16.624713,
            49.205706
          ],
          [
            16.624696,
            49.205573
          ],
          [
            16.624681,
            49.205494
          ],
          [
            16.624625,
            49.205305
          ],
          [
            16.624607,
            49.205225
          ],
          [
            16.624564,
            49.205097
          ],
          [
            16.624548,
            49.205057
          ],
          [
            16.624524,
            49.205011
          ],
          [
            16.624482,
            49.204942
          ],
          [
            16.624432,
            49.204885
          ],
          [
            16.624335,
            49.204787
          ],
          [
            16.624218,
            49.204686
          ],
          [
            16.624173,
            49.204647
          ],
          [
            16.624131,
            49.204608
          ],
          [
            16.624104,
            49.204574
          ],
          [
            16.624088,
            49.204536
          ],
          [
            16.624086,
            49.204491
          ],
          [
            16.62409,
            49.20446
          ],
          [
            16.624099,
            49.204404
          ],
          [
            16.624123,
            49.204352
          ],
          [
            16.624157,
            49.204308
          ],
          [
            16.624149,
            49.204291
          ],
          [
            16.624076,
            49.20426
          ],
          [
            16.624047,
            49.204248
          ],
          [
            16.623983,
            49.204222
          ],
          [
            16.623951,
            49.204209
          ],
          [
            16.623903,
            49.204191
          ],
          [
            16.623754,
            49.204163
          ],
          [
            16.624072,
            49.203908
          ],
          [
            16.624089,
            49.203909
          ],
          [
            16.624516,
            49.203569
          ],
          [
            16.624546,
            49.203544
          ],
          [
            16.624574,
            49.203518
          ],
          [
            16.624581,
            49.203484
          ],
          [
            16.624589,
            49.203448
          ],
          [
            16.624612,
            49.203258
          ],
          [
            16.62473,
            49.202289
          ],
          [
            16.62474,
            49.202277
          ],
          [
            16.624685,
            49.202272
          ],
          [
            16.624607,
            49.202272
          ],
          [
            16.624445,
            49.202269
          ],
          [
            16.624181,
            49.202263
          ],
          [
            16.623818,
            49.202252
          ],
          [
            16.623682,
            49.202249
          ],
          [
            16.623252,
            49.202236
          ],
          [
            16.623168,
            49.202234
          ],
          [
            16.623168,
            49.202233
          ],
          [
            16.622646,
            49.202221
          ],
          [
            16.622377,
            49.202213
          ],
          [
            16.622164,
            49.202212
          ],
          [
            16.62183,
            49.202201
          ],
          [
            16.621444,
            49.202187
          ],
          [
            16.621301,
            49.202182
          ],
          [
            16.621187,
            49.202173
          ],
          [
            16.621043,
            49.202164
          ],
          [
            16.620861,
            49.202149
          ],
          [
            16.620746,
            49.20214
          ],
          [
            16.620377,
            49.202097
          ],
          [
            16.620229,
            49.20208
          ],
          [
            16.620091,
            49.20204
          ],
          [
            16.619891,
            49.201986
          ],
          [
            16.619691,
            49.201933
          ],
          [
            16.619438,
            49.201868
          ],
          [
            16.619052,
            49.201764
          ],
          [
            16.619005,
            49.201755
          ],
          [
            16.618992,
            49.201769
          ],
          [
            16.618957,
            49.201808
          ],
          [
            16.618902,
            49.201969
          ],
          [
            16.618845,
            49.202123
          ],
          [
            16.618781,
            49.202354
          ],
          [
            16.618749,
            49.202474
          ],
          [
            16.61874,
            49.202523
          ],
          [
            16.618803,
            49.202654
          ],
          [
            16.618863,
            49.202833
          ],
          [
            16.618869,
            49.20285
          ],
          [
            16.61879,
            49.202811
          ],
          [
            16.618752,
            49.202793
          ],
          [
            16.618683,
            49.202759
          ],
          [
            16.618596,
            49.20272
          ],
          [
            16.618507,
            49.202688
          ],
          [
            16.618477,
            49.20268
          ],
          [
            16.618279,
            49.202627
          ],
          [
            16.618149,
            49.202591
          ],
          [
            16.618091,
            49.202569
          ],
          [
            16.617964,
            49.202519
          ],
          [
            16.617678,
            49.202397
          ],
          [
            16.617368,
            49.202271
          ],
          [
            16.616933,
            49.202089
          ],
          [
            16.616652,
            49.201971
          ],
          [
            16.616505,
            49.201911
          ],
          [
            16.616198,
            49.201783
          ],
          [
            16.615959,
            49.201683
          ],
          [
            16.615778,
            49.201605
          ],
          [
            16.615749,
            49.201591
          ],
          [
            16.615728,
            49.201576
          ],
          [
            16.615725,
            49.201559
          ],
          [
            16.615733,
            49.201542
          ],
          [
            16.615711,
            49.201514
          ],
          [
            16.615687,
            49.201465
          ],
          [
            16.615628,
            49.201464
          ],
          [
            16.615617,
            49.201463
          ],
          [
            16.615551,
            49.201454
          ],
          [
            16.615505,
            49.201455
          ],
          [
            16.615444,
            49.201466
          ],
          [
            16.615424,
            49.20147
          ],
          [
            16.61521,
            49.201397
          ],
          [
            16.615068,
            49.201348
          ],
          [
            16.614539,
            49.201168
          ],
          [
            16.614415,
            49.201124
          ],
          [
            16.61439,
            49.201115
          ],
          [
            16.614328,
            49.201091
          ],
          [
            16.614294,
            49.201066
          ],
          [
            16.614279,
            49.201028
          ],
          [
            16.614262,
            49.201015
          ],
          [
            16.614215,
            49.200998
          ],
          [
            16.614182,
            49.200986
          ],
          [
            16.614068,
            49.200946
          ],
          [
            16.61403,
            49.200932
          ],
          [
            16.613997,
            49.200933
          ],
          [
            16.613942,
            49.200921
          ],
          [
            16.613624,
            49.20081
          ],
          [
            16.613484,
            49.200768
          ],
          [
            16.613318,
            49.20073
          ],
          [
            16.613229,
            49.20071
          ],
          [
            16.613145,
            49.200685
          ],
          [
            16.612904,
            49.200603
          ],
          [
            16.612721,
            49.200542
          ],
          [
            16.612479,
            49.200456
          ],
          [
            16.612354,
            49.200412
          ],
          [
            16.612107,
            49.200331
          ],
          [
            16.611937,
            49.200273
          ],
          [
            16.611687,
            49.200187
          ],
          [
            16.611523,
            49.200127
          ],
          [
            16.611439,
            49.200091
          ],
          [
            16.611288,
            49.200012
          ],
          [
            16.611183,
            49.199959
          ],
          [
            16.611072,
            49.199905
          ],
          [
            16.610865,
            49.199822
          ],
          [
            16.610733,
            49.19976
          ],
          [
            16.610682,
            49.199715
          ],
          [
            16.610669,
            49.199675
          ],
          [
            16.610643,
            49.199661
          ],
          [
            16.610574,
            49.199659
          ],
          [
            16.610564,
            49.19966
          ],
          [
            16.610457,
            49.199649
          ],
          [
            16.610424,
            49.199633
          ],
          [
            16.61038,
            49.199588
          ],
          [
            16.61035,
            49.199574
          ],
          [
            16.610304,
            49.199528
          ],
          [
            16.610246,
            49.199525
          ],
          [
            16.610157,
            49.199557
          ],
          [
            16.610052,
            49.19957
          ],
          [
            16.609928,
            49.199551
          ],
          [
            16.609658,
            49.199452
          ],
          [
            16.609651,
            49.199448
          ],
          [
            16.609624,
            49.199433
          ],
          [
            16.609622,
            49.199376
          ],
          [
            16.609558,
            49.199371
          ],
          [
            16.609506,
            49.199354
          ],
          [
            16.609461,
            49.199339
          ],
          [
            16.609428,
            49.199341
          ],
          [
            16.609385,
            49.199343
          ],
          [
            16.609245,
            49.199286
          ],
          [
            16.609089,
            49.199216
          ],
          [
            16.60872,
            49.199036
          ],
          [
            16.608662,
            49.198993
          ],
          [
            16.608644,
            49.198955
          ],
          [
            16.608648,
            49.198922
          ],
          [
            16.608651,
            49.198892
          ],
          [
            16.608681,
            49.198861
          ],
          [
            16.608678,
            49.198827
          ],
          [
            16.608532,
            49.198681
          ],
          [
            16.608553,
            49.198652
          ],
          [
            16.60844,
            49.198675
          ],
          [
            16.608352,
            49.198692
          ],
          [
            16.608291,
            49.198693
          ],
          [
            16.608222,
            49.19869
          ],
          [
            16.60814,
            49.198677
          ],
          [
            16.608098,
            49.198685
          ],
          [
            16.607865,
            49.198841
          ],
          [
            16.607836,
            49.198846
          ],
          [
            16.607902,
            49.198967
          ],
          [
            16.607908,
            49.199052
          ],
          [
            16.607895,
            49.199146
          ],
          [
            16.607838,
            49.199377
          ],
          [
            16.60778,
            49.199633
          ],
          [
            16.607736,
            49.199892
          ],
          [
            16.607699,
            49.199974
          ],
          [
            16.607625,
            49.200004
          ],
          [
            16.607633,
            49.200046
          ],
          [
            16.607595,
            49.200095
          ],
          [
            16.607584,
            49.200111
          ],
          [
            16.607538,
            49.200167
          ],
          [
            16.607553,
            49.200193
          ],
          [
            16.607614,
            49.200234
          ],
          [
            16.607633,
            49.200276
          ],
          [
            16.60763,
            49.20029
          ],
          [
            16.607625,
            49.200312
          ],
          [
            16.607608,
            49.200388
          ],
          [
            16.60759,
            49.200467
          ],
          [
            16.607572,
            49.200542
          ],
          [
            16.607531,
            49.200688
          ],
          [
            16.607487,
            49.200869
          ],
          [
            16.607431,
            49.201088
          ],
          [
            16.607392,
            49.201248
          ],
          [
            16.607346,
            49.201406
          ],
          [
            16.607286,
            49.201642
          ],
          [
            16.607245,
            49.201798
          ],
          [
            16.607189,
            49.202008
          ],
          [
            16.60713,
            49.202201
          ],
          [
            16.607085,
            49.202314
          ],
          [
            16.607014,
            49.202521
          ],
          [
            16.606921,
            49.202776
          ],
          [
            16.606888,
            49.202859
          ],
          [
            16.60688,
            49.202879
          ],
          [
            16.606879,
            49.20288
          ],
          [
            16.606886,
            49.202921
          ],
          [
            16.606879,
            49.202928
          ],
          [
            16.606832,
            49.203024
          ],
          [
            16.606814,
            49.203044
          ],
          [
            16.60681,
            49.20307
          ],
          [
            16.60649,
            49.203679
          ],
          [
            16.60648,
            49.203697
          ],
          [
            16.606458,
            49.20373
          ],
          [
            16.606454,
            49.203744
          ],
          [
            16.606384,
            49.203839
          ],
          [
            16.606381,
            49.203866
          ],
          [
            16.606382,
            49.203888
          ],
          [
            16.6062,
            49.204202
          ],
          [
            16.60606,
            49.204442
          ],
          [
            16.605827,
            49.204838
          ],
          [
            16.605527,
            49.205351
          ],
          [
            16.605324,
            49.205704
          ],
          [
            16.605259,
            49.205781
          ],
          [
            16.605235,
            49.205817
          ],
          [
            16.605212,
            49.205853
          ],
          [
            16.605166,
            49.205925
          ],
          [
            16.605172,
            49.205947
          ],
          [
            16.605051,
            49.206164
          ],
          [
            16.604759,
            49.206651
          ],
          [
            16.604502,
            49.207109
          ],
          [
            16.604426,
            49.207231
          ],
          [
            16.604288,
            49.207455
          ],
          [
            16.604267,
            49.207488
          ],
          [
            16.604234,
            49.207541
          ],
          [
            16.604172,
            49.207544
          ],
          [
            16.604158,
            49.207541
          ],
          [
            16.604122,
            49.207534
          ],
          [
            16.604013,
            49.207512
          ],
          [
            16.603916,
            49.207492
          ],
          [
            16.603915,
            49.207493
          ],
          [
            16.603822,
            49.207512
          ],
          [
            16.603412,
            49.207421
          ],
          [
            16.602492,
            49.207215
          ],
          [
            16.602007,
            49.207094
          ],
          [
            16.601892,
            49.20707
          ],
          [
            16.601876,
            49.207067
          ],
          [
            16.601889,
            49.207036
          ],
          [
            16.601826,
            49.207034
          ],
          [
            16.601749,
            49.207017
          ],
          [
            16.601683,
            49.207025
          ],
          [
            16.601624,
            49.207014
          ],
          [
            16.601459,
            49.206974
          ],
          [
            16.600901,
            49.206839
          ],
          [
            16.60036,
            49.2067
          ],
          [
            16.600306,
            49.206684
          ],
          [
            16.600306,
            49.206683
          ],
          [
            16.600245,
            49.206665
          ],
          [
            16.600234,
            49.206662
          ],
          [
            16.600176,
            49.20664
          ],
          [
            16.600151,
            49.206614
          ],
          [
            16.600085,
            49.206608
          ],
          [
            16.599568,
            49.206419
          ],
          [
            16.599538,
            49.206408
          ],
          [
            16.599538,
            49.206407
          ],
          [
            16.599148,
            49.206258
          ],
          [
            16.599044,
            49.206218
          ],
          [
            16.598986,
            49.206201
          ],
          [
            16.59897,
            49.20619
          ],
          [
            16.59891,
            49.206163
          ],
          [
            16.598858,
            49.206148
          ],
          [
            16.598168,
            49.205895
          ],
          [
            16.597506,
            49.205639
          ],
          [
            16.597448,
            49.20566
          ],
          [
            16.59735,
            49.205758
          ],
          [
            16.597327,
            49.205759
          ],
          [
            16.597271,
            49.205755
          ],
          [
            16.597236,
            49.205761
          ],
          [
            16.597122,
            49.205712
          ],
          [
            16.597095,
            49.205671
          ],
          [
            16.597079,
            49.205663
          ],
          [
            16.597071,
            49.205658
          ],
          [
            16.596932,
            49.205581
          ],
          [
            16.596173,
            49.205204
          ],
          [
            16.59533,
            49.204783
          ],
          [
            16.595281,
            49.204766
          ],
          [
            16.59526,
            49.204758
          ],
          [
            16.595239,
            49.204764
          ],
          [
            16.595175,
            49.204771
          ],
          [
            16.594991,
            49.204663
          ],
          [
            16.594965,
            49.204627
          ],
          [
            16.594897,
            49.204623
          ],
          [
            16.594836,
            49.204619
          ],
          [
            16.594568,
            49.204594
          ],
          [
            16.59448,
            49.204585
          ],
          [
            16.59424,
            49.20456
          ],
          [
            16.594239,
            49.20456
          ],
          [
            16.594211,
            49.204557
          ],
          [
            16.59418,
            49.204588
          ],
          [
            16.594129,
            49.204574
          ],
          [
            16.594103,
            49.20458
          ],
          [
            16.593932,
            49.204641
          ],
          [
            16.593886,
            49.204615
          ],
          [
            16.59386,
            49.204595
          ],
          [
            16.593818,
            49.204592
          ],
          [
            16.593762,
            49.204571
          ],
          [
            16.593737,
            49.204547
          ],
          [
            16.593687,
            49.204505
          ],
          [
            16.593696,
            49.204485
          ],
          [
            16.593708,
            49.204457
          ],
          [
            16.593696,
            49.204399
          ],
          [
            16.593691,
            49.204393
          ],
          [
            16.59369,
            49.204392
          ],
          [
            16.593537,
            49.204216
          ],
          [
            16.593361,
            49.204018
          ],
          [
            16.593254,
            49.203893
          ],
          [
            16.593189,
            49.203816
          ],
          [
            16.593178,
            49.203803
          ],
          [
            16.593126,
            49.203775
          ],
          [
            16.593121,
            49.203767
          ],
          [
            16.592996,
            49.203554
          ],
          [
            16.592978,
            49.20352
          ],
          [
            16.592926,
            49.203421
          ],
          [
            16.592861,
            49.203313
          ],
          [
            16.592716,
            49.202934
          ],
          [
            16.59264,
            49.202615
          ],
          [
            16.592622,
            49.202363
          ],
          [
            16.59264,
            49.202144
          ],
          [
            16.592651,
            49.202012
          ],
          [
            16.592666,
            49.20184
          ],
          [
            16.592757,
            49.201172
          ],
          [
            16.592822,
            49.200834
          ],
          [
            16.592906,
            49.200458
          ],
          [
            16.592912,
            49.200408
          ],
          [
            16.592894,
            49.200368
          ],
          [
            16.592897,
            49.200336
          ],
          [
            16.592919,
            49.20025
          ],
          [
            16.592939,
            49.20023
          ],
          [
            16.592991,
            49.200203
          ],
          [
            16.593165,
            49.199675
          ],
          [
            16.59331,
            49.199214
          ],
          [
            16.593343,
            49.199193
          ],
          [
            16.593316,
            49.199156
          ],
          [
            16.593341,
            49.199077
          ],
          [
            16.593372,
            49.199047
          ],
          [
            16.593498,
            49.198654
          ],
          [
            16.593533,
            49.198516
          ],
          [
            16.593526,
            49.198496
          ],
          [
            16.593502,
            49.198421
          ],
          [
            16.593415,
            49.198366
          ],
          [
            16.593439,
            49.198334
          ],
          [
            16.593439,
            49.198216
          ],
          [
            16.593437,
            49.198216
          ],
          [
            16.593439,
            49.198201
          ],
          [
            16.593534,
            49.1982
          ],
          [
            16.59357,
            49.198195
          ],
          [
            16.593599,
            49.198186
          ],
          [
            16.593615,
            49.198175
          ],
          [
            16.593643,
            49.198154
          ],
          [
            16.593644,
            49.198153
          ],
          [
            16.593656,
            49.198133
          ],
          [
            16.593702,
            49.197995
          ],
          [
            16.593712,
            49.197966
          ],
          [
            16.593746,
            49.197868
          ],
          [
            16.59379,
            49.197738
          ],
          [
            16.593832,
            49.197625
          ],
          [
            16.59387,
            49.19751
          ],
          [
            16.593919,
            49.19736
          ],
          [
            16.593951,
            49.197276
          ],
          [
            16.593968,
            49.197203
          ],
          [
            16.594,
            49.197195
          ],
          [
            16.594144,
            49.197217
          ],
          [
            16.594175,
            49.197195
          ],
          [
            16.594206,
            49.197157
          ],
          [
            16.594222,
            49.197104
          ],
          [
            16.594225,
            49.197093
          ],
          [
            16.59424,
            49.197056
          ],
          [
            16.594242,
            49.197051
          ],
          [
            16.594347,
            49.196758
          ],
          [
            16.594402,
            49.196608
          ],
          [
            16.594515,
            49.196311
          ],
          [
            16.594741,
            49.19571
          ],
          [
            16.594978,
            49.195077
          ],
          [
            16.594997,
            49.195026
          ],
          [
            16.595162,
            49.194585
          ],
          [
            16.595208,
            49.194462
          ],
          [
            16.595376,
            49.194007
          ],
          [
            16.595417,
            49.193891
          ],
          [
            16.595575,
            49.193463
          ],
          [
            16.595728,
            49.193048
          ],
          [
            16.595802,
            49.192827
          ],
          [
            16.595837,
            49.192742
          ],
          [
            16.595849,
            49.192712
          ],
          [
            16.595892,
            49.192711
          ],
          [
            16.595901,
            49.192711
          ],
          [
            16.59607,
            49.192713
          ],
          [
            16.596245,
            49.192717
          ],
          [
            16.596417,
            49.192721
          ],
          [
            16.596987,
            49.192736
          ],
          [
            16.597229,
            49.192742
          ],
          [
            16.597661,
            49.192751
          ],
          [
            16.597677,
            49.192748
          ],
          [
            16.5977,
            49.192713
          ],
          [
            16.597679,
            49.192672
          ],
          [
            16.597252,
            49.192664
          ],
          [
            16.596845,
            49.192654
          ],
          [
            16.596836,
            49.192654
          ],
          [
            16.596342,
            49.192644
          ],
          [
            16.595912,
            49.192632
          ],
          [
            16.595893,
            49.19263
          ],
          [
            16.595859,
            49.19262
          ],
          [
            16.595838,
            49.192601
          ],
          [
            16.595838,
            49.192466
          ],
          [
            16.595828,
            49.192065
          ],
          [
            16.595828,
            49.191904
          ],
          [
            16.59582,
            49.191691
          ],
          [
            16.59582,
            49.19169
          ],
          [
            16.595864,
            49.191648
          ],
          [
            16.595934,
            49.191626
          ],
          [
            16.595977,
            49.191602
          ],
          [
            16.596012,
            49.191513
          ],
          [
            16.596017,
            49.191501
          ],
          [
            16.5959,
            49.191481
          ],
          [
            16.595857,
            49.191473
          ],
          [
            16.595851,
            49.191468
          ],
          [
            16.595835,
            49.191456
          ],
          [
            16.59581,
            49.191427
          ],
          [
            16.595797,
            49.191243
          ],
          [
            16.595797,
            49.191214
          ],
          [
            16.595801,
            49.191177
          ],
          [
            16.595893,
            49.190951
          ],
          [
            16.595876,
            49.190952
          ],
          [
            16.595649,
            49.190909
          ],
          [
            16.595604,
            49.190908
          ],
          [
            16.595579,
            49.190917
          ],
          [
            16.595466,
            49.19078
          ],
          [
            16.595298,
            49.190578
          ],
          [
            16.595176,
            49.190431
          ],
          [
            16.595067,
            49.190362
          ],
          [
            16.59497,
            49.190334
          ],
          [
            16.594781,
            49.190296
          ],
          [
            16.594587,
            49.190257
          ],
          [
            16.594274,
            49.190197
          ],
          [
            16.594231,
            49.190189
          ],
          [
            16.594081,
            49.190152
          ],
          [
            16.593857,
            49.190108
          ],
          [
            16.593627,
            49.190063
          ],
          [
            16.59325,
            49.189989
          ],
          [
            16.593297,
            49.189972
          ],
          [
            16.593398,
            49.189933
          ],
          [
            16.593448,
            49.189921
          ],
          [
            16.593588,
            49.189914
          ],
          [
            16.593784,
            49.189914
          ],
          [
            16.593786,
            49.189897
          ],
          [
            16.593776,
            49.189863
          ],
          [
            16.593778,
            49.189841
          ],
          [
            16.593765,
            49.189785
          ],
          [
            16.593796,
            49.18976
          ],
          [
            16.59385,
            49.189712
          ],
          [
            16.593929,
            49.189619
          ],
          [
            16.594014,
            49.189518
          ],
          [
            16.594133,
            49.189343
          ],
          [
            16.594285,
            49.189111
          ],
          [
            16.594285,
            49.189051
          ],
          [
            16.594284,
            49.188947
          ],
          [
            16.59426,
            49.18885
          ],
          [
            16.594326,
            49.188838
          ],
          [
            16.594586,
            49.188742
          ],
          [
            16.594603,
            49.18873
          ],
          [
            16.59454,
            49.188686
          ],
          [
            16.594419,
            49.188547
          ],
          [
            16.594366,
            49.188487
          ],
          [
            16.594366,
            49.188486
          ],
          [
            16.594316,
            49.18843
          ],
          [
            16.594285,
            49.188361
          ],
          [
            16.59427,
            49.188298
          ],
          [
            16.594264,
            49.188274
          ],
          [
            16.594243,
            49.188093
          ],
          [
            16.594244,
            49.188084
          ],
          [
            16.594248,
            49.188017
          ],
          [
            16.594278,
            49.187863
          ],
          [
            16.594284,
            49.187833
          ],
          [
            16.594388,
            49.187649
          ],
          [
            16.59453,
            49.187513
          ],
          [
            16.594594,
            49.187457
          ],
          [
            16.594655,
            49.18742
          ],
          [
            16.594662,
            49.187416
          ],
          [
            16.594711,
            49.187386
          ],
          [
            16.594761,
            49.187374
          ],
          [
            16.594776,
            49.18736
          ],
          [
            16.59492,
            49.187295
          ],
          [
            16.594953,
            49.187282
          ],
          [
            16.595033,
            49.187252
          ],
          [
            16.595014,
            49.187238
          ],
          [
            16.594989,
            49.187217
          ],
          [
            16.594968,
            49.187193
          ],
          [
            16.594915,
            49.187163
          ],
          [
            16.594973,
            49.186921
          ],
          [
            16.594952,
            49.186917
          ],
          [
            16.594728,
            49.186872
          ],
          [
            16.594712,
            49.186831
          ],
          [
            16.594742,
            49.186708
          ],
          [
            16.594794,
            49.186702
          ],
          [
            16.594842,
            49.186676
          ],
          [
            16.595057,
            49.186707
          ],
          [
            16.595066,
            49.186707
          ],
          [
            16.59519,
            49.186716
          ],
          [
            16.595158,
            49.186706
          ],
          [
            16.595252,
            49.18641
          ],
          [
            16.595296,
            49.18627
          ],
          [
            16.595302,
            49.18625
          ],
          [
            16.595288,
            49.186207
          ],
          [
            16.59522,
            49.186206
          ],
          [
            16.595223,
            49.186164
          ],
          [
            16.595223,
            49.186153
          ],
          [
            16.595241,
            49.186086
          ],
          [
            16.595294,
            49.185853
          ],
          [
            16.595321,
            49.185678
          ],
          [
            16.595334,
            49.185565
          ],
          [
            16.595338,
            49.185485
          ],
          [
            16.595351,
            49.185301
          ],
          [
            16.595354,
            49.185274
          ],
          [
            16.595361,
            49.185204
          ],
          [
            16.595332,
            49.185047
          ],
          [
            16.595332,
            49.185002
          ],
          [
            16.595333,
            49.184932
          ],
          [
            16.595331,
            49.184883
          ],
          [
            16.595351,
            49.184857
          ],
          [
            16.595347,
            49.184837
          ],
          [
            16.59533,
            49.184758
          ],
          [
            16.595324,
            49.184721
          ],
          [
            16.595292,
            49.184526
          ],
          [
            16.595292,
            49.184524
          ],
          [
            16.595241,
            49.184236
          ],
          [
            16.595196,
            49.1839
          ],
          [
            16.595191,
            49.183864
          ],
          [
            16.595191,
            49.183863
          ],
          [
            16.595141,
            49.183551
          ],
          [
            16.595141,
            49.183549
          ],
          [
            16.595126,
            49.183414
          ],
          [
            16.595098,
            49.183269
          ],
          [
            16.595041,
            49.182934
          ],
          [
            16.595007,
            49.182721
          ],
          [
            16.595006,
            49.182716
          ],
          [
            16.595005,
            49.182693
          ],
          [
            16.59502,
            49.182662
          ],
          [
            16.59501,
            49.1826
          ],
          [
            16.595021,
            49.182568
          ],
          [
            16.594983,
            49.18255
          ],
          [
            16.594965,
            49.182431
          ],
          [
            16.594933,
            49.182435
          ],
          [
            16.594685,
            49.182452
          ],
          [
            16.59466,
            49.18242
          ],
          [
            16.594645,
            49.182351
          ],
          [
            16.594644,
            49.18234
          ],
          [
            16.594642,
            49.182324
          ],
          [
            16.594641,
            49.182318
          ],
          [
            16.594637,
            49.182286
          ],
          [
            16.594633,
            49.182262
          ],
          [
            16.594647,
            49.182261
          ],
          [
            16.594644,
            49.182245
          ],
          [
            16.594637,
            49.1822
          ],
          [
            16.594626,
            49.182103
          ],
          [
            16.594619,
            49.182057
          ],
          [
            16.594595,
            49.181903
          ],
          [
            16.594597,
            49.181861
          ],
          [
            16.5946,
            49.181787
          ],
          [
            16.594595,
            49.181703
          ],
          [
            16.594608,
            49.181516
          ],
          [
            16.594633,
            49.181399
          ],
          [
            16.594697,
            49.181104
          ],
          [
            16.594716,
            49.181104
          ],
          [
            16.594769,
            49.180878
          ],
          [
            16.59481,
            49.18069
          ],
          [
            16.594812,
            49.180679
          ],
          [
            16.595024,
            49.179802
          ],
          [
            16.595064,
            49.179635
          ],
          [
            16.595134,
            49.179343
          ],
          [
            16.595174,
            49.179197
          ],
          [
            16.595178,
            49.179182
          ],
          [
            16.595183,
            49.179165
          ],
          [
            16.595217,
            49.179042
          ],
          [
            16.595218,
            49.179033
          ],
          [
            16.59522,
            49.179013
          ],
          [
            16.595235,
            49.178986
          ],
          [
            16.595248,
            49.178921
          ],
          [
            16.595262,
            49.178885
          ],
          [
            16.595392,
            49.1784
          ],
          [
            16.595381,
            49.178378
          ],
          [
            16.595352,
            49.178348
          ],
          [
            16.595297,
            49.178282
          ],
          [
            16.595252,
            49.178221
          ],
          [
            16.595193,
            49.178114
          ],
          [
            16.595171,
            49.178054
          ],
          [
            16.595154,
            49.178
          ],
          [
            16.595167,
            49.177929
          ],
          [
            16.595174,
            49.177889
          ],
          [
            16.595202,
            49.17776
          ],
          [
            16.59522,
            49.177662
          ],
          [
            16.595243,
            49.177552
          ],
          [
            16.595257,
            49.177482
          ],
          [
            16.595256,
            49.177371
          ],
          [
            16.595253,
            49.177181
          ],
          [
            16.595297,
            49.177168
          ],
          [
            16.595349,
            49.177154
          ],
          [
            16.595364,
            49.177173
          ],
          [
            16.595431,
            49.177349
          ],
          [
            16.595456,
            49.177451
          ],
          [
            16.595468,
            49.177542
          ],
          [
            16.595505,
            49.177426
          ],
          [
            16.595615,
            49.177103
          ],
          [
            16.595727,
            49.176772
          ],
          [
            16.595966,
            49.176017
          ],
          [
            16.596105,
            49.175428
          ],
          [
            16.596113,
            49.175399
          ],
          [
            16.596273,
            49.174787
          ],
          [
            16.596529,
            49.173772
          ],
          [
            16.596665,
            49.173231
          ],
          [
            16.59674,
            49.172984
          ],
          [
            16.596836,
            49.172759
          ],
          [
            16.596893,
            49.17265
          ],
          [
            16.596935,
            49.172546
          ],
          [
            16.596996,
            49.172392
          ],
          [
            16.597085,
            49.17209
          ],
          [
            16.597227,
            49.171554
          ],
          [
            16.597307,
            49.171267
          ],
          [
            16.59734,
            49.17115
          ],
          [
            16.597381,
            49.170966
          ],
          [
            16.597476,
            49.170674
          ],
          [
            16.597638,
            49.170192
          ],
          [
            16.597756,
            49.169877
          ],
          [
            16.597941,
            49.169338
          ],
          [
            16.598321,
            49.168166
          ],
          [
            16.598527,
            49.167502
          ],
          [
            16.598607,
            49.167303
          ],
          [
            16.598695,
            49.167087
          ],
          [
            16.598759,
            49.166875
          ],
          [
            16.598774,
            49.1667
          ],
          [
            16.598869,
            49.165574
          ],
          [
            16.598922,
            49.164984
          ],
          [
            16.598971,
            49.16433
          ],
          [
            16.599114,
            49.162973
          ],
          [
            16.599119,
            49.162923
          ],
          [
            16.599129,
            49.162821
          ],
          [
            16.599136,
            49.162751
          ],
          [
            16.599152,
            49.1626
          ],
          [
            16.599191,
            49.162291
          ],
          [
            16.599231,
            49.16205
          ],
          [
            16.599387,
            49.161048
          ],
          [
            16.599571,
            49.159986
          ],
          [
            16.599602,
            49.159804
          ],
          [
            16.599968,
            49.157684
          ],
          [
            16.600004,
            49.157474
          ],
          [
            16.600013,
            49.157424
          ],
          [
            16.600019,
            49.15739
          ],
          [
            16.600321,
            49.155623
          ],
          [
            16.600378,
            49.155299
          ],
          [
            16.600709,
            49.153373
          ],
          [
            16.601044,
            49.151409
          ],
          [
            16.601369,
            49.149485
          ],
          [
            16.601582,
            49.148283
          ],
          [
            16.601936,
            49.146226
          ],
          [
            16.602145,
            49.145025
          ],
          [
            16.602311,
            49.144061
          ],
          [
            16.602496,
            49.14294
          ],
          [
            16.602854,
            49.140907
          ],
          [
            16.603199,
            49.138858
          ],
          [
            16.603416,
            49.137208
          ]
        ]
      },
      "properties": {
        "route_id": 5,
        "name": "Janouškova 2 → Home 3 (safe)",
        "type": "safe",
        "length_m": 14253.1,
        "hazard_count": 0,
        "cool_count": 1,
        "risk_score": 0,
        "shade_score": 1
      }
    },
    {
      "type": "Feature",
      "geometry": {
        "type": "LineString",
        "coordinates": [
          [
            16.622578,
            49.219694
          ],
          [
            16.62254,
            49.219629
          ],
          [
            16.62244,
            49.21946
          ],
          [
            16.622427,
            49.219448
          ],
          [
            16.622401,
            49.219404
          ],
          [
            16.62237,
            49.219383
          ],
          [
            16.621438,
            49.219622
          ],
          [
            16.621414,
            49.219628
          ],
          [
            16.620474,
            49.219863
          ],
          [
            16.620466,
            49.219852
          ],
          [
            16.620241,
            49.219516
          ],
          [
            16.620239,
            49.21949
          ],
          [
            16.620127,
            49.219531
          ],
          [
            16.620038,
            49.219462
          ],
          [
            16.620023,
            49.219448
          ],
          [
            16.619897,
            49.219341
          ],
          [
            16.619865,
            49.219314
          ],
          [
            16.619688,
            49.219157
          ],
          [
            16.61954,
            49.219025
          ],
          [
            16.619394,
            49.218898
          ],
          [
            16.61925,
            49.218766
          ],
          [
            16.61909,
            49.218634
          ],
          [
            16.618911,
            49.218477
          ],
          [
            16.618961,
            49.218449
          ],
          [
            16.619,
            49.218429
          ],
          [
            16.619047,
            49.218459
          ],
          [
            16.619211,
            49.218601
          ],
          [
            16.619245,
            49.218625
          ],
          [
            16.619248,
            49.21863
          ],
          [
            16.619279,
            49.21864
          ],
          [
            16.619312,
            49.218642
          ],
          [
            16.619346,
            49.218637
          ],
          [
            16.619378,
            49.218622
          ],
          [
            16.619399,
            49.218602
          ],
          [
            16.619482,
            49.218474
          ],
          [
            16.619578,
            49.218328
          ],
          [
            16.619674,
            49.218178
          ],
          [
            16.619774,
            49.218028
          ],
          [
            16.619874,
            49.217878
          ],
          [
            16.619951,
            49.217766
          ],
          [
            16.619982,
            49.217735
          ],
          [
            16.620009,
            49.21772
          ],
          [
            16.620063,
            49.217698
          ],
          [
            16.620113,
            49.217684
          ],
          [
            16.620187,
            49.217668
          ],
          [
            16.620259,
            49.217556
          ],
          [
            16.620445,
            49.217267
          ],
          [
            16.620519,
            49.217249
          ],
          [
            16.620482,
            49.217215
          ],
          [
            16.620505,
            49.217163
          ],
          [
            16.62055,
            49.217138
          ],
          [
            16.620577,
            49.217128
          ],
          [
            16.620602,
            49.2171
          ],
          [
            16.621853,
            49.215156
          ],
          [
            16.622092,
            49.214789
          ],
          [
            16.62212,
            49.214692
          ],
          [
            16.622252,
            49.21449
          ],
          [
            16.622386,
            49.214286
          ],
          [
            16.622429,
            49.214251
          ],
          [
            16.62257,
            49.214288
          ],
          [
            16.622601,
            49.214293
          ],
          [
            16.622652,
            49.214265
          ],
          [
            16.622688,
            49.214254
          ],
          [
            16.622729,
            49.214253
          ],
          [
            16.622756,
            49.214241
          ],
          [
            16.622833,
            49.214129
          ],
          [
            16.622896,
            49.214129
          ],
          [
            16.622944,
            49.214146
          ],
          [
            16.622954,
            49.214131
          ],
          [
            16.622955,
            49.214131
          ],
          [
            16.623039,
            49.214002
          ],
          [
            16.623235,
            49.213913
          ],
          [
            16.624042,
            49.21356
          ],
          [
            16.624646,
            49.213296
          ],
          [
            16.624676,
            49.213262
          ],
          [
            16.624643,
            49.213226
          ],
          [
            16.62463,
            49.213198
          ],
          [
            16.624647,
            49.21317
          ],
          [
            16.624736,
            49.213132
          ],
          [
            16.624769,
            49.213111
          ],
          [
            16.624806,
            49.213003
          ],
          [
            16.62483,
            49.212955
          ],
          [
            16.624717,
            49.212782
          ],
          [
            16.624635,
            49.212633
          ],
          [
            16.624673,
            49.212606
          ],
          [
            16.624744,
            49.212563
          ],
          [
            16.624801,
            49.212528
          ],
          [
            16.624851,
            49.212494
          ],
          [
            16.624951,
            49.212411
          ],
          [
            16.624943,
            49.21239
          ],
          [
            16.624933,
            49.212367
          ],
          [
            16.624906,
            49.212316
          ],
          [
            16.624901,
            49.212273
          ],
          [
            16.624455,
            49.211426
          ],
          [
            16.624021,
            49.210599
          ],
          [
            16.623947,
            49.210443
          ],
          [
            16.623934,
            49.210427
          ],
          [
            16.62392,
            49.210388
          ],
          [
            16.623893,
            49.210323
          ],
          [
            16.623879,
            49.210288
          ],
          [
            16.623876,
            49.210265
          ],
          [
            16.623776,
            49.209981
          ],
          [
            16.623722,
            49.209807
          ],
          [
            16.623676,
            49.209608
          ],
          [
            16.623671,
            49.209587
          ],
          [
            16.62365,
            49.209558
          ],
          [
            16.623638,
            49.209502
          ],
          [
            16.623623,
            49.209483
          ],
          [
            16.623654,
            49.209446
          ],
          [
            16.623654,
            49.209445
          ],
          [
            16.623628,
            49.209251
          ],
          [
            16.62362,
            49.209196
          ],
          [
            16.623612,
            49.209088
          ],
          [
            16.62361,
            49.20906
          ],
          [
            16.623609,
            49.209029
          ],
          [
            16.623606,
            49.208821
          ],
          [
            16.623613,
            49.208715
          ],
          [
            16.623621,
            49.208586
          ],
          [
            16.623638,
            49.208403
          ],
          [
            16.623652,
            49.208309
          ],
          [
            16.623667,
            49.208208
          ],
          [
            16.623708,
            49.208018
          ],
          [
            16.623698,
            49.207992
          ],
          [
            16.62372,
            49.207961
          ],
          [
            16.62373,
            49.207911
          ],
          [
            16.62375,
            49.207872
          ],
          [
            16.623802,
            49.207709
          ],
          [
            16.623835,
            49.207605
          ],
          [
            16.623846,
            49.207569
          ],
          [
            16.623896,
            49.207443
          ],
          [
            16.62397,
            49.207252
          ],
          [
            16.624041,
            49.207073
          ],
          [
            16.624119,
            49.20689
          ],
          [
            16.624159,
            49.206794
          ],
          [
            16.624162,
            49.206766
          ],
          [
            16.624166,
            49.206738
          ],
          [
            16.624192,
            49.206669
          ],
          [
            16.624224,
            49.20663
          ],
          [
            16.62425,
            49.206564
          ],
          [
            16.624326,
            49.206385
          ],
          [
            16.624388,
            49.206228
          ],
          [
            16.624392,
            49.206215
          ],
          [
            16.624395,
            49.206204
          ],
          [
            16.624399,
            49.206168
          ],
          [
            16.624427,
            49.2061
          ],
          [
            16.624413,
            49.206074
          ],
          [
            16.62445,
            49.206051
          ],
          [
            16.624515,
            49.206065
          ],
          [
            16.624602,
            49.206078
          ],
          [
            16.624657,
            49.206104
          ],
          [
            16.624679,
            49.206027
          ],
          [
            16.624694,
            49.205974
          ],
          [
            16.624717,
            49.205785
          ],
          [
            16.624713,
            49.205706
          ],
          [
            16.624696,
            49.205573
          ],
          [
            16.624681,
            49.205494
          ],
          [
            16.624625,
            49.205305
          ],
          [
            16.624607,
            49.205225
          ],
          [
            16.624564,
            49.205097
          ],
          [
            16.624548,
            49.205057
          ],
          [
            16.624524,
            49.205011
          ],
          [
            16.624482,
            49.204942
          ],
          [
            16.624432,
            49.204885
          ],
          [
            16.624335,
            49.204787
          ],
          [
            16.624218,
            49.204686
          ],
          [
            16.624173,
            49.204647
          ],
          [
            16.624131,
            49.204608
          ],
          [
            16.624104,
            49.204574
          ],
          [
            16.624088,
            49.204536
          ],
          [
            16.624086,
            49.204491
          ],
          [
            16.62409,
            49.20446
          ],
          [
            16.624099,
            49.204404
          ],
          [
            16.624123,
            49.204352
          ],
          [
            16.624157,
            49.204308
          ],
          [
            16.624149,
            49.204291
          ],
          [
            16.624076,
            49.20426
          ],
          [
            16.624047,
            49.204248
          ],
          [
            16.623983,
            49.204222
          ],
          [
            16.623951,
            49.204209
          ],
          [
            16.623903,
            49.204191
          ],
          [
            16.623754,
            49.204163
          ],
          [
            16.624072,
            49.203908
          ],
          [
            16.624089,
            49.203909
          ],
          [
            16.624516,
            49.203569
          ],
          [
            16.624546,
            49.203544
          ],
          [
            16.624574,
            49.203518
          ],
          [
            16.624581,
            49.203484
          ],
          [
            16.624589,
            49.203448
          ],
          [
            16.624612,
            49.203258
          ],
          [
            16.62473,
            49.202289
          ],
          [
            16.62474,
            49.202277
          ],
          [
            16.624685,
            49.202272
          ],
          [
            16.624607,
            49.202272
          ],
          [
            16.624445,
            49.202269
          ],
          [
            16.624181,
            49.202263
          ],
          [
            16.623818,
            49.202252
          ],
          [
            16.623682,
            49.202249
          ],
          [
            16.623252,
            49.202236
          ],
          [
            16.623168,
            49.202234
          ],
          [
            16.623168,
            49.202233
          ],
          [
            16.622646,
            49.202221
          ],
          [
            16.622377,
            49.202213
          ],
          [
            16.622164,
            49.202212
          ],
          [
            16.62183,
            49.202201
          ],
          [
            16.621444,
            49.202187
          ],
          [
            16.621301,
            49.202182
          ],
          [
            16.621187,
            49.202173
          ],
          [
            16.621043,
            49.202164
          ],
          [
            16.620861,
            49.202149
          ],
          [
            16.620746,
            49.20214
          ],
          [
            16.620377,
            49.202097
          ],
          [
            16.620229,
            49.20208
          ],
          [
            16.620091,
            49.20204
          ],
          [
            16.619891,
            49.201986
          ],
          [
            16.619691,
            49.201933
          ],
          [
            16.619438,
            49.201868
          ],
          [
            16.619052,
            49.201764
          ],
          [
            16.619005,
            49.201755
          ],
          [
            16.618992,
            49.201769
          ],
          [
            16.618957,
            49.201808
          ],
          [
            16.618902,
            49.201969
          ],
          [
            16.618845,
            49.202123
          ],
          [
            16.618781,
            49.202354
          ],
          [
            16.618749,
            49.202474
          ],
          [
            16.61874,
            49.202523
          ],
          [
            16.618803,
            49.202654
          ],
          [
            16.618863,
            49.202833
          ],
          [
            16.618869,
            49.20285
          ],
          [
            16.61879,
            49.202811
          ],
          [
            16.618752,
            49.202793
          ],
          [
            16.618683,
            49.202759
          ],
          [
            16.618596,
            49.20272
          ],
          [
            16.618507,
            49.202688
          ],
          [
            16.618477,
            49.20268
          ],
          [
            16.618279,
            49.202627
          ],
          [
            16.618149,
            49.202591
          ],
          [
            16.618091,
            49.202569
          ],
          [
            16.617964,
            49.202519
          ],
          [
            16.617678,
            49.202397
          ],
          [
            16.617368,
            49.202271
          ],
          [
            16.616933,
            49.202089
          ],
          [
            16.616652,
            49.201971
          ],
          [
            16.616505,
            49.201911
          ],
          [
            16.616198,
            49.201783
          ],
          [
            16.615959,
            49.201683
          ],
          [
            16.615778,
            49.201605
          ],
          [
            16.615749,
            49.201591
          ],
          [
            16.615728,
            49.201576
          ],
          [
            16.615725,
            49.201559
          ],
          [
            16.615733,
            49.201542
          ],
          [
            16.615711,
            49.201514
          ],
          [
            16.615687,
            49.201465
          ],
          [
            16.615628,
            49.201464
          ],
          [
            16.615617,
            49.201463
          ],
          [
            16.615551,
            49.201454
          ],
          [
            16.615505,
            49.201455
          ],
          [
            16.615444,
            49.201466
          ],
          [
            16.615424,
            49.20147
          ],
          [
            16.61521,
            49.201397
          ],
          [
            16.615068,
            49.201348
          ],
          [
            16.614539,
            49.201168
          ],
          [
            16.614415,
            49.201124
          ],
          [
            16.61439,
            49.201115
          ],
          [
            16.614328,
            49.201091
          ],
          [
            16.614294,
            49.201066
          ],
          [
            16.614279,
            49.201028
          ],
          [
            16.614262,
            49.201015
          ],
          [
            16.614215,
            49.200998
          ],
          [
            16.614182,
            49.200986
          ],
          [
            16.614068,
            49.200946
          ],
          [
            16.61403,
            49.200932
          ],
          [
            16.613997,
            49.200933
          ],
          [
            16.613942,
            49.200921
          ],
          [
            16.613624,
            49.20081
          ],
          [
            16.613484,
            49.200768
          ],
          [
            16.613318,
            49.20073
          ],
          [
            16.613229,
            49.20071
          ],
          [
            16.613145,
            49.200685
          ],
          [
            16.612904,
            49.200603
          ],
          [
            16.612721,
            49.200542
          ],
          [
            16.612479,
            49.200456
          ],
          [
            16.612354,
            49.200412
          ],
          [
            16.612107,
            49.200331
          ],
          [
            16.611937,
            49.200273
          ],
          [
            16.611687,
            49.200187
          ],
          [
            16.611523,
            49.200127
          ],
          [
            16.611439,
            49.200091
          ],
          [
            16.611288,
            49.200012
          ],
          [
            16.611183,
            49.199959
          ],
          [
            16.611072,
            49.199905
          ],
          [
            16.610865,
            49.199822
          ],
          [
            16.610733,
            49.19976
          ],
          [
            16.610682,
            49.199715
          ],
          [
            16.610669,
            49.199675
          ],
          [
            16.610643,
            49.199661
          ],
          [
            16.610574,
            49.199659
          ],
          [
            16.610564,
            49.19966
          ],
          [
            16.610457,
            49.199649
          ],
          [
            16.610424,
            49.199633
          ],
          [
            16.61038,
            49.199588
          ],
          [
            16.61035,
            49.199574
          ],
          [
            16.610304,
            49.199528
          ],
          [
            16.610246,
            49.199525
          ],
          [
            16.610157,
            49.199557
          ],
          [
            16.610052,
            49.19957
          ],
          [
            16.609928,
            49.199551
          ],
          [
            16.609658,
            49.199452
          ],
          [
            16.609651,
            49.199448
          ],
          [
            16.609624,
            49.199433
          ],
          [
            16.609622,
            49.199376
          ],
          [
            16.609558,
            49.199371
          ],
          [
            16.609506,
            49.199354
          ],
          [
            16.609461,
            49.199339
          ],
          [
            16.609428,
            49.199341
          ],
          [
            16.609385,
            49.199343
          ],
          [
            16.609245,
            49.199286
          ],
          [
            16.609089,
            49.199216
          ],
          [
            16.60872,
            49.199036
          ],
          [
            16.608662,
            49.198993
          ],
          [
            16.608644,
            49.198955
          ],
          [
            16.608648,
            49.198922
          ],
          [
            16.608651,
            49.198892
          ],
          [
            16.608681,
            49.198861
          ],
          [
            16.608678,
            49.198827
          ],
          [
            16.608532,
            49.198681
          ],
          [
            16.608553,
            49.198652
          ],
          [
            16.60844,
            49.198675
          ],
          [
            16.608352,
            49.198692
          ],
          [
            16.608291,
            49.198693
          ],
          [
            16.608222,
            49.19869
          ],
          [
            16.60814,
            49.198677
          ],
          [
            16.608098,
            49.198685
          ],
          [
            16.607865,
            49.198841
          ],
          [
            16.607836,
            49.198846
          ],
          [
            16.607902,
            49.198967
          ],
          [
            16.607908,
            49.199052
          ],
          [
            16.607895,
            49.199146
          ],
          [
            16.607838,
            49.199377
          ],
          [
            16.60778,
            49.199633
          ],
          [
            16.607736,
            49.199892
          ],
          [
            16.607699,
            49.199974
          ],
          [
            16.607625,
            49.200004
          ],
          [
            16.607633,
            49.200046
          ],
          [
            16.607595,
            49.200095
          ],
          [
            16.607584,
            49.200111
          ],
          [
            16.607538,
            49.200167
          ],
          [
            16.607553,
            49.200193
          ],
          [
            16.607614,
            49.200234
          ],
          [
            16.607633,
            49.200276
          ],
          [
            16.60763,
            49.20029
          ],
          [
            16.607625,
            49.200312
          ],
          [
            16.607608,
            49.200388
          ],
          [
            16.60759,
            49.200467
          ],
          [
            16.607572,
            49.200542
          ],
          [
            16.607531,
            49.200688
          ],
          [
            16.607487,
            49.200869
          ],
          [
            16.607431,
            49.201088
          ],
          [
            16.607392,
            49.201248
          ],
          [
            16.607346,
            49.201406
          ],
          [
            16.607286,
            49.201642
          ],
          [
            16.607245,
            49.201798
          ],
          [
            16.607189,
            49.202008
          ],
          [
            16.60713,
            49.202201
          ],
          [
            16.607085,
            49.202314
          ],
          [
            16.607014,
            49.202521
          ],
          [
            16.606921,
            49.202776
          ],
          [
            16.606888,
            49.202859
          ],
          [
            16.60688,
            49.202879
          ],
          [
            16.606879,
            49.20288
          ],
          [
            16.606886,
            49.202921
          ],
          [
            16.606879,
            49.202928
          ],
          [
            16.606832,
            49.203024
          ],
          [
            16.606814,
            49.203044
          ],
          [
            16.60681,
            49.20307
          ],
          [
            16.60649,
            49.203679
          ],
          [
            16.60648,
            49.203697
          ],
          [
            16.606458,
            49.20373
          ],
          [
            16.606454,
            49.203744
          ],
          [
            16.606384,
            49.203839
          ],
          [
            16.606381,
            49.203866
          ],
          [
            16.606382,
            49.203888
          ],
          [
            16.6062,
            49.204202
          ],
          [
            16.60606,
            49.204442
          ],
          [
            16.605827,
            49.204838
          ],
          [
            16.605527,
            49.205351
          ],
          [
            16.605324,
            49.205704
          ],
          [
            16.605259,
            49.205781
          ],
          [
            16.605235,
            49.205817
          ],
          [
            16.605212,
            49.205853
          ],
          [
            16.605166,
            49.205925
          ],
          [
            16.605172,
            49.205947
          ],
          [
            16.605051,
            49.206164
          ],
          [
            16.604759,
            49.206651
          ],
          [
            16.604502,
            49.207109
          ],
          [
            16.604426,
            49.207231
          ],
          [
            16.604288,
            49.207455
          ],
          [
            16.604267,
            49.207488
          ],
          [
            16.604234,
            49.207541
          ],
          [
            16.604172,
            49.207544
          ],
          [
            16.604158,
            49.207541
          ],
          [
            16.604122,
            49.207534
          ],
          [
            16.604013,
            49.207512
          ],
          [
            16.603916,
            49.207492
          ],
          [
            16.603915,
            49.207493
          ],
          [
            16.603822,
            49.207512
          ],
          [
            16.603412,
            49.207421
          ],
          [
            16.602492,
            49.207215
          ],
          [
            16.602007,
            49.207094
          ],
          [
            16.601892,
            49.20707
          ],
          [
            16.601876,
            49.207067
          ],
          [
            16.601889,
            49.207036
          ],
          [
            16.601826,
            49.207034
          ],
          [
            16.601749,
            49.207017
          ],
          [
            16.601683,
            49.207025
          ],
          [
            16.601624,
            49.207014
          ],
          [
            16.601459,
            49.206974
          ],
          [
            16.600901,
            49.206839
          ],
          [
            16.60036,
            49.2067
          ],
          [
            16.600306,
            49.206684
          ],
          [
            16.600306,
            49.206683
          ],
          [
            16.600245,
            49.206665
          ],
          [
            16.600234,
            49.206662
          ],
          [
            16.600176,
            49.20664
          ],
          [
            16.600151,
            49.206614
          ],
          [
            16.600085,
            49.206608
          ],
          [
            16.599568,
            49.206419
          ],
          [
            16.599538,
            49.206408
          ],
          [
            16.599538,
            49.206407
          ],
          [
            16.599148,
            49.206258
          ],
          [
            16.599044,
            49.206218
          ],
          [
            16.598986,
            49.206201
          ],
          [
            16.59897,
            49.20619
          ],
          [
            16.59891,
            49.206163
          ],
          [
            16.598858,
            49.206148
          ],
          [
            16.598168,
            49.205895
          ],
          [
            16.597506,
            49.205639
          ],
          [
            16.597448,
            49.20566
          ],
          [
            16.59735,
            49.205758
          ],
          [
            16.597327,
            49.205759
          ],
          [
            16.597271,
            49.205755
          ],
          [
            16.597236,
            49.205761
          ],
          [
            16.597122,
            49.205712
          ],
          [
            16.597095,
            49.205671
          ],
          [
            16.597079,
            49.205663
          ],
          [
            16.597071,
            49.205658
          ],
          [
            16.596932,
            49.205581
          ],
          [
            16.596173,
            49.205204
          ],
          [
            16.59533,
            49.204783
          ],
          [
            16.595281,
            49.204766
          ],
          [
            16.59526,
            49.204758
          ],
          [
            16.595239,
            49.204764
          ],
          [
            16.595175,
            49.204771
          ],
          [
            16.594991,
            49.204663
          ],
          [
            16.594965,
            49.204627
          ],
          [
            16.594897,
            49.204623
          ],
          [
            16.594836,
            49.204619
          ],
          [
            16.594568,
            49.204594
          ],
          [
            16.59448,
            49.204585
          ],
          [
            16.59424,
            49.20456
          ],
          [
            16.594239,
            49.20456
          ],
          [
            16.594211,
            49.204557
          ],
          [
            16.59418,
            49.204588
          ],
          [
            16.594129,
            49.204574
          ],
          [
            16.594103,
            49.20458
          ],
          [
            16.593932,
            49.204641
          ],
          [
            16.593886,
            49.204615
          ],
          [
            16.59386,
            49.204595
          ],
          [
            16.593818,
            49.204592
          ],
          [
            16.593762,
            49.204571
          ],
          [
            16.593737,
            49.204547
          ],
          [
            16.593687,
            49.204505
          ],
          [
            16.593696,
            49.204485
          ],
          [
            16.593708,
            49.204457
          ],
          [
            16.593696,
            49.204399
          ],
          [
            16.593691,
            49.204393
          ],
          [
            16.59369,
            49.204392
          ],
          [
            16.593537,
            49.204216
          ],
          [
            16.593361,
            49.204018
          ],
          [
            16.593254,
            49.203893
          ],
          [
            16.593189,
            49.203816
          ],
          [
            16.593178,
            49.203803
          ],
          [
            16.593126,
            49.203775
          ],
          [
            16.593121,
            49.203767
          ],
          [
            16.592996,
            49.203554
          ],
          [
            16.592978,
            49.20352
          ],
          [
            16.592926,
            49.203421
          ],
          [
            16.592861,
            49.203313
          ],
          [
            16.592716,
            49.202934
          ],
          [
            16.59264,
            49.202615
          ],
          [
            16.592622,
            49.202363
          ],
          [
            16.59264,
            49.202144
          ],
          [
            16.592651,
            49.202012
          ],
          [
            16.592666,
            49.20184
          ],
          [
            16.592757,
            49.201172
          ],
          [
            16.592822,
            49.200834
          ],
          [
            16.592906,
            49.200458
          ],
          [
            16.592912,
            49.200408
          ],
          [
            16.592894,
            49.200368
          ],
          [
            16.592897,
            49.200336
          ],
          [
            16.592919,
            49.20025
          ],
          [
            16.592939,
            49.20023
          ],
          [
            16.592991,
            49.200203
          ],
          [
            16.593165,
            49.199675
          ],
          [
            16.59331,
            49.199214
          ],
          [
            16.593343,
            49.199193
          ],
          [
            16.593316,
            49.199156
          ],
          [
            16.593341,
            49.199077
          ],
          [
            16.593372,
            49.199047
          ],
          [
            16.593498,
            49.198654
          ],
          [
            16.593533,
            49.198516
          ],
          [
            16.593526,
            49.198496
          ],
          [
            16.593502,
            49.198421
          ],
          [
            16.593415,
            49.198366
          ],
          [
            16.593439,
            49.198334
          ],
          [
            16.593439,
            49.198216
          ],
          [
            16.593437,
            49.198216
          ],
          [
            16.593439,
            49.198201
          ],
          [
            16.593534,
            49.1982
          ],
          [
            16.59357,
            49.198195
          ],
          [
            16.593599,
            49.198186
          ],
          [
            16.593615,
            49.198175
          ],
          [
            16.593643,
            49.198154
          ],
          [
            16.593644,
            49.198153
          ],
          [
            16.593656,
            49.198133
          ],
          [
            16.593702,
            49.197995
          ],
          [
            16.593712,
            49.197966
          ],
          [
            16.593746,
            49.197868
          ],
          [
            16.59379,
            49.197738
          ],
          [
            16.593832,
            49.197625
          ],
          [
            16.59387,
            49.19751
          ],
          [
            16.593919,
            49.19736
          ],
          [
            16.593951,
            49.197276
          ],
          [
            16.593968,
            49.197203
          ],
          [
            16.594,
            49.197195
          ],
          [
            16.594144,
            49.197217
          ],
          [
            16.594175,
            49.197195
          ],
          [
            16.594206,
            49.197157
          ],
          [
            16.594222,
            49.197104
          ],
          [
            16.594225,
            49.197093
          ],
          [
            16.59424,
            49.197056
          ],
          [
            16.594242,
            49.197051
          ],
          [
            16.594347,
            49.196758
          ],
          [
            16.594402,
            49.196608
          ],
          [
            16.594515,
            49.196311
          ],
          [
            16.594741,
            49.19571
          ],
          [
            16.594978,
            49.195077
          ],
          [
            16.594997,
            49.195026
          ],
          [
            16.595162,
            49.194585
          ],
          [
            16.595208,
            49.194462
          ],
          [
            16.595376,
            49.194007
          ],
          [
            16.595417,
            49.193891
          ],
          [
            16.595575,
            49.193463
          ],
          [
            16.595728,
            49.193048
          ],
          [
            16.595802,
            49.192827
          ],
          [
            16.595837,
            49.192742
          ],
          [
            16.595849,
            49.192712
          ],
          [
            16.595892,
            49.192711
          ],
          [
            16.595901,
            49.192711
          ],
          [
            16.59607,
            49.192713
          ],
          [
            16.596245,
            49.192717
          ],
          [
            16.596417,
            49.192721
          ],
          [
            16.596987,
            49.192736
          ],
          [
            16.597229,
            49.192742
          ],
          [
            16.597661,
            49.192751
          ],
          [
            16.597677,
            49.192748
          ],
          [
            16.5977,
            49.192713
          ],
          [
            16.597679,
            49.192672
          ],
          [
            16.597252,
            49.192664
          ],
          [
            16.596845,
            49.192654
          ],
          [
            16.596836,
            49.192654
          ],
          [
            16.596342,
            49.192644
          ],
          [
            16.595912,
            49.192632
          ],
          [
            16.595893,
            49.19263
          ],
          [
            16.595859,
            49.19262
          ],
          [
            16.595838,
            49.192601
          ],
          [
            16.595838,
            49.192466
          ],
          [
            16.595828,
            49.192065
          ],
          [
            16.595828,
            49.191904
          ],
          [
            16.59582,
            49.191691
          ],
          [
            16.59582,
            49.19169
          ],
          [
            16.595864,
            49.191648
          ],
          [
            16.595934,
            49.191626
          ],
          [
            16.595977,
            49.191602
          ],
          [
            16.596012,
            49.191513
          ],
          [
            16.596017,
            49.191501
          ],
          [
            16.5959,
            49.191481
          ],
          [
            16.595857,
            49.191473
          ],
          [
            16.595851,
            49.191468
          ],
          [
            16.595835,
            49.191456
          ],
          [
            16.59581,
            49.191427
          ],
          [
            16.595797,
            49.191243
          ],
          [
            16.595797,
            49.191214
          ],
          [
            16.595801,
            49.191177
          ],
          [
            16.595893,
            49.190951
          ],
          [
            16.595876,
            49.190952
          ],
          [
            16.595649,
            49.190909
          ],
          [
            16.595604,
            49.190908
          ],
          [
            16.595579,
            49.190917
          ],
          [
            16.595466,
            49.19078
          ],
          [
            16.595298,
            49.190578
          ],
          [
            16.595176,
            49.190431
          ],
          [
            16.595067,
            49.190362
          ],
          [
            16.59497,
            49.190334
          ],
          [
            16.594781,
            49.190296
          ],
          [
            16.594587,
            49.190257
          ],
          [
            16.594274,
            49.190197
          ],
          [
            16.594231,
            49.190189
          ],
          [
            16.594081,
            49.190152
          ],
          [
            16.593857,
            49.190108
          ],
          [
            16.593627,
            49.190063
          ],
          [
            16.59325,
            49.189989
          ],
          [
            16.593297,
            49.189972
          ],
          [
            16.593398,
            49.189933
          ],
          [
            16.593448,
            49.189921
          ],
          [
            16.593588,
            49.189914
          ],
          [
            16.593784,
            49.189914
          ],
          [
            16.593786,
            49.189897
          ],
          [
            16.593776,
            49.189863
          ],
          [
            16.593778,
            49.189841
          ],
          [
            16.593765,
            49.189785
          ],
          [
            16.593796,
            49.18976
          ],
          [
            16.59385,
            49.189712
          ],
          [
            16.593929,
            49.189619
          ],
          [
            16.594014,
            49.189518
          ],
          [
            16.594133,
            49.189343
          ],
          [
            16.594285,
            49.189111
          ],
          [
            16.594285,
            49.189051
          ],
          [
            16.594284,
            49.188947
          ],
          [
            16.59426,
            49.18885
          ],
          [
            16.594326,
            49.188838
          ],
          [
            16.594586,
            49.188742
          ],
          [
            16.594603,
            49.18873
          ],
          [
            16.59454,
            49.188686
          ],
          [
            16.594419,
            49.188547
          ],
          [
            16.594366,
            49.188487
          ],
          [
            16.594366,
            49.188486
          ],
          [
            16.594316,
            49.18843
          ],
          [
            16.594285,
            49.188361
          ],
          [
            16.59427,
            49.188298
          ],
          [
            16.594264,
            49.188274
          ],
          [
            16.594243,
            49.188093
          ],
          [
            16.594244,
            49.188084
          ],
          [
            16.594248,
            49.188017
          ],
          [
            16.594278,
            49.187863
          ],
          [
            16.594284,
            49.187833
          ],
          [
            16.594388,
            49.187649
          ],
          [
            16.59453,
            49.187513
          ],
          [
            16.594594,
            49.187457
          ],
          [
            16.594655,
            49.18742
          ],
          [
            16.594662,
            49.187416
          ],
          [
            16.594711,
            49.187386
          ],
          [
            16.594761,
            49.187374
          ],
          [
            16.594776,
            49.18736
          ],
          [
            16.59492,
            49.187295
          ],
          [
            16.594953,
            49.187282
          ],
          [
            16.595033,
            49.187252
          ],
          [
            16.595014,
            49.187238
          ],
          [
            16.594989,
            49.187217
          ],
          [
            16.594968,
            49.187193
          ],
          [
            16.594915,
            49.187163
          ],
          [
            16.594973,
            49.186921
          ],
          [
            16.594952,
            49.186917
          ],
          [
            16.594728,
            49.186872
          ],
          [
            16.594712,
            49.186831
          ],
          [
            16.594742,
            49.186708
          ],
          [
            16.594794,
            49.186702
          ],
          [
            16.594842,
            49.186676
          ],
          [
            16.595057,
            49.186707
          ],
          [
            16.595066,
            49.186707
          ],
          [
            16.59519,
            49.186716
          ],
          [
            16.595158,
            49.186706
          ],
          [
            16.595252,
            49.18641
          ],
          [
            16.595296,
            49.18627
          ],
          [
            16.595302,
            49.18625
          ],
          [
            16.595288,
            49.186207
          ],
          [
            16.59522,
            49.186206
          ],
          [
            16.595223,
            49.186164
          ],
          [
            16.595223,
            49.186153
          ],
          [
            16.595241,
            49.186086
          ],
          [
            16.595294,
            49.185853
          ],
          [
            16.595321,
            49.185678
          ],
          [
            16.595334,
            49.185565
          ],
          [
            16.595338,
            49.185485
          ],
          [
            16.595351,
            49.185301
          ],
          [
            16.595354,
            49.185274
          ],
          [
            16.595361,
            49.185204
          ],
          [
            16.595332,
            49.185047
          ],
          [
            16.595332,
            49.185002
          ],
          [
            16.595333,
            49.184932
          ],
          [
            16.595331,
            49.184883
          ],
          [
            16.595351,
            49.184857
          ],
          [
            16.595347,
            49.184837
          ],
          [
            16.59533,
            49.184758
          ],
          [
            16.595324,
            49.184721
          ],
          [
            16.595292,
            49.184526
          ],
          [
            16.595292,
            49.184524
          ],
          [
            16.595241,
            49.184236
          ],
          [
            16.595196,
            49.1839
          ],
          [
            16.595191,
            49.183864
          ],
          [
            16.595191,
            49.183863
          ],
          [
            16.595141,
            49.183551
          ],
          [
            16.595141,
            49.183549
          ],
          [
            16.595126,
            49.183414
          ],
          [
            16.595098,
            49.183269
          ],
          [
            16.595041,
            49.182934
          ],
          [
            16.595007,
            49.182721
          ],
          [
            16.595006,
            49.182716
          ],
          [
            16.595005,
            49.182693
          ],
          [
            16.59502,
            49.182662
          ],
          [
            16.59501,
            49.1826
          ],
          [
            16.595021,
            49.182568
          ],
          [
            16.594983,
            49.18255
          ],
          [
            16.594965,
            49.182431
          ],
          [
            16.594933,
            49.182435
          ],
          [
            16.594685,
            49.182452
          ],
          [
            16.59466,
            49.18242
          ],
          [
            16.594645,
            49.182351
          ],
          [
            16.594644,
            49.18234
          ],
          [
            16.594642,
            49.182324
          ],
          [
            16.594641,
            49.182318
          ],
          [
            16.594637,
            49.182286
          ],
          [
            16.594633,
            49.182262
          ],
          [
            16.594647,
            49.182261
          ],
          [
            16.594644,
            49.182245
          ],
          [
            16.594637,
            49.1822
          ],
          [
            16.594626,
            49.182103
          ],
          [
            16.594619,
            49.182057
          ],
          [
            16.594595,
            49.181903
          ],
          [
            16.594597,
            49.181861
          ],
          [
            16.5946,
            49.181787
          ],
          [
            16.594595,
            49.181703
          ],
          [
            16.594608,
            49.181516
          ],
          [
            16.594633,
            49.181399
          ],
          [
            16.594697,
            49.181104
          ],
          [
            16.594716,
            49.181104
          ],
          [
            16.594769,
            49.180878
          ],
          [
            16.59481,
            49.18069
          ],
          [
            16.594812,
            49.180679
          ],
          [
            16.595024,
            49.179802
          ],
          [
            16.595064,
            49.179635
          ],
          [
            16.595134,
            49.179343
          ],
          [
            16.595174,
            49.179197
          ],
          [
            16.595178,
            49.179182
          ],
          [
            16.595183,
            49.179165
          ],
          [
            16.595217,
            49.179042
          ],
          [
            16.595218,
            49.179033
          ],
          [
            16.59522,
            49.179013
          ],
          [
            16.595235,
            49.178986
          ],
          [
            16.595248,
            49.178921
          ],
          [
            16.595262,
            49.178885
          ],
          [
            16.595392,
            49.1784
          ],
          [
            16.595381,
            49.178378
          ],
          [
            16.595352,
            49.178348
          ],
          [
            16.595297,
            49.178282
          ],
          [
            16.595252,
            49.178221
          ],
          [
            16.595193,
            49.178114
          ],
          [
            16.595171,
            49.178054
          ],
          [
            16.595154,
            49.178
          ],
          [
            16.595167,
            49.177929
          ],
          [
            16.595174,
            49.177889
          ],
          [
            16.595202,
            49.17776
          ],
          [
            16.59522,
            49.177662
          ],
          [
            16.595243,
            49.177552
          ],
          [
            16.595257,
            49.177482
          ],
          [
            16.595256,
            49.177371
          ],
          [
            16.595253,
            49.177181
          ],
          [
            16.595297,
            49.177168
          ],
          [
            16.595349,
            49.177154
          ],
          [
            16.595364,
            49.177173
          ],
          [
            16.595431,
            49.177349
          ],
          [
            16.595456,
            49.177451
          ],
          [
            16.595468,
            49.177542
          ],
          [
            16.595505,
            49.177426
          ],
          [
            16.595615,
            49.177103
          ],
          [
            16.595727,
            49.176772
          ],
          [
            16.595966,
            49.176017
          ],
          [
            16.596105,
            49.175428
          ],
          [
            16.596113,
            49.175399
          ],
          [
            16.596273,
            49.174787
          ],
          [
            16.596529,
            49.173772
          ],
          [
            16.596665,
            49.173231
          ],
          [
            16.59674,
            49.172984
          ],
          [
            16.596836,
            49.172759
          ],
          [
            16.596893,
            49.17265
          ],
          [
            16.596935,
            49.172546
          ],
          [
            16.596996,
            49.172392
          ],
          [
            16.597085,
            49.17209
          ],
          [
            16.597227,
            49.171554
          ],
          [
            16.597307,
            49.171267
          ],
          [
            16.59734,
            49.17115
          ],
          [
            16.597381,
            49.170966
          ],
          [
            16.597476,
            49.170674
          ],
          [
            16.597638,
            49.170192
          ],
          [
            16.597756,
            49.169877
          ],
          [
            16.597941,
            49.169338
          ],
          [
            16.598321,
            49.168166
          ],
          [
            16.598527,
            49.167502
          ],
          [
            16.598607,
            49.167303
          ],
          [
            16.598695,
            49.167087
          ],
          [
            16.598759,
            49.166875
          ],
          [
            16.598774,
            49.1667
          ],
          [
            16.598869,
            49.165574
          ],
          [
            16.598922,
            49.164984
          ],
          [
            16.598971,
            49.16433
          ],
          [
            16.599114,
            49.162973
          ],
          [
            16.599119,
            49.162923
          ],
          [
            16.599129,
            49.162821
          ],
          [
            16.599136,
            49.162751
          ],
          [
            16.599152,
            49.1626
          ],
          [
            16.599191,
            49.162291
          ],
          [
            16.599231,
            49.16205
          ],
          [
            16.599387,
            49.161048
          ],
          [
            16.599571,
            49.159986
          ],
          [
            16.599602,
            49.159804
          ],
          [
            16.599968,
            49.157684
          ],
          [
            16.600004,
            49.157474
          ],
          [
            16.600013,
            49.157424
          ],
          [
            16.600019,
            49.15739
          ],
          [
            16.600321,
            49.155623
          ],
          [
            16.600378,
            49.155299
          ],
          [
            16.600709,
            49.153373
          ],
          [
            16.601044,
            49.151409
          ],
          [
            16.601369,
            49.149485
          ],
          [
            16.601582,
            49.148283
          ],
          [
            16.601936,
            49.146226
          ],
          [
            16.602145,
            49.145025
          ],
          [
            16.602311,
            49.144061
          ],
          [
            16.602496,
            49.14294
          ],
          [
            16.602854,
            49.140907
          ],
          [
            16.603199,
            49.138858
          ],
          [
            16.603416,
            49.137208
          ]
        ]
      },
      "properties": {
        "route_id": 6,
        "name": "Janouškova 2 → Home 3 (cool)",
        "type": "cool",
        "length_m": 14253.1,
        "hazard_count": 0,
        "cool_count": 1,
        "risk_score": 0,
        "shade_score": 1
      }
    },
    {
      "type": "Feature",
      "geometry": {
        "type": "LineString",
        "coordinates": [
          [
            16.660049,
            49.203373
          ],
          [
            16.66005,
            49.203314
          ],
          [
            16.66005,
            49.203099
          ],
          [
            16.660047,
            49.202925
          ],
          [
            16.660047,
            49.202917
          ],
          [
            16.660043,
            49.202714
          ],
          [
            16.660045,
            49.202675
          ],
          [
            16.660037,
            49.20262
          ],
          [
            16.660044,
            49.202621
          ],
          [
            16.660043,
            49.202565
          ],
          [
            16.660049,
            49.202565
          ],
          [
            16.660048,
            49.202501
          ],
          [
            16.660053,
            49.202335
          ],
          [
            16.660051,
            49.202267
          ],
          [
            16.660044,
            49.202072
          ],
          [
            16.660041,
            49.202023
          ],
          [
            16.660037,
            49.201777
          ],
          [
            16.660062,
            49.201776
          ],
          [
            16.66013,
            49.201774
          ],
          [
            16.660133,
            49.201775
          ],
          [
            16.660228,
            49.201777
          ],
          [
            16.660229,
            49.201774
          ],
          [
            16.660465,
            49.201777
          ],
          [
            16.660771,
            49.201777
          ],
          [
            16.660779,
            49.201777
          ],
          [
            16.661,
            49.201779
          ],
          [
            16.661318,
            49.201777
          ],
          [
            16.661356,
            49.201777
          ],
          [
            16.661357,
            49.201721
          ],
          [
            16.661403,
            49.201719
          ],
          [
            16.661402,
            49.201663
          ],
          [
            16.661411,
            49.20166
          ],
          [
            16.661419,
            49.201607
          ],
          [
            16.661498,
            49.201612
          ],
          [
            16.661495,
            49.201614
          ],
          [
            16.661583,
            49.201614
          ],
          [
            16.661591,
            49.201593
          ],
          [
            16.661596,
            49.201441
          ],
          [
            16.661597,
            49.201439
          ],
          [
            16.661595,
            49.201318
          ],
          [
            16.661606,
            49.20127
          ],
          [
            16.661651,
            49.20126
          ],
          [
            16.661826,
            49.201256
          ],
          [
            16.661822,
            49.201207
          ],
          [
            16.66181,
            49.201057
          ],
          [
            16.66181,
            49.201054
          ],
          [
            16.661816,
            49.200927
          ],
          [
            16.661905,
            49.200902
          ],
          [
            16.662204,
            49.200809
          ],
          [
            16.662591,
            49.20072
          ],
          [
            16.662759,
            49.200693
          ],
          [
            16.662779,
            49.20068
          ],
          [
            16.662782,
            49.200623
          ],
          [
            16.662783,
            49.200588
          ],
          [
            16.662785,
            49.200327
          ],
          [
            16.662768,
            49.200284
          ],
          [
            16.663023,
            49.200283
          ],
          [
            16.663071,
            49.200282
          ],
          [
            16.66311,
            49.200269
          ],
          [
            16.663189,
            49.200263
          ],
          [
            16.663412,
            49.200272
          ],
          [
            16.663563,
            49.200287
          ],
          [
            16.663762,
            49.200314
          ],
          [
            16.66421,
            49.200408
          ],
          [
            16.664486,
            49.200467
          ],
          [
            16.664519,
            49.200474
          ],
          [
            16.664538,
            49.200478
          ],
          [
            16.664787,
            49.200534
          ],
          [
            16.664865,
            49.200584
          ],
          [
            16.665108,
            49.200716
          ],
          [
            16.665379,
            49.200837
          ],
          [
            16.665618,
            49.20092
          ],
          [
            16.665881,
            49.200992
          ],
          [
            16.665991,
            49.201019
          ],
          [
            16.666009,
            49.201023
          ],
          [
            16.666175,
            49.201062
          ],
          [
            16.666318,
            49.201097
          ],
          [
            16.666592,
            49.201162
          ],
          [
            16.667009,
            49.201255
          ],
          [
            16.66924,
            49.201741
          ],
          [
            16.669287,
            49.201752
          ],
          [
            16.670652,
            49.20206
          ],
          [
            16.671978,
            49.202357
          ],
          [
            16.674722,
            49.202968
          ],
          [
            16.675056,
            49.203056
          ],
          [
            16.675346,
            49.203148
          ],
          [
            16.675523,
            49.203207
          ],
          [
            16.675626,
            49.203248
          ],
          [
            16.675725,
            49.203292
          ],
          [
            16.675836,
            49.203353
          ],
          [
            16.675975,
            49.20344
          ],
          [
            16.676123,
            49.203542
          ],
          [
            16.676243,
            49.203636
          ],
          [
            16.67636,
            49.203739
          ],
          [
            16.676447,
            49.203828
          ],
          [
            16.676531,
            49.203933
          ],
          [
            16.676603,
            49.204029
          ],
          [
            16.676673,
            49.204141
          ],
          [
            16.67673,
            49.204263
          ],
          [
            16.676782,
            49.2044
          ],
          [
            16.676823,
            49.204609
          ],
          [
            16.676847,
            49.204926
          ],
          [
            16.676868,
            49.205513
          ],
          [
            16.676877,
            49.205689
          ],
          [
            16.676883,
            49.205781
          ],
          [
            16.676897,
            49.205863
          ],
          [
            16.676954,
            49.20607
          ],
          [
            16.676989,
            49.206173
          ],
          [
            16.677022,
            49.20625
          ],
          [
            16.677072,
            49.206343
          ],
          [
            16.677104,
            49.206394
          ],
          [
            16.67717,
            49.206501
          ],
          [
            16.67747,
            49.206955
          ],
          [
            16.67773,
            49.207353
          ],
          [
            16.677951,
            49.207655
          ],
          [
            16.678086,
            49.207819
          ],
          [
            16.678226,
            49.207952
          ],
          [
            16.678431,
            49.208125
          ],
          [
            16.678844,
            49.208407
          ],
          [
            16.679273,
            49.208679
          ],
          [
            16.679637,
            49.208916
          ],
          [
            16.679994,
            49.209144
          ],
          [
            16.680321,
            49.209356
          ],
          [
            16.68053,
            49.209482
          ],
          [
            16.680954,
            49.209686
          ],
          [
            16.681033,
            49.209724
          ],
          [
            16.681363,
            49.209868
          ],
          [
            16.681826,
            49.21005
          ],
          [
            16.68209,
            49.210138
          ],
          [
            16.682259,
            49.210197
          ],
          [
            16.682575,
            49.210288
          ],
          [
            16.682957,
            49.210375
          ],
          [
            16.683366,
            49.210422
          ],
          [
            16.683658,
            49.21043
          ],
          [
            16.683939,
            49.210416
          ],
          [
            16.684228,
            49.210394
          ],
          [
            16.684476,
            49.210352
          ],
          [
            16.684786,
            49.210273
          ],
          [
            16.685075,
            49.210179
          ],
          [
            16.685307,
            49.210076
          ],
          [
            16.685493,
            49.209975
          ],
          [
            16.685648,
            49.209875
          ],
          [
            16.685814,
            49.209756
          ],
          [
            16.685947,
            49.209638
          ],
          [
            16.68607,
            49.209511
          ],
          [
            16.686195,
            49.209354
          ],
          [
            16.686201,
            49.209347
          ],
          [
            16.686347,
            49.209126
          ],
          [
            16.68648,
            49.208926
          ],
          [
            16.686535,
            49.208838
          ],
          [
            16.686665,
            49.208626
          ],
          [
            16.686691,
            49.208587
          ],
          [
            16.686745,
            49.208504
          ],
          [
            16.686952,
            49.208185
          ],
          [
            16.687011,
            49.208096
          ],
          [
            16.687071,
            49.208026
          ],
          [
            16.687168,
            49.20792
          ],
          [
            16.687251,
            49.207842
          ],
          [
            16.687283,
            49.207812
          ],
          [
            16.687336,
            49.207772
          ],
          [
            16.687402,
            49.207723
          ],
          [
            16.68742,
            49.207709
          ],
          [
            16.687543,
            49.207622
          ],
          [
            16.687723,
            49.207524
          ],
          [
            16.687851,
            49.207463
          ],
          [
            16.687991,
            49.207401
          ],
          [
            16.688149,
            49.207346
          ],
          [
            16.688367,
            49.207276
          ],
          [
            16.688582,
            49.207219
          ],
          [
            16.68875,
            49.207179
          ],
          [
            16.688881,
            49.207154
          ],
          [
            16.689039,
            49.207131
          ],
          [
            16.689273,
            49.207105
          ],
          [
            16.689423,
            49.207098
          ],
          [
            16.689545,
            49.207097
          ],
          [
            16.689695,
            49.207098
          ],
          [
            16.68989,
            49.20711
          ],
          [
            16.690129,
            49.207134
          ],
          [
            16.690957,
            49.207225
          ],
          [
            16.691437,
            49.207276
          ],
          [
            16.691723,
            49.207305
          ],
          [
            16.692244,
            49.207347
          ],
          [
            16.692276,
            49.20737
          ],
          [
            16.692277,
            49.207401
          ],
          [
            16.692745,
            49.207385
          ],
          [
            16.69277,
            49.207378
          ],
          [
            16.692779,
            49.207364
          ],
          [
            16.692776,
            49.207336
          ],
          [
            16.692832,
            49.207328
          ],
          [
            16.692784,
            49.207229
          ],
          [
            16.692793,
            49.20717
          ],
          [
            16.69282,
            49.207124
          ],
          [
            16.692826,
            49.207103
          ],
          [
            16.692826,
            49.206967
          ],
          [
            16.692809,
            49.206927
          ],
          [
            16.693209,
            49.206849
          ],
          [
            16.69336,
            49.206821
          ],
          [
            16.693496,
            49.206795
          ],
          [
            16.693537,
            49.206788
          ],
          [
            16.693996,
            49.206713
          ],
          [
            16.693997,
            49.206713
          ],
          [
            16.69401,
            49.206711
          ],
          [
            16.694428,
            49.206632
          ],
          [
            16.694457,
            49.206626
          ],
          [
            16.694452,
            49.206588
          ],
          [
            16.69451,
            49.206581
          ],
          [
            16.694518,
            49.206574
          ],
          [
            16.69464,
            49.206562
          ],
          [
            16.694663,
            49.206555
          ],
          [
            16.694673,
            49.206626
          ],
          [
            16.694683,
            49.206669
          ],
          [
            16.694708,
            49.206774
          ],
          [
            16.69475,
            49.206976
          ],
          [
            16.694784,
            49.207032
          ],
          [
            16.694819,
            49.207053
          ],
          [
            16.69485,
            49.207139
          ],
          [
            16.694827,
            49.207166
          ],
          [
            16.69482,
            49.20719
          ],
          [
            16.694902,
            49.207302
          ],
          [
            16.694922,
            49.207331
          ],
          [
            16.69501,
            49.207451
          ],
          [
            16.69503,
            49.207479
          ],
          [
            16.695145,
            49.207628
          ],
          [
            16.695164,
            49.207657
          ],
          [
            16.695287,
            49.207844
          ],
          [
            16.695392,
            49.208015
          ],
          [
            16.695393,
            49.208016
          ],
          [
            16.695431,
            49.208078
          ],
          [
            16.695473,
            49.208152
          ],
          [
            16.695474,
            49.208153
          ],
          [
            16.695494,
            49.208188
          ],
          [
            16.695495,
            49.208189
          ],
          [
            16.695553,
            49.20829
          ],
          [
            16.695604,
            49.208365
          ],
          [
            16.695606,
            49.208367
          ],
          [
            16.695624,
            49.20841
          ],
          [
            16.695648,
            49.208452
          ],
          [
            16.695705,
            49.208544
          ],
          [
            16.695817,
            49.208745
          ],
          [
            16.695875,
            49.208809
          ],
          [
            16.695949,
            49.208938
          ],
          [
            16.695949,
            49.208939
          ],
          [
            16.695962,
            49.208967
          ],
          [
            16.69601,
            49.209075
          ],
          [
            16.696063,
            49.209195
          ],
          [
            16.696078,
            49.209228
          ],
          [
            16.696095,
            49.209273
          ],
          [
            16.696126,
            49.209352
          ],
          [
            16.696144,
            49.209396
          ],
          [
            16.696146,
            49.209403
          ],
          [
            16.696164,
            49.209446
          ],
          [
            16.696178,
            49.209479
          ],
          [
            16.69623,
            49.209599
          ],
          [
            16.696236,
            49.209613
          ],
          [
            16.696258,
            49.209658
          ],
          [
            16.696288,
            49.209722
          ],
          [
            16.696306,
            49.209759
          ],
          [
            16.696341,
            49.209831
          ],
          [
            16.696365,
            49.209882
          ],
          [
            16.696336,
            49.209907
          ],
          [
            16.69624,
            49.209928
          ],
          [
            16.696234,
            49.209939
          ],
          [
            16.696312,
            49.210114
          ],
          [
            16.696333,
            49.210167
          ],
          [
            16.696334,
            49.210206
          ],
          [
            16.696321,
            49.210237
          ],
          [
            16.696316,
            49.210247
          ],
          [
            16.696276,
            49.210301
          ],
          [
            16.696336,
            49.210321
          ],
          [
            16.696349,
            49.210309
          ],
          [
            16.6964,
            49.210276
          ],
          [
            16.696479,
            49.210304
          ],
          [
            16.69648,
            49.210304
          ],
          [
            16.696497,
            49.210312
          ],
          [
            16.696576,
            49.210351
          ],
          [
            16.696628,
            49.210377
          ],
          [
            16.696773,
            49.210436
          ],
          [
            16.696821,
            49.210455
          ],
          [
            16.697077,
            49.210554
          ],
          [
            16.697291,
            49.210638
          ],
          [
            16.697591,
            49.210757
          ],
          [
            16.697757,
            49.210826
          ],
          [
            16.697863,
            49.210877
          ],
          [
            16.697968,
            49.210941
          ],
          [
            16.697955,
            49.210962
          ],
          [
            16.698016,
            49.211018
          ],
          [
            16.698046,
            49.211008
          ],
          [
            16.698126,
            49.211089
          ],
          [
            16.698277,
            49.211326
          ],
          [
            16.698457,
            49.21161
          ],
          [
            16.698575,
            49.211807
          ],
          [
            16.698579,
            49.211832
          ]
        ]
      },
      "properties": {
        "route_id": 7,
        "name": "Mutěnická 23 → Home 4 (safe)",
        "type": "safe",
        "length_m": 4343.8,
        "hazard_count": 0,
        "cool_count": 0,
        "risk_score": 0,
        "shade_score": 0
      }
    },
    {
      "type": "Feature",
      "geometry": {
        "type": "LineString",
        "coordinates": [
          [
            16.660049,
            49.203373
          ],
          [
            16.66005,
            49.203314
          ],
          [
            16.66005,
            49.203099
          ],
          [
            16.660047,
            49.202925
          ],
          [
            16.660047,
            49.202917
          ],
          [
            16.660043,
            49.202714
          ],
          [
            16.660045,
            49.202675
          ],
          [
            16.660037,
            49.20262
          ],
          [
            16.660044,
            49.202621
          ],
          [
            16.660043,
            49.202565
          ],
          [
            16.660049,
            49.202565
          ],
          [
            16.660048,
            49.202501
          ],
          [
            16.660053,
            49.202335
          ],
          [
            16.660051,
            49.202267
          ],
          [
            16.660044,
            49.202072
          ],
          [
            16.660041,
            49.202023
          ],
          [
            16.660037,
            49.201777
          ],
          [
            16.660062,
            49.201776
          ],
          [
            16.66013,
            49.201774
          ],
          [
            16.660133,
            49.201775
          ],
          [
            16.660228,
            49.201777
          ],
          [
            16.660229,
            49.201774
          ],
          [
            16.660465,
            49.201777
          ],
          [
            16.660771,
            49.201777
          ],
          [
            16.660779,
            49.201777
          ],
          [
            16.661,
            49.201779
          ],
          [
            16.661318,
            49.201777
          ],
          [
            16.661356,
            49.201777
          ],
          [
            16.661357,
            49.201721
          ],
          [
            16.661403,
            49.201719
          ],
          [
            16.661402,
            49.201663
          ],
          [
            16.661411,
            49.20166
          ],
          [
            16.661419,
            49.201607
          ],
          [
            16.661498,
            49.201612
          ],
          [
            16.661495,
            49.201614
          ],
          [
            16.661583,
            49.201614
          ],
          [
            16.661591,
            49.201593
          ],
          [
            16.661596,
            49.201441
          ],
          [
            16.661597,
            49.201439
          ],
          [
            16.661595,
            49.201318
          ],
          [
            16.661606,
            49.20127
          ],
          [
            16.661651,
            49.20126
          ],
          [
            16.661826,
            49.201256
          ],
          [
            16.661822,
            49.201207
          ],
          [
            16.66181,
            49.201057
          ],
          [
            16.66181,
            49.201054
          ],
          [
            16.661816,
            49.200927
          ],
          [
            16.661905,
            49.200902
          ],
          [
            16.662204,
            49.200809
          ],
          [
            16.662591,
            49.20072
          ],
          [
            16.662759,
            49.200693
          ],
          [
            16.662779,
            49.20068
          ],
          [
            16.662782,
            49.200623
          ],
          [
            16.662783,
            49.200588
          ],
          [
            16.662785,
            49.200327
          ],
          [
            16.662768,
            49.200284
          ],
          [
            16.663023,
            49.200283
          ],
          [
            16.663071,
            49.200282
          ],
          [
            16.66311,
            49.200269
          ],
          [
            16.663189,
            49.200263
          ],
          [
            16.663412,
            49.200272
          ],
          [
            16.663563,
            49.200287
          ],
          [
            16.663762,
            49.200314
          ],
          [
            16.66421,
            49.200408
          ],
          [
            16.664486,
            49.200467
          ],
          [
            16.664519,
            49.200474
          ],
          [
            16.664538,
            49.200478
          ],
          [
            16.664787,
            49.200534
          ],
          [
            16.664865,
            49.200584
          ],
          [
            16.665108,
            49.200716
          ],
          [
            16.665379,
            49.200837
          ],
          [
            16.665618,
            49.20092
          ],
          [
            16.665881,
            49.200992
          ],
          [
            16.665991,
            49.201019
          ],
          [
            16.666009,
            49.201023
          ],
          [
            16.666175,
            49.201062
          ],
          [
            16.666318,
            49.201097
          ],
          [
            16.666592,
            49.201162
          ],
          [
            16.667009,
            49.201255
          ],
          [
            16.66924,
            49.201741
          ],
          [
            16.669287,
            49.201752
          ],
          [
            16.670652,
            49.20206
          ],
          [
            16.671978,
            49.202357
          ],
          [
            16.674722,
            49.202968
          ],
          [
            16.675056,
            49.203056
          ],
          [
            16.675346,
            49.203148
          ],
          [
            16.675523,
            49.203207
          ],
          [
            16.675626,
            49.203248
          ],
          [
            16.675725,
            49.203292
          ],
          [
            16.675836,
            49.203353
          ],
          [
            16.675975,
            49.20344
          ],
          [
            16.676123,
            49.203542
          ],
          [
            16.676243,
            49.203636
          ],
          [
            16.67636,
            49.203739
          ],
          [
            16.676447,
            49.203828
          ],
          [
            16.676531,
            49.203933
          ],
          [
            16.676603,
            49.204029
          ],
          [
            16.676673,
            49.204141
          ],
          [
            16.67673,
            49.204263
          ],
          [
            16.676782,
            49.2044
          ],
          [
            16.676823,
            49.204609
          ],
          [
            16.676847,
            49.204926
          ],
          [
            16.676868,
            49.205513
          ],
          [
            16.676877,
            49.205689
          ],
          [
            16.676883,
            49.205781
          ],
          [
            16.676897,
            49.205863
          ],
          [
            16.676954,
            49.20607
          ],
          [
            16.676989,
            49.206173
          ],
          [
            16.677022,
            49.20625
          ],
          [
            16.677072,
            49.206343
          ],
          [
            16.677104,
            49.206394
          ],
          [
            16.67717,
            49.206501
          ],
          [
            16.67747,
            49.206955
          ],
          [
            16.67773,
            49.207353
          ],
          [
            16.677951,
            49.207655
          ],
          [
            16.678086,
            49.207819
          ],
          [
            16.678226,
            49.207952
          ],
          [
            16.678431,
            49.208125
          ],
          [
            16.678844,
            49.208407
          ],
          [
            16.679273,
            49.208679
          ],
          [
            16.679637,
            49.208916
          ],
          [
            16.679994,
            49.209144
          ],
          [
            16.680321,
            49.209356
          ],
          [
            16.68053,
            49.209482
          ],
          [
            16.680954,
            49.209686
          ],
          [
            16.681033,
            49.209724
          ],
          [
            16.681363,
            49.209868
          ],
          [
            16.681826,
            49.21005
          ],
          [
            16.68209,
            49.210138
          ],
          [
            16.682259,
            49.210197
          ],
          [
            16.682575,
            49.210288
          ],
          [
            16.682957,
            49.210375
          ],
          [
            16.683366,
            49.210422
          ],
          [
            16.683658,
            49.21043
          ],
          [
            16.683939,
            49.210416
          ],
          [
            16.684228,
            49.210394
          ],
          [
            16.684476,
            49.210352
          ],
          [
            16.684786,
            49.210273
          ],
          [
            16.685075,
            49.210179
          ],
          [
            16.685307,
            49.210076
          ],
          [
            16.685493,
            49.209975
          ],
          [
            16.685648,
            49.209875
          ],
          [
            16.685814,
            49.209756
          ],
          [
            16.685947,
            49.209638
          ],
          [
            16.68607,
            49.209511
          ],
          [
            16.686195,
            49.209354
          ],
          [
            16.686201,
            49.209347
          ],
          [
            16.686347,
            49.209126
          ],
          [
            16.68648,
            49.208926
          ],
          [
            16.686535,
            49.208838
          ],
          [
            16.686665,
            49.208626
          ],
          [
            16.686691,
            49.208587
          ],
          [
            16.686745,
            49.208504
          ],
          [
            16.686952,
            49.208185
          ],
          [
            16.687011,
            49.208096
          ],
          [
            16.687071,
            49.208026
          ],
          [
            16.687168,
            49.20792
          ],
          [
            16.687251,
            49.207842
          ],
          [
            16.687283,
            49.207812
          ],
          [
            16.687336,
            49.207772
          ],
          [
            16.687402,
            49.207723
          ],
          [
            16.68742,
            49.207709
          ],
          [
            16.687543,
            49.207622
          ],
          [
            16.687723,
            49.207524
          ],
          [
            16.687851,
            49.207463
          ],
          [
            16.687991,
            49.207401
          ],
          [
            16.688149,
            49.207346
          ],
          [
            16.688367,
            49.207276
          ],
          [
            16.688582,
            49.207219
          ],
          [
            16.68875,
            49.207179
          ],
          [
            16.688881,
            49.207154
          ],
          [
            16.689039,
            49.207131
          ],
          [
            16.689273,
            49.207105
          ],
          [
            16.689423,
            49.207098
          ],
          [
            16.689545,
            49.207097
          ],
          [
            16.689695,
            49.207098
          ],
          [
            16.68989,
            49.20711
          ],
          [
            16.690129,
            49.207134
          ],
          [
            16.690957,
            49.207225
          ],
          [
            16.691437,
            49.207276
          ],
          [
            16.691723,
            49.207305
          ],
          [
            16.692244,
            49.207347
          ],
          [
            16.692276,
            49.20737
          ],
          [
            16.692277,
            49.207401
          ],
          [
            16.692745,
            49.207385
          ],
          [
            16.69277,
            49.207378
          ],
          [
            16.692779,
            49.207364
          ],
          [
            16.692776,
            49.207336
          ],
          [
            16.692832,
            49.207328
          ],
          [
            16.692784,
            49.207229
          ],
          [
            16.692793,
            49.20717
          ],
          [
            16.69282,
            49.207124
          ],
          [
            16.692826,
            49.207103
          ],
          [
            16.692826,
            49.206967
          ],
          [
            16.692809,
            49.206927
          ],
          [
            16.693209,
            49.206849
          ],
          [
            16.69336,
            49.206821
          ],
          [
            16.693496,
            49.206795
          ],
          [
            16.693537,
            49.206788
          ],
          [
            16.693996,
            49.206713
          ],
          [
            16.693997,
            49.206713
          ],
          [
            16.69401,
            49.206711
          ],
          [
            16.694428,
            49.206632
          ],
          [
            16.694457,
            49.206626
          ],
          [
            16.694452,
            49.206588
          ],
          [
            16.69451,
            49.206581
          ],
          [
            16.694518,
            49.206574
          ],
          [
            16.69464,
            49.206562
          ],
          [
            16.694663,
            49.206555
          ],
          [
            16.694673,
            49.206626
          ],
          [
            16.694683,
            49.206669
          ],
          [
            16.694708,
            49.206774
          ],
          [
            16.69475,
            49.206976
          ],
          [
            16.694784,
            49.207032
          ],
          [
            16.694819,
            49.207053
          ],
          [
            16.69485,
            49.207139
          ],
          [
            16.694827,
            49.207166
          ],
          [
            16.69482,
            49.20719
          ],
          [
            16.694902,
            49.207302
          ],
          [
            16.694922,
            49.207331
          ],
          [
            16.69501,
            49.207451
          ],
          [
            16.69503,
            49.207479
          ],
          [
            16.695145,
            49.207628
          ],
          [
            16.695164,
            49.207657
          ],
          [
            16.695287,
            49.207844
          ],
          [
            16.695392,
            49.208015
          ],
          [
            16.695393,
            49.208016
          ],
          [
            16.695431,
            49.208078
          ],
          [
            16.695473,
            49.208152
          ],
          [
            16.695474,
            49.208153
          ],
          [
            16.695494,
            49.208188
          ],
          [
            16.695495,
            49.208189
          ],
          [
            16.695553,
            49.20829
          ],
          [
            16.695604,
            49.208365
          ],
          [
            16.695606,
            49.208367
          ],
          [
            16.695624,
            49.20841
          ],
          [
            16.695648,
            49.208452
          ],
          [
            16.695705,
            49.208544
          ],
          [
            16.695817,
            49.208745
          ],
          [
            16.695875,
            49.208809
          ],
          [
            16.695949,
            49.208938
          ],
          [
            16.695949,
            49.208939
          ],
          [
            16.695962,
            49.208967
          ],
          [
            16.69601,
            49.209075
          ],
          [
            16.696063,
            49.209195
          ],
          [
            16.696078,
            49.209228
          ],
          [
            16.696095,
            49.209273
          ],
          [
            16.696126,
            49.209352
          ],
          [
            16.696144,
            49.209396
          ],
          [
            16.696146,
            49.209403
          ],
          [
            16.696164,
            49.209446
          ],
          [
            16.696178,
            49.209479
          ],
          [
            16.69623,
            49.209599
          ],
          [
            16.696236,
            49.209613
          ],
          [
            16.696258,
            49.209658
          ],
          [
            16.696288,
            49.209722
          ],
          [
            16.696306,
            49.209759
          ],
          [
            16.696341,
            49.209831
          ],
          [
            16.696365,
            49.209882
          ],
          [
            16.696336,
            49.209907
          ],
          [
            16.69624,
            49.209928
          ],
          [
            16.696234,
            49.209939
          ],
          [
            16.696312,
            49.210114
          ],
          [
            16.696333,
            49.210167
          ],
          [
            16.696334,
            49.210206
          ],
          [
            16.696321,
            49.210237
          ],
          [
            16.696316,
            49.210247
          ],
          [
            16.696276,
            49.210301
          ],
          [
            16.696336,
            49.210321
          ],
          [
            16.696349,
            49.210309
          ],
          [
            16.6964,
            49.210276
          ],
          [
            16.696479,
            49.210304
          ],
          [
            16.69648,
            49.210304
          ],
          [
            16.696497,
            49.210312
          ],
          [
            16.696576,
            49.210351
          ],
          [
            16.696628,
            49.210377
          ],
          [
            16.696773,
            49.210436
          ],
          [
            16.696821,
            49.210455
          ],
          [
            16.697077,
            49.210554
          ],
          [
            16.697291,
            49.210638
          ],
          [
            16.697591,
            49.210757
          ],
          [
            16.697757,
            49.210826
          ],
          [
            16.697863,
            49.210877
          ],
          [
            16.697968,
            49.210941
          ],
          [
            16.697955,
            49.210962
          ],
          [
            16.698016,
            49.211018
          ],
          [
            16.698046,
            49.211008
          ],
          [
            16.698126,
            49.211089
          ],
          [
            16.698277,
            49.211326
          ],
          [
            16.698457,
            49.21161
          ],
          [
            16.698575,
            49.211807
          ],
          [
            16.698579,
            49.211832
          ]
        ]
      },
      "properties": {
        "route_id": 8,
        "name": "Mutěnická 23 → Home 4 (cool)",
        "type": "cool",
        "length_m": 4343.8,
        "hazard_count": 0,
        "cool_count": 0,
        "risk_score": 0,
        "shade_score": 0
      }
    },
    {
      "type": "Feature",
      "geometry": {
        "type": "LineString",
        "coordinates": [
          [
            16.655869,
            49.190171
          ],
          [
            16.655863,
            49.190268
          ],
          [
            16.655837,
            49.190269
          ],
          [
            16.655808,
            49.19027
          ],
          [
            16.655803,
            49.190383
          ],
          [
            16.655797,
            49.190534
          ],
          [
            16.655795,
            49.190568
          ],
          [
            16.655643,
            49.190622
          ],
          [
            16.655376,
            49.190704
          ],
          [
            16.655173,
            49.190768
          ],
          [
            16.654939,
            49.190839
          ],
          [
            16.654937,
            49.190839
          ],
          [
            16.654667,
            49.190917
          ],
          [
            16.654368,
            49.190984
          ],
          [
            16.65409,
            49.191041
          ],
          [
            16.653996,
            49.191057
          ],
          [
            16.65381,
            49.191082
          ],
          [
            16.653803,
            49.191083
          ],
          [
            16.653452,
            49.19113
          ],
          [
            16.653331,
            49.191143
          ],
          [
            16.653117,
            49.191167
          ],
          [
            16.652873,
            49.191181
          ],
          [
            16.65257,
            49.191188
          ],
          [
            16.652503,
            49.19119
          ],
          [
            16.652228,
            49.191178
          ],
          [
            16.652078,
            49.191177
          ],
          [
            16.651848,
            49.191164
          ],
          [
            16.651849,
            49.191157
          ],
          [
            16.651861,
            49.191071
          ],
          [
            16.651885,
            49.191027
          ],
          [
            16.651926,
            49.190951
          ],
          [
            16.651934,
            49.190937
          ],
          [
            16.651965,
            49.190877
          ],
          [
            16.65191,
            49.190862
          ],
          [
            16.651866,
            49.190852
          ],
          [
            16.651815,
            49.19084
          ],
          [
            16.651717,
            49.190816
          ],
          [
            16.651637,
            49.190903
          ],
          [
            16.651559,
            49.190998
          ],
          [
            16.651503,
            49.191069
          ],
          [
            16.651459,
            49.191124
          ],
          [
            16.651452,
            49.191134
          ],
          [
            16.65128,
            49.191115
          ],
          [
            16.651101,
            49.191091
          ]
        ]
      },
      "properties": {
        "route_id": 9,
        "name": "Krásného 24 → Home 5 (safe)",
        "type": "safe",
        "length_m": 466.1,
        "hazard_count": 0,
        "cool_count": 0,
        "risk_score": 0,
        "shade_score": 0
      }
    },
    {
      "type": "Feature",
      "geometry": {
        "type": "LineString",
        "coordinates": [
          [
            16.655869,
            49.190171
          ],
          [
            16.655863,
            49.190268
          ],
          [
            16.655837,
            49.190269
          ],
          [
            16.655808,
            49.19027
          ],
          [
            16.655803,
            49.190383
          ],
          [
            16.655797,
            49.190534
          ],
          [
            16.655795,
            49.190568
          ],
          [
            16.655643,
            49.190622
          ],
          [
            16.655376,
            49.190704
          ],
          [
            16.655173,
            49.190768
          ],
          [
            16.654939,
            49.190839
          ],
          [
            16.654937,
            49.190839
          ],
          [
            16.654667,
            49.190917
          ],
          [
            16.654368,
            49.190984
          ],
          [
            16.65409,
            49.191041
          ],
          [
            16.653996,
            49.191057
          ],
          [
            16.65381,
            49.191082
          ],
          [
            16.653803,
            49.191083
          ],
          [
            16.653452,
            49.19113
          ],
          [
            16.653331,
            49.191143
          ],
          [
            16.653117,
            49.191167
          ],
          [
            16.652873,
            49.191181
          ],
          [
            16.65257,
            49.191188
          ],
          [
            16.652503,
            49.19119
          ],
          [
            16.652228,
            49.191178
          ],
          [
            16.652078,
            49.191177
          ],
          [
            16.651848,
            49.191164
          ],
          [
            16.651849,
            49.191157
          ],
          [
            16.651861,
            49.191071
          ],
          [
            16.651885,
            49.191027
          ],
          [
            16.651926,
            49.190951
          ],
          [
            16.651934,
            49.190937
          ],
          [
            16.651965,
            49.190877
          ],
          [
            16.65191,
            49.190862
          ],
          [
            16.651866,
            49.190852
          ],
          [
            16.651815,
            49.19084
          ],
          [
            16.651717,
            49.190816
          ],
          [
            16.651637,
            49.190903
          ],
          [
            16.651559,
            49.190998
          ],
          [
            16.651503,
            49.191069
          ],
          [
            16.651459,
            49.191124
          ],
          [
            16.651452,
            49.191134
          ],
          [
            16.65128,
            49.191115
          ],
          [
            16.651101,
            49.191091
          ]
        ]
      },
      "properties": {
        "route_id": 10,
        "name": "Krásného 24 → Home 5 (cool)",
        "type": "cool",
        "length_m": 466.1,
        "hazard_count": 0,
        "cool_count": 0,
        "risk_score": 0,
        "shade_score": 0
      }
    },
    {
      "type": "Feature",
      "geometry": {
        "type": "LineString",
        "coordinates": [
          [
            16.488191,
            49.208695
          ],
          [
            16.487589,
            49.20879
          ],
          [
            16.487322,
            49.208834
          ],
          [
            16.487153,
            49.208862
          ],
          [
            16.486638,
            49.208942
          ],
          [
            16.486063,
            49.209035
          ],
          [
            16.485581,
            49.209109
          ],
          [
            16.485257,
            49.209165
          ],
          [
            16.485242,
            49.209165
          ],
          [
            16.485204,
            49.209156
          ],
          [
            16.485186,
            49.209132
          ],
          [
            16.485176,
            49.209099
          ],
          [
            16.485152,
            49.208993
          ],
          [
            16.485125,
            49.208825
          ],
          [
            16.485123,
            49.208675
          ],
          [
            16.485117,
            49.208636
          ],
          [
            16.485032,
            49.208631
          ],
          [
            16.485021,
            49.208621
          ],
          [
            16.485051,
            49.208429
          ],
          [
            16.485065,
            49.208325
          ],
          [
            16.485075,
            49.20825
          ],
          [
            16.485072,
            49.208196
          ],
          [
            16.48506,
            49.208126
          ],
          [
            16.485045,
            49.208083
          ],
          [
            16.484996,
            49.208021
          ],
          [
            16.484939,
            49.207954
          ],
          [
            16.484824,
            49.207866
          ],
          [
            16.484635,
            49.207706
          ],
          [
            16.484437,
            49.207524
          ],
          [
            16.484436,
            49.207523
          ],
          [
            16.484406,
            49.207455
          ],
          [
            16.484387,
            49.207415
          ],
          [
            16.484295,
            49.20734
          ],
          [
            16.484242,
            49.207287
          ],
          [
            16.484193,
            49.207232
          ],
          [
            16.484175,
            49.207226
          ],
          [
            16.484161,
            49.207224
          ],
          [
            16.484148,
            49.207225
          ],
          [
            16.484135,
            49.207225
          ],
          [
            16.484082,
            49.207248
          ],
          [
            16.483817,
            49.20736
          ],
          [
            16.483762,
            49.207383
          ],
          [
            16.483727,
            49.207401
          ],
          [
            16.483668,
            49.20738
          ],
          [
            16.483623,
            49.207363
          ],
          [
            16.483601,
            49.20736
          ],
          [
            16.483559,
            49.207281
          ],
          [
            16.483552,
            49.207267
          ],
          [
            16.483431,
            49.207234
          ],
          [
            16.483295,
            49.207189
          ],
          [
            16.483201,
            49.207157
          ],
          [
            16.483179,
            49.20715
          ],
          [
            16.483116,
            49.207116
          ],
          [
            16.483068,
            49.207087
          ],
          [
            16.482975,
            49.20702
          ],
          [
            16.482953,
            49.207006
          ],
          [
            16.482843,
            49.206949
          ],
          [
            16.482756,
            49.206909
          ],
          [
            16.482632,
            49.206867
          ],
          [
            16.482485,
            49.206824
          ],
          [
            16.482336,
            49.206798
          ],
          [
            16.482201,
            49.206789
          ],
          [
            16.481912,
            49.206774
          ],
          [
            16.481654,
            49.206782
          ],
          [
            16.481327,
            49.206806
          ],
          [
            16.481192,
            49.206825
          ],
          [
            16.481059,
            49.206843
          ],
          [
            16.480874,
            49.20688
          ],
          [
            16.480642,
            49.206929
          ],
          [
            16.480377,
            49.206983
          ],
          [
            16.480247,
            49.207006
          ],
          [
            16.479993,
            49.207046
          ],
          [
            16.479778,
            49.20708
          ],
          [
            16.4795,
            49.207127
          ],
          [
            16.479319,
            49.207166
          ],
          [
            16.479148,
            49.207226
          ],
          [
            16.478961,
            49.207312
          ],
          [
            16.47875,
            49.207426
          ],
          [
            16.478565,
            49.207525
          ],
          [
            16.478372,
            49.207635
          ],
          [
            16.478124,
            49.207767
          ],
          [
            16.477807,
            49.207943
          ],
          [
            16.477509,
            49.208106
          ],
          [
            16.477403,
            49.208167
          ],
          [
            16.477391,
            49.208186
          ]
        ]
      },
      "properties": {
        "route_id": 11,
        "name": "Otevřená 20a (1.–5. ročník) → Home 6 (safe)",
        "type": "safe",
        "length_m": 1034.6,
        "hazard_count": 0,
        "cool_count": 0,
        "risk_score": 0,
        "shade_score": 0
      }
    },
    {
      "type": "Feature",
      "geometry": {
        "type": "LineString",
        "coordinates": [
          [
            16.488191,
            49.208695
          ],
          [
            16.487589,
            49.20879
          ],
          [
            16.487322,
            49.208834
          ],
          [
            16.487153,
            49.208862
          ],
          [
            16.486638,
            49.208942
          ],
          [
            16.486063,
            49.209035
          ],
          [
            16.485581,
            49.209109
          ],
          [
            16.485257,
            49.209165
          ],
          [
            16.485242,
            49.209165
          ],
          [
            16.485204,
            49.209156
          ],
          [
            16.485186,
            49.209132
          ],
          [
            16.485176,
            49.209099
          ],
          [
            16.485152,
            49.208993
          ],
          [
            16.485125,
            49.208825
          ],
          [
            16.485123,
            49.208675
          ],
          [
            16.485117,
            49.208636
          ],
          [
            16.485032,
            49.208631
          ],
          [
            16.485021,
            49.208621
          ],
          [
            16.485051,
            49.208429
          ],
          [
            16.485065,
            49.208325
          ],
          [
            16.485075,
            49.20825
          ],
          [
            16.485072,
            49.208196
          ],
          [
            16.48506,
            49.208126
          ],
          [
            16.485045,
            49.208083
          ],
          [
            16.484996,
            49.208021
          ],
          [
            16.484939,
            49.207954
          ],
          [
            16.484824,
            49.207866
          ],
          [
            16.484635,
            49.207706
          ],
          [
            16.484437,
            49.207524
          ],
          [
            16.484436,
            49.207523
          ],
          [
            16.484406,
            49.207455
          ],
          [
            16.484387,
            49.207415
          ],
          [
            16.484295,
            49.20734
          ],
          [
            16.484242,
            49.207287
          ],
          [
            16.484193,
            49.207232
          ],
          [
            16.484175,
            49.207226
          ],
          [
            16.484161,
            49.207224
          ],
          [
            16.484148,
            49.207225
          ],
          [
            16.484135,
            49.207225
          ],
          [
            16.484082,
            49.207248
          ],
          [
            16.483817,
            49.20736
          ],
          [
            16.483762,
            49.207383
          ],
          [
            16.483727,
            49.207401
          ],
          [
            16.483668,
            49.20738
          ],
          [
            16.483623,
            49.207363
          ],
          [
            16.483601,
            49.20736
          ],
          [
            16.483559,
            49.207281
          ],
          [
            16.483552,
            49.207267
          ],
          [
            16.483431,
            49.207234
          ],
          [
            16.483295,
            49.207189
          ],
          [
            16.483201,
            49.207157
          ],
          [
            16.483179,
            49.20715
          ],
          [
            16.483116,
            49.207116
          ],
          [
            16.483068,
            49.207087
          ],
          [
            16.482975,
            49.20702
          ],
          [
            16.482953,
            49.207006
          ],
          [
            16.482843,
            49.206949
          ],
          [
            16.482756,
            49.206909
          ],
          [
            16.482632,
            49.206867
          ],
          [
            16.482485,
            49.206824
          ],
          [
            16.482336,
            49.206798
          ],
          [
            16.482201,
            49.206789
          ],
          [
            16.481912,
            49.206774
          ],
          [
            16.481654,
            49.206782
          ],
          [
            16.481327,
            49.206806
          ],
          [
            16.481192,
            49.206825
          ],
          [
            16.481059,
            49.206843
          ],
          [
            16.480874,
            49.20688
          ],
          [
            16.480642,
            49.206929
          ],
          [
            16.480377,
            49.206983
          ],
          [
            16.480247,
            49.207006
          ],
          [
            16.479993,
            49.207046
          ],
          [
            16.479778,
            49.20708
          ],
          [
            16.4795,
            49.207127
          ],
          [
            16.479319,
            49.207166
          ],
          [
            16.479148,
            49.207226
          ],
          [
            16.478961,
            49.207312
          ],
          [
            16.47875,
            49.207426
          ],
          [
            16.478565,
            49.207525
          ],
          [
            16.478372,
            49.207635
          ],
          [
            16.478124,
            49.207767
          ],
          [
            16.477807,
            49.207943
          ],
          [
            16.477509,
            49.208106
          ],
          [
            16.477403,
            49.208167
          ],
          [
            16.477391,
            49.208186
          ]
        ]
      },
      "properties": {
        "route_id": 12,
        "name": "Otevřená 20a (1.–5. ročník) → Home 6 (cool)",
        "type": "cool",
        "length_m": 1034.6,
        "hazard_count": 0,
        "cool_count": 0,
        "risk_score": 0,
        "shade_score": 0
      }
    },
    {
      "type": "Feature",
      "geometry": {
        "type": "LineString",
        "coordinates": [
          [
            16.591284,
            49.179929
          ],
          [
            16.591309,
            49.17986
          ],
          [
            16.591311,
            49.179854
          ],
          [
            16.591308,
            49.179846
          ],
          [
            16.591293,
            49.179842
          ],
          [
            16.591106,
            49.179814
          ],
          [
            16.591091,
            49.179819
          ]
        ]
      },
      "properties": {
        "route_id": 13,
        "name": "Horní 16 → Home 7 (safe)",
        "type": "safe",
        "length_m": 25.8,
        "hazard_count": 0,
        "cool_count": 0,
        "risk_score": 0,
        "shade_score": 0
      }
    },
    {
      "type": "Feature",
      "geometry": {
        "type": "LineString",
        "coordinates": [
          [
            16.591284,
            49.179929
          ],
          [
            16.591309,
            49.17986
          ],
          [
            16.591311,
            49.179854
          ],
          [
            16.591308,
            49.179846
          ],
          [
            16.591293,
            49.179842
          ],
          [
            16.591106,
            49.179814
          ],
          [
            16.591091,
            49.179819
          ]
        ]
      },
      "properties": {
        "route_id": 14,
        "name": "Horní 16 → Home 7 (cool)",
        "type": "cool",
        "length_m": 25.8,
        "hazard_count": 0,
        "cool_count": 0,
        "risk_score": 0,
        "shade_score": 0
      }
    },
    {
      "type": "Feature",
      "geometry": {
        "type": "LineString",
        "coordinates": [
          [
            16.598168,
            49.205895
          ],
          [
            16.597506,
            49.205639
          ],
          [
            16.597448,
            49.20566
          ],
          [
            16.59735,
            49.205758
          ],
          [
            16.597327,
            49.205759
          ],
          [
            16.597271,
            49.205755
          ],
          [
            16.597236,
            49.205761
          ],
          [
            16.597122,
            49.205712
          ],
          [
            16.597095,
            49.205671
          ],
          [
            16.597079,
            49.205663
          ],
          [
            16.597071,
            49.205658
          ],
          [
            16.596932,
            49.205581
          ],
          [
            16.596173,
            49.205204
          ],
          [
            16.59533,
            49.204783
          ],
          [
            16.595281,
            49.204766
          ],
          [
            16.59526,
            49.204758
          ],
          [
            16.595239,
            49.204764
          ],
          [
            16.595175,
            49.204771
          ],
          [
            16.594991,
            49.204663
          ],
          [
            16.594965,
            49.204627
          ],
          [
            16.594897,
            49.204623
          ],
          [
            16.594836,
            49.204619
          ],
          [
            16.594568,
            49.204594
          ],
          [
            16.59448,
            49.204585
          ],
          [
            16.59424,
            49.20456
          ],
          [
            16.594239,
            49.20456
          ],
          [
            16.594211,
            49.204557
          ],
          [
            16.59418,
            49.204588
          ],
          [
            16.594129,
            49.204574
          ],
          [
            16.594103,
            49.20458
          ],
          [
            16.593932,
            49.204641
          ],
          [
            16.593886,
            49.204615
          ],
          [
            16.59386,
            49.204595
          ],
          [
            16.593818,
            49.204592
          ],
          [
            16.593762,
            49.204571
          ],
          [
            16.593737,
            49.204547
          ],
          [
            16.593687,
            49.204505
          ],
          [
            16.593696,
            49.204485
          ],
          [
            16.593708,
            49.204457
          ],
          [
            16.593696,
            49.204399
          ],
          [
            16.593691,
            49.204393
          ],
          [
            16.59369,
            49.204392
          ],
          [
            16.593537,
            49.204216
          ],
          [
            16.593361,
            49.204018
          ],
          [
            16.593254,
            49.203893
          ],
          [
            16.593189,
            49.203816
          ],
          [
            16.593178,
            49.203803
          ],
          [
            16.593126,
            49.203775
          ],
          [
            16.593121,
            49.203767
          ],
          [
            16.592996,
            49.203554
          ],
          [
            16.592978,
            49.20352
          ],
          [
            16.592926,
            49.203421
          ],
          [
            16.592861,
            49.203313
          ],
          [
            16.592716,
            49.202934
          ],
          [
            16.59264,
            49.202615
          ],
          [
            16.592622,
            49.202363
          ],
          [
            16.59264,
            49.202144
          ],
          [
            16.592651,
            49.202012
          ],
          [
            16.592666,
            49.20184
          ],
          [
            16.592757,
            49.201172
          ],
          [
            16.592822,
            49.200834
          ],
          [
            16.592906,
            49.200458
          ],
          [
            16.592912,
            49.200408
          ],
          [
            16.592894,
            49.200368
          ],
          [
            16.592897,
            49.200336
          ],
          [
            16.592919,
            49.20025
          ],
          [
            16.592939,
            49.20023
          ],
          [
            16.592991,
            49.200203
          ],
          [
            16.593165,
            49.199675
          ],
          [
            16.59331,
            49.199214
          ],
          [
            16.593343,
            49.199193
          ],
          [
            16.593316,
            49.199156
          ],
          [
            16.593341,
            49.199077
          ],
          [
            16.593372,
            49.199047
          ],
          [
            16.593498,
            49.198654
          ],
          [
            16.593533,
            49.198516
          ],
          [
            16.593526,
            49.198496
          ],
          [
            16.593502,
            49.198421
          ],
          [
            16.593415,
            49.198366
          ],
          [
            16.593439,
            49.198334
          ],
          [
            16.593439,
            49.198216
          ],
          [
            16.593437,
            49.198216
          ],
          [
            16.593439,
            49.198201
          ],
          [
            16.593534,
            49.1982
          ],
          [
            16.59357,
            49.198195
          ],
          [
            16.593599,
            49.198186
          ],
          [
            16.593615,
            49.198175
          ],
          [
            16.593643,
            49.198154
          ],
          [
            16.593644,
            49.198153
          ],
          [
            16.593656,
            49.198133
          ],
          [
            16.593702,
            49.197995
          ],
          [
            16.593712,
            49.197966
          ],
          [
            16.593746,
            49.197868
          ],
          [
            16.59379,
            49.197738
          ],
          [
            16.593832,
            49.197625
          ],
          [
            16.59387,
            49.19751
          ],
          [
            16.593919,
            49.19736
          ],
          [
            16.593951,
            49.197276
          ],
          [
            16.593968,
            49.197203
          ],
          [
            16.594,
            49.197195
          ],
          [
            16.594144,
            49.197217
          ],
          [
            16.594175,
            49.197195
          ],
          [
            16.594206,
            49.197157
          ],
          [
            16.594222,
            49.197104
          ],
          [
            16.594225,
            49.197093
          ],
          [
            16.59424,
            49.197056
          ],
          [
            16.594242,
            49.197051
          ],
          [
            16.594347,
            49.196758
          ],
          [
            16.594402,
            49.196608
          ],
          [
            16.594515,
            49.196311
          ],
          [
            16.594741,
            49.19571
          ],
          [
            16.594978,
            49.195077
          ],
          [
            16.594997,
            49.195026
          ],
          [
            16.595162,
            49.194585
          ],
          [
            16.595208,
            49.194462
          ],
          [
            16.595376,
            49.194007
          ],
          [
            16.595417,
            49.193891
          ],
          [
            16.595575,
            49.193463
          ],
          [
            16.595728,
            49.193048
          ],
          [
            16.595802,
            49.192827
          ],
          [
            16.595837,
            49.192742
          ],
          [
            16.595849,
            49.192712
          ],
          [
            16.595892,
            49.192711
          ],
          [
            16.595901,
            49.192711
          ],
          [
            16.59607,
            49.192713
          ],
          [
            16.596245,
            49.192717
          ],
          [
            16.596417,
            49.192721
          ],
          [
            16.596987,
            49.192736
          ],
          [
            16.597229,
            49.192742
          ],
          [
            16.597661,
            49.192751
          ],
          [
            16.597677,
            49.192748
          ],
          [
            16.5977,
            49.192713
          ],
          [
            16.597679,
            49.192672
          ],
          [
            16.597252,
            49.192664
          ],
          [
            16.596845,
            49.192654
          ],
          [
            16.596836,
            49.192654
          ],
          [
            16.596342,
            49.192644
          ],
          [
            16.595912,
            49.192632
          ],
          [
            16.595893,
            49.19263
          ],
          [
            16.595859,
            49.19262
          ],
          [
            16.595838,
            49.192601
          ],
          [
            16.595838,
            49.192466
          ],
          [
            16.595828,
            49.192065
          ],
          [
            16.595828,
            49.191904
          ],
          [
            16.59582,
            49.191691
          ],
          [
            16.59582,
            49.19169
          ],
          [
            16.595864,
            49.191648
          ],
          [
            16.595934,
            49.191626
          ],
          [
            16.595977,
            49.191602
          ],
          [
            16.596012,
            49.191513
          ],
          [
            16.596017,
            49.191501
          ],
          [
            16.5959,
            49.191481
          ],
          [
            16.595857,
            49.191473
          ],
          [
            16.595851,
            49.191468
          ],
          [
            16.595835,
            49.191456
          ],
          [
            16.59581,
            49.191427
          ],
          [
            16.595797,
            49.191243
          ],
          [
            16.595797,
            49.191214
          ],
          [
            16.595801,
            49.191177
          ],
          [
            16.595893,
            49.190951
          ],
          [
            16.595876,
            49.190952
          ],
          [
            16.595649,
            49.190909
          ],
          [
            16.595604,
            49.190908
          ],
          [
            16.595579,
            49.190917
          ],
          [
            16.595466,
            49.19078
          ],
          [
            16.595298,
            49.190578
          ],
          [
            16.595176,
            49.190431
          ],
          [
            16.595067,
            49.190362
          ],
          [
            16.59497,
            49.190334
          ],
          [
            16.594781,
            49.190296
          ],
          [
            16.594587,
            49.190257
          ],
          [
            16.594274,
            49.190197
          ],
          [
            16.594231,
            49.190189
          ],
          [
            16.594081,
            49.190152
          ],
          [
            16.593857,
            49.190108
          ],
          [
            16.593627,
            49.190063
          ],
          [
            16.59325,
            49.189989
          ],
          [
            16.593297,
            49.189972
          ],
          [
            16.593398,
            49.189933
          ],
          [
            16.593448,
            49.189921
          ],
          [
            16.593588,
            49.189914
          ],
          [
            16.593784,
            49.189914
          ],
          [
            16.593786,
            49.189897
          ],
          [
            16.593776,
            49.189863
          ],
          [
            16.593778,
            49.189841
          ],
          [
            16.593765,
            49.189785
          ],
          [
            16.593796,
            49.18976
          ],
          [
            16.59385,
            49.189712
          ],
          [
            16.593929,
            49.189619
          ],
          [
            16.594014,
            49.189518
          ],
          [
            16.594133,
            49.189343
          ],
          [
            16.594285,
            49.189111
          ],
          [
            16.594285,
            49.189051
          ],
          [
            16.594284,
            49.188947
          ],
          [
            16.59426,
            49.18885
          ],
          [
            16.594326,
            49.188838
          ],
          [
            16.594586,
            49.188742
          ],
          [
            16.594603,
            49.18873
          ],
          [
            16.59454,
            49.188686
          ],
          [
            16.594419,
            49.188547
          ],
          [
            16.594366,
            49.188487
          ],
          [
            16.594366,
            49.188486
          ],
          [
            16.594316,
            49.18843
          ],
          [
            16.594285,
            49.188361
          ],
          [
            16.59427,
            49.188298
          ],
          [
            16.594264,
            49.188274
          ],
          [
            16.594243,
            49.188093
          ],
          [
            16.594244,
            49.188084
          ],
          [
            16.594248,
            49.188017
          ],
          [
            16.594278,
            49.187863
          ],
          [
            16.594284,
            49.187833
          ],
          [
            16.594388,
            49.187649
          ],
          [
            16.59453,
            49.187513
          ],
          [
            16.594594,
            49.187457
          ],
          [
            16.594655,
            49.18742
          ],
          [
            16.594662,
            49.187416
          ],
          [
            16.594711,
            49.187386
          ],
          [
            16.594761,
            49.187374
          ],
          [
            16.594776,
            49.18736
          ],
          [
            16.59492,
            49.187295
          ],
          [
            16.594953,
            49.187282
          ],
          [
            16.595033,
            49.187252
          ],
          [
            16.595014,
            49.187238
          ],
          [
            16.594989,
            49.187217
          ],
          [
            16.594968,
            49.187193
          ],
          [
            16.594915,
            49.187163
          ],
          [
            16.594973,
            49.186921
          ],
          [
            16.594952,
            49.186917
          ],
          [
            16.594728,
            49.186872
          ],
          [
            16.594712,
            49.186831
          ],
          [
            16.594742,
            49.186708
          ],
          [
            16.594794,
            49.186702
          ],
          [
            16.594842,
            49.186676
          ],
          [
            16.595057,
            49.186707
          ],
          [
            16.595066,
            49.186707
          ],
          [
            16.59519,
            49.186716
          ],
          [
            16.595158,
            49.186706
          ],
          [
            16.595252,
            49.18641
          ],
          [
            16.595296,
            49.18627
          ],
          [
            16.595302,
            49.18625
          ],
          [
            16.595288,
            49.186207
          ],
          [
            16.59522,
            49.186206
          ],
          [
            16.595223,
            49.186164
          ],
          [
            16.595223,
            49.186153
          ],
          [
            16.595241,
            49.186086
          ],
          [
            16.595294,
            49.185853
          ],
          [
            16.595321,
            49.185678
          ],
          [
            16.595334,
            49.185565
          ],
          [
            16.595338,
            49.185485
          ],
          [
            16.595351,
            49.185301
          ],
          [
            16.595354,
            49.185274
          ],
          [
            16.595361,
            49.185204
          ],
          [
            16.595332,
            49.185047
          ],
          [
            16.595332,
            49.185002
          ],
          [
            16.595333,
            49.184932
          ],
          [
            16.595331,
            49.184883
          ],
          [
            16.595351,
            49.184857
          ],
          [
            16.595347,
            49.184837
          ],
          [
            16.59533,
            49.184758
          ],
          [
            16.595324,
            49.184721
          ],
          [
            16.595292,
            49.184526
          ],
          [
            16.595292,
            49.184524
          ],
          [
            16.595241,
            49.184236
          ],
          [
            16.595196,
            49.1839
          ],
          [
            16.595191,
            49.183864
          ],
          [
            16.595191,
            49.183863
          ],
          [
            16.595141,
            49.183551
          ],
          [
            16.595141,
            49.183549
          ],
          [
            16.595126,
            49.183414
          ],
          [
            16.595098,
            49.183269
          ],
          [
            16.595041,
            49.182934
          ],
          [
            16.595007,
            49.182721
          ],
          [
            16.595006,
            49.182716
          ],
          [
            16.595005,
            49.182693
          ],
          [
            16.59502,
            49.182662
          ],
          [
            16.59501,
            49.1826
          ],
          [
            16.595021,
            49.182568
          ],
          [
            16.594983,
            49.18255
          ],
          [
            16.594965,
            49.182431
          ],
          [
            16.594933,
            49.182435
          ],
          [
            16.594685,
            49.182452
          ],
          [
            16.59466,
            49.18242
          ],
          [
            16.594645,
            49.182351
          ],
          [
            16.594644,
            49.18234
          ],
          [
            16.594642,
            49.182324
          ],
          [
            16.594641,
            49.182318
          ],
          [
            16.594637,
            49.182286
          ],
          [
            16.594633,
            49.182262
          ],
          [
            16.594647,
            49.182261
          ],
          [
            16.594644,
            49.182245
          ],
          [
            16.594637,
            49.1822
          ],
          [
            16.594626,
            49.182103
          ],
          [
            16.594619,
            49.182057
          ],
          [
            16.594595,
            49.181903
          ],
          [
            16.594597,
            49.181861
          ],
          [
            16.5946,
            49.181787
          ],
          [
            16.594595,
            49.181703
          ],
          [
            16.594608,
            49.181516
          ],
          [
            16.594633,
            49.181399
          ],
          [
            16.594697,
            49.181104
          ],
          [
            16.594716,
            49.181104
          ],
          [
            16.594769,
            49.180878
          ],
          [
            16.59481,
            49.18069
          ],
          [
            16.594812,
            49.180679
          ],
          [
            16.595024,
            49.179802
          ],
          [
            16.595064,
            49.179635
          ],
          [
            16.595134,
            49.179343
          ],
          [
            16.595174,
            49.179197
          ],
          [
            16.595178,
            49.179182
          ],
          [
            16.595183,
            49.179165
          ],
          [
            16.595217,
            49.179042
          ],
          [
            16.595218,
            49.179033
          ],
          [
            16.59522,
            49.179013
          ],
          [
            16.595235,
            49.178986
          ],
          [
            16.595248,
            49.178921
          ],
          [
            16.595262,
            49.178885
          ],
          [
            16.595392,
            49.1784
          ],
          [
            16.595381,
            49.178378
          ],
          [
            16.595352,
            49.178348
          ],
          [
            16.595297,
            49.178282
          ],
          [
            16.595252,
            49.178221
          ],
          [
            16.595193,
            49.178114
          ],
          [
            16.595171,
            49.178054
          ],
          [
            16.595154,
            49.178
          ],
          [
            16.595167,
            49.177929
          ],
          [
            16.595174,
            49.177889
          ],
          [
            16.595202,
            49.17776
          ],
          [
            16.59522,
            49.177662
          ],
          [
            16.595243,
            49.177552
          ],
          [
            16.595257,
            49.177482
          ],
          [
            16.595256,
            49.177371
          ],
          [
            16.595253,
            49.177181
          ],
          [
            16.595297,
            49.177168
          ],
          [
            16.595349,
            49.177154
          ],
          [
            16.595364,
            49.177173
          ],
          [
            16.595431,
            49.177349
          ],
          [
            16.595456,
            49.177451
          ],
          [
            16.595468,
            49.177542
          ],
          [
            16.595505,
            49.177426
          ],
          [
            16.595615,
            49.177103
          ],
          [
            16.595727,
            49.176772
          ],
          [
            16.595966,
            49.176017
          ],
          [
            16.596105,
            49.175428
          ],
          [
            16.596113,
            49.175399
          ],
          [
            16.596273,
            49.174787
          ],
          [
            16.596529,
            49.173772
          ],
          [
            16.596665,
            49.173231
          ],
          [
            16.59674,
            49.172984
          ],
          [
            16.596836,
            49.172759
          ],
          [
            16.596893,
            49.17265
          ],
          [
            16.596935,
            49.172546
          ],
          [
            16.596996,
            49.172392
          ],
          [
            16.597085,
            49.17209
          ],
          [
            16.597227,
            49.171554
          ],
          [
            16.597307,
            49.171267
          ],
          [
            16.59734,
            49.17115
          ],
          [
            16.597381,
            49.170966
          ],
          [
            16.597476,
            49.170674
          ],
          [
            16.597638,
            49.170192
          ],
          [
            16.597756,
            49.169877
          ],
          [
            16.597941,
            49.169338
          ],
          [
            16.598321,
            49.168166
          ],
          [
            16.598527,
            49.167502
          ],
          [
            16.598607,
            49.167303
          ],
          [
            16.598695,
            49.167087
          ],
          [
            16.598759,
            49.166875
          ],
          [
            16.598774,
            49.1667
          ],
          [
            16.598869,
            49.165574
          ],
          [
            16.598922,
            49.164984
          ],
          [
            16.598971,
            49.16433
          ],
          [
            16.599114,
            49.162973
          ],
          [
            16.599119,
            49.162923
          ],
          [
            16.599129,
            49.162821
          ],
          [
            16.599136,
            49.162751
          ],
          [
            16.599152,
            49.1626
          ],
          [
            16.599191,
            49.162291
          ],
          [
            16.599231,
            49.16205
          ],
          [
            16.599387,
            49.161048
          ],
          [
            16.599571,
            49.159986
          ],
          [
            16.599602,
            49.159804
          ],
          [
            16.599968,
            49.157684
          ],
          [
            16.600004,
            49.157474
          ],
          [
            16.600013,
            49.157424
          ],
          [
            16.600019,
            49.15739
          ],
          [
            16.600321,
            49.155623
          ],
          [
            16.600378,
            49.155299
          ],
          [
            16.600709,
            49.153373
          ],
          [
            16.601044,
            49.151409
          ],
          [
            16.601369,
            49.149485
          ],
          [
            16.601582,
            49.148283
          ],
          [
            16.601936,
            49.146226
          ],
          [
            16.602145,
            49.145025
          ],
          [
            16.602311,
            49.144061
          ],
          [
            16.602496,
            49.14294
          ],
          [
            16.602854,
            49.140907
          ],
          [
            16.603199,
            49.138858
          ],
          [
            16.603416,
            49.137208
          ]
        ]
      },
      "properties": {
        "route_id": 15,
        "name": "Kotlářská 4 → Home 8 (safe)",
        "type": "safe",
        "length_m": 8684.4,
        "hazard_count": 0,
        "cool_count": 1,
        "risk_score": 0,
        "shade_score": 1
      }
    },
    {
      "type": "Feature",
      "geometry": {
        "type": "LineString",
        "coordinates": [
          [
            16.598168,
            49.205895
          ],
          [
            16.597506,
            49.205639
          ],
          [
            16.597448,
            49.20566
          ],
          [
            16.59735,
            49.205758
          ],
          [
            16.597327,
            49.205759
          ],
          [
            16.597271,
            49.205755
          ],
          [
            16.597236,
            49.205761
          ],
          [
            16.597122,
            49.205712
          ],
          [
            16.597095,
            49.205671
          ],
          [
            16.597079,
            49.205663
          ],
          [
            16.597071,
            49.205658
          ],
          [
            16.596932,
            49.205581
          ],
          [
            16.596173,
            49.205204
          ],
          [
            16.59533,
            49.204783
          ],
          [
            16.595281,
            49.204766
          ],
          [
            16.59526,
            49.204758
          ],
          [
            16.595239,
            49.204764
          ],
          [
            16.595175,
            49.204771
          ],
          [
            16.594991,
            49.204663
          ],
          [
            16.594965,
            49.204627
          ],
          [
            16.594897,
            49.204623
          ],
          [
            16.594836,
            49.204619
          ],
          [
            16.594568,
            49.204594
          ],
          [
            16.59448,
            49.204585
          ],
          [
            16.59424,
            49.20456
          ],
          [
            16.594239,
            49.20456
          ],
          [
            16.594211,
            49.204557
          ],
          [
            16.59418,
            49.204588
          ],
          [
            16.594129,
            49.204574
          ],
          [
            16.594103,
            49.20458
          ],
          [
            16.593932,
            49.204641
          ],
          [
            16.593886,
            49.204615
          ],
          [
            16.59386,
            49.204595
          ],
          [
            16.593818,
            49.204592
          ],
          [
            16.593762,
            49.204571
          ],
          [
            16.593737,
            49.204547
          ],
          [
            16.593687,
            49.204505
          ],
          [
            16.593696,
            49.204485
          ],
          [
            16.593708,
            49.204457
          ],
          [
            16.593696,
            49.204399
          ],
          [
            16.593691,
            49.204393
          ],
          [
            16.59369,
            49.204392
          ],
          [
            16.593537,
            49.204216
          ],
          [
            16.593361,
            49.204018
          ],
          [
            16.593254,
            49.203893
          ],
          [
            16.593189,
            49.203816
          ],
          [
            16.593178,
            49.203803
          ],
          [
            16.593126,
            49.203775
          ],
          [
            16.593121,
            49.203767
          ],
          [
            16.592996,
            49.203554
          ],
          [
            16.592978,
            49.20352
          ],
          [
            16.592926,
            49.203421
          ],
          [
            16.592861,
            49.203313
          ],
          [
            16.592716,
            49.202934
          ],
          [
            16.59264,
            49.202615
          ],
          [
            16.592622,
            49.202363
          ],
          [
            16.59264,
            49.202144
          ],
          [
            16.592651,
            49.202012
          ],
          [
            16.592666,
            49.20184
          ],
          [
            16.592757,
            49.201172
          ],
          [
            16.592822,
            49.200834
          ],
          [
            16.592906,
            49.200458
          ],
          [
            16.592912,
            49.200408
          ],
          [
            16.592894,
            49.200368
          ],
          [
            16.592897,
            49.200336
          ],
          [
            16.592919,
            49.20025
          ],
          [
            16.592939,
            49.20023
          ],
          [
            16.592991,
            49.200203
          ],
          [
            16.593165,
            49.199675
          ],
          [
            16.59331,
            49.199214
          ],
          [
            16.593343,
            49.199193
          ],
          [
            16.593316,
            49.199156
          ],
          [
            16.593341,
            49.199077
          ],
          [
            16.593372,
            49.199047
          ],
          [
            16.593498,
            49.198654
          ],
          [
            16.593533,
            49.198516
          ],
          [
            16.593526,
            49.198496
          ],
          [
            16.593502,
            49.198421
          ],
          [
            16.593415,
            49.198366
          ],
          [
            16.593439,
            49.198334
          ],
          [
            16.593439,
            49.198216
          ],
          [
            16.593437,
            49.198216
          ],
          [
            16.593439,
            49.198201
          ],
          [
            16.593534,
            49.1982
          ],
          [
            16.59357,
            49.198195
          ],
          [
            16.593599,
            49.198186
          ],
          [
            16.593615,
            49.198175
          ],
          [
            16.593643,
            49.198154
          ],
          [
            16.593644,
            49.198153
          ],
          [
            16.593656,
            49.198133
          ],
          [
            16.593702,
            49.197995
          ],
          [
            16.593712,
            49.197966
          ],
          [
            16.593746,
            49.197868
          ],
          [
            16.59379,
            49.197738
          ],
          [
            16.593832,
            49.197625
          ],
          [
            16.59387,
            49.19751
          ],
          [
            16.593919,
            49.19736
          ],
          [
            16.593951,
            49.197276
          ],
          [
            16.593968,
            49.197203
          ],
          [
            16.594,
            49.197195
          ],
          [
            16.594144,
            49.197217
          ],
          [
            16.594175,
            49.197195
          ],
          [
            16.594206,
            49.197157
          ],
          [
            16.594222,
            49.197104
          ],
          [
            16.594225,
            49.197093
          ],
          [
            16.59424,
            49.197056
          ],
          [
            16.594242,
            49.197051
          ],
          [
            16.594347,
            49.196758
          ],
          [
            16.594402,
            49.196608
          ],
          [
            16.594515,
            49.196311
          ],
          [
            16.594741,
            49.19571
          ],
          [
            16.594978,
            49.195077
          ],
          [
            16.594997,
            49.195026
          ],
          [
            16.595162,
            49.194585
          ],
          [
            16.595208,
            49.194462
          ],
          [
            16.595376,
            49.194007
          ],
          [
            16.595417,
            49.193891
          ],
          [
            16.595575,
            49.193463
          ],
          [
            16.595728,
            49.193048
          ],
          [
            16.595802,
            49.192827
          ],
          [
            16.595837,
            49.192742
          ],
          [
            16.595849,
            49.192712
          ],
          [
            16.595892,
            49.192711
          ],
          [
            16.595901,
            49.192711
          ],
          [
            16.59607,
            49.192713
          ],
          [
            16.596245,
            49.192717
          ],
          [
            16.596417,
            49.192721
          ],
          [
            16.596987,
            49.192736
          ],
          [
            16.597229,
            49.192742
          ],
          [
            16.597661,
            49.192751
          ],
          [
            16.597677,
            49.192748
          ],
          [
            16.5977,
            49.192713
          ],
          [
            16.597679,
            49.192672
          ],
          [
            16.597252,
            49.192664
          ],
          [
            16.596845,
            49.192654
          ],
          [
            16.596836,
            49.192654
          ],
          [
            16.596342,
            49.192644
          ],
          [
            16.595912,
            49.192632
          ],
          [
            16.595893,
            49.19263
          ],
          [
            16.595859,
            49.19262
          ],
          [
            16.595838,
            49.192601
          ],
          [
            16.595838,
            49.192466
          ],
          [
            16.595828,
            49.192065
          ],
          [
            16.595828,
            49.191904
          ],
          [
            16.59582,
            49.191691
          ],
          [
            16.59582,
            49.19169
          ],
          [
            16.595864,
            49.191648
          ],
          [
            16.595934,
            49.191626
          ],
          [
            16.595977,
            49.191602
          ],
          [
            16.596012,
            49.191513
          ],
          [
            16.596017,
            49.191501
          ],
          [
            16.5959,
            49.191481
          ],
          [
            16.595857,
            49.191473
          ],
          [
            16.595851,
            49.191468
          ],
          [
            16.595835,
            49.191456
          ],
          [
            16.59581,
            49.191427
          ],
          [
            16.595797,
            49.191243
          ],
          [
            16.595797,
            49.191214
          ],
          [
            16.595801,
            49.191177
          ],
          [
            16.595893,
            49.190951
          ],
          [
            16.595876,
            49.190952
          ],
          [
            16.595649,
            49.190909
          ],
          [
            16.595604,
            49.190908
          ],
          [
            16.595579,
            49.190917
          ],
          [
            16.595466,
            49.19078
          ],
          [
            16.595298,
            49.190578
          ],
          [
            16.595176,
            49.190431
          ],
          [
            16.595067,
            49.190362
          ],
          [
            16.59497,
            49.190334
          ],
          [
            16.594781,
            49.190296
          ],
          [
            16.594587,
            49.190257
          ],
          [
            16.594274,
            49.190197
          ],
          [
            16.594231,
            49.190189
          ],
          [
            16.594081,
            49.190152
          ],
          [
            16.593857,
            49.190108
          ],
          [
            16.593627,
            49.190063
          ],
          [
            16.59325,
            49.189989
          ],
          [
            16.593297,
            49.189972
          ],
          [
            16.593398,
            49.189933
          ],
          [
            16.593448,
            49.189921
          ],
          [
            16.593588,
            49.189914
          ],
          [
            16.593784,
            49.189914
          ],
          [
            16.593786,
            49.189897
          ],
          [
            16.593776,
            49.189863
          ],
          [
            16.593778,
            49.189841
          ],
          [
            16.593765,
            49.189785
          ],
          [
            16.593796,
            49.18976
          ],
          [
            16.59385,
            49.189712
          ],
          [
            16.593929,
            49.189619
          ],
          [
            16.594014,
            49.189518
          ],
          [
            16.594133,
            49.189343
          ],
          [
            16.594285,
            49.189111
          ],
          [
            16.594285,
            49.189051
          ],
          [
            16.594284,
            49.188947
          ],
          [
            16.59426,
            49.18885
          ],
          [
            16.594326,
            49.188838
          ],
          [
            16.594586,
            49.188742
          ],
          [
            16.594603,
            49.18873
          ],
          [
            16.59454,
            49.188686
          ],
          [
            16.594419,
            49.188547
          ],
          [
            16.594366,
            49.188487
          ],
          [
            16.594366,
            49.188486
          ],
          [
            16.594316,
            49.18843
          ],
          [
            16.594285,
            49.188361
          ],
          [
            16.59427,
            49.188298
          ],
          [
            16.594264,
            49.188274
          ],
          [
            16.594243,
            49.188093
          ],
          [
            16.594244,
            49.188084
          ],
          [
            16.594248,
            49.188017
          ],
          [
            16.594278,
            49.187863
          ],
          [
            16.594284,
            49.187833
          ],
          [
            16.594388,
            49.187649
          ],
          [
            16.59453,
            49.187513
          ],
          [
            16.594594,
            49.187457
          ],
          [
            16.594655,
            49.18742
          ],
          [
            16.594662,
            49.187416
          ],
          [
            16.594711,
            49.187386
          ],
          [
            16.594761,
            49.187374
          ],
          [
            16.594776,
            49.18736
          ],
          [
            16.59492,
            49.187295
          ],
          [
            16.594953,
            49.187282
          ],
          [
            16.595033,
            49.187252
          ],
          [
            16.595014,
            49.187238
          ],
          [
            16.594989,
            49.187217
          ],
          [
            16.594968,
            49.187193
          ],
          [
            16.594915,
            49.187163
          ],
          [
            16.594973,
            49.186921
          ],
          [
            16.594952,
            49.186917
          ],
          [
            16.594728,
            49.186872
          ],
          [
            16.594712,
            49.186831
          ],
          [
            16.594742,
            49.186708
          ],
          [
            16.594794,
            49.186702
          ],
          [
            16.594842,
            49.186676
          ],
          [
            16.595057,
            49.186707
          ],
          [
            16.595066,
            49.186707
          ],
          [
            16.59519,
            49.186716
          ],
          [
            16.595158,
            49.186706
          ],
          [
            16.595252,
            49.18641
          ],
          [
            16.595296,
            49.18627
          ],
          [
            16.595302,
            49.18625
          ],
          [
            16.595288,
            49.186207
          ],
          [
            16.59522,
            49.186206
          ],
          [
            16.595223,
            49.186164
          ],
          [
            16.595223,
            49.186153
          ],
          [
            16.595241,
            49.186086
          ],
          [
            16.595294,
            49.185853
          ],
          [
            16.595321,
            49.185678
          ],
          [
            16.595334,
            49.185565
          ],
          [
            16.595338,
            49.185485
          ],
          [
            16.595351,
            49.185301
          ],
          [
            16.595354,
            49.185274
          ],
          [
            16.595361,
            49.185204
          ],
          [
            16.595332,
            49.185047
          ],
          [
            16.595332,
            49.185002
          ],
          [
            16.595333,
            49.184932
          ],
          [
            16.595331,
            49.184883
          ],
          [
            16.595351,
            49.184857
          ],
          [
            16.595347,
            49.184837
          ],
          [
            16.59533,
            49.184758
          ],
          [
            16.595324,
            49.184721
          ],
          [
            16.595292,
            49.184526
          ],
          [
            16.595292,
            49.184524
          ],
          [
            16.595241,
            49.184236
          ],
          [
            16.595196,
            49.1839
          ],
          [
            16.595191,
            49.183864
          ],
          [
            16.595191,
            49.183863
          ],
          [
            16.595141,
            49.183551
          ],
          [
            16.595141,
            49.183549
          ],
          [
            16.595126,
            49.183414
          ],
          [
            16.595098,
            49.183269
          ],
          [
            16.595041,
            49.182934
          ],
          [
            16.595007,
            49.182721
          ],
          [
            16.595006,
            49.182716
          ],
          [
            16.595005,
            49.182693
          ],
          [
            16.59502,
            49.182662
          ],
          [
            16.59501,
            49.1826
          ],
          [
            16.595021,
            49.182568
          ],
          [
            16.594983,
            49.18255
          ],
          [
            16.594965,
            49.182431
          ],
          [
            16.594933,
            49.182435
          ],
          [
            16.594685,
            49.182452
          ],
          [
            16.59466,
            49.18242
          ],
          [
            16.594645,
            49.182351
          ],
          [
            16.594644,
            49.18234
          ],
          [
            16.594642,
            49.182324
          ],
          [
            16.594641,
            49.182318
          ],
          [
            16.594637,
            49.182286
          ],
          [
            16.594633,
            49.182262
          ],
          [
            16.594647,
            49.182261
          ],
          [
            16.594644,
            49.182245
          ],
          [
            16.594637,
            49.1822
          ],
          [
            16.594626,
            49.182103
          ],
          [
            16.594619,
            49.182057
          ],
          [
            16.594595,
            49.181903
          ],
          [
            16.594597,
            49.181861
          ],
          [
            16.5946,
            49.181787
          ],
          [
            16.594595,
            49.181703
          ],
          [
            16.594608,
            49.181516
          ],
          [
            16.594633,
            49.181399
          ],
          [
            16.594697,
            49.181104
          ],
          [
            16.594716,
            49.181104
          ],
          [
            16.594769,
            49.180878
          ],
          [
            16.59481,
            49.18069
          ],
          [
            16.594812,
            49.180679
          ],
          [
            16.595024,
            49.179802
          ],
          [
            16.595064,
            49.179635
          ],
          [
            16.595134,
            49.179343
          ],
          [
            16.595174,
            49.179197
          ],
          [
            16.595178,
            49.179182
          ],
          [
            16.595183,
            49.179165
          ],
          [
            16.595217,
            49.179042
          ],
          [
            16.595218,
            49.179033
          ],
          [
            16.59522,
            49.179013
          ],
          [
            16.595235,
            49.178986
          ],
          [
            16.595248,
            49.178921
          ],
          [
            16.595262,
            49.178885
          ],
          [
            16.595392,
            49.1784
          ],
          [
            16.595381,
            49.178378
          ],
          [
            16.595352,
            49.178348
          ],
          [
            16.595297,
            49.178282
          ],
          [
            16.595252,
            49.178221
          ],
          [
            16.595193,
            49.178114
          ],
          [
            16.595171,
            49.178054
          ],
          [
            16.595154,
            49.178
          ],
          [
            16.595167,
            49.177929
          ],
          [
            16.595174,
            49.177889
          ],
          [
            16.595202,
            49.17776
          ],
          [
            16.59522,
            49.177662
          ],
          [
            16.595243,
            49.177552
          ],
          [
            16.595257,
            49.177482
          ],
          [
            16.595256,
            49.177371
          ],
          [
            16.595253,
            49.177181
          ],
          [
            16.595297,
            49.177168
          ],
          [
            16.595349,
            49.177154
          ],
          [
            16.595364,
            49.177173
          ],
          [
            16.595431,
            49.177349
          ],
          [
            16.595456,
            49.177451
          ],
          [
            16.595468,
            49.177542
          ],
          [
            16.595505,
            49.177426
          ],
          [
            16.595615,
            49.177103
          ],
          [
            16.595727,
            49.176772
          ],
          [
            16.595966,
            49.176017
          ],
          [
            16.596105,
            49.175428
          ],
          [
            16.596113,
            49.175399
          ],
          [
            16.596273,
            49.174787
          ],
          [
            16.596529,
            49.173772
          ],
          [
            16.596665,
            49.173231
          ],
          [
            16.59674,
            49.172984
          ],
          [
            16.596836,
            49.172759
          ],
          [
            16.596893,
            49.17265
          ],
          [
            16.596935,
            49.172546
          ],
          [
            16.596996,
            49.172392
          ],
          [
            16.597085,
            49.17209
          ],
          [
            16.597227,
            49.171554
          ],
          [
            16.597307,
            49.171267
          ],
          [
            16.59734,
            49.17115
          ],
          [
            16.597381,
            49.170966
          ],
          [
            16.597476,
            49.170674
          ],
          [
            16.597638,
            49.170192
          ],
          [
            16.597756,
            49.169877
          ],
          [
            16.597941,
            49.169338
          ],
          [
            16.598321,
            49.168166
          ],
          [
            16.598527,
            49.167502
          ],
          [
            16.598607,
            49.167303
          ],
          [
            16.598695,
            49.167087
          ],
          [
            16.598759,
            49.166875
          ],
          [
            16.598774,
            49.1667
          ],
          [
            16.598869,
            49.165574
          ],
          [
            16.598922,
            49.164984
          ],
          [
            16.598971,
            49.16433
          ],
          [
            16.599114,
            49.162973
          ],
          [
            16.599119,
            49.162923
          ],
          [
            16.599129,
            49.162821
          ],
          [
            16.599136,
            49.162751
          ],
          [
            16.599152,
            49.1626
          ],
          [
            16.599191,
            49.162291
          ],
          [
            16.599231,
            49.16205
          ],
          [
            16.599387,
            49.161048
          ],
          [
            16.599571,
            49.159986
          ],
          [
            16.599602,
            49.159804
          ],
          [
            16.599968,
            49.157684
          ],
          [
            16.600004,
            49.157474
          ],
          [
            16.600013,
            49.157424
          ],
          [
            16.600019,
            49.15739
          ],
          [
            16.600321,
            49.155623
          ],
          [
            16.600378,
            49.155299
          ],
          [
            16.600709,
            49.153373
          ],
          [
            16.601044,
            49.151409
          ],
          [
            16.601369,
            49.149485
          ],
          [
            16.601582,
            49.148283
          ],
          [
            16.601936,
            49.146226
          ],
          [
            16.602145,
            49.145025
          ],
          [
            16.602311,
            49.144061
          ],
          [
            16.602496,
            49.14294
          ],
          [
            16.602854,
            49.140907
          ],
          [
            16.603199,
            49.138858
          ],
          [
            16.603416,
            49.137208
          ]
        ]
      },
      "properties": {
        "route_id": 16,
        "name": "Kotlářská 4 → Home 8 (cool)",
        "type": "cool",
        "length_m": 8684.4,
        "hazard_count": 0,
        "cool_count": 1,
        "risk_score": 0,
        "shade_score": 1
      }
    }
  ],
  "crs": {
    "type": "name",
    "properties": {
      "name": "EPSG:4326"
    }
  }
}